molecule_id,protein_family,MW,logP,HBD,HBA,TPSA,rotB,aromatic_rings,HOMO_eV,LUMO_eV,gap_eV,dipole_D,E_DFT_kcalmol,E_xTB_kcalmol,n_hbonds,n_hydrophobic,n_pi,n_salt_bridges,buried_SA_A2,pKd,Ro5_violations,Ro5_pass,delta_DFT_minus_xTB
MOL00000,ion_channel,475.78179148022315,1.1864009469574954,1,4,80.50189068704324,2,2,-6.006625332701951,-2.497927990225995,3.5086973424759558,2.0751341233402947,10.40180643209668,12.88534782074988,1,4,3,2,537.8065362102847,6.432925480458429,0,True,-2.483541388653199
MOL00001,ion_channel,401.6590608928193,2.0488009194673324,1,5,77.96742341190401,7,6,-7.049364181078592,-2.2688873927375575,4.780476788341034,3.337011987241754,14.189244206835577,16.68392600418579,3,3,5,0,478.1380708851083,7.1373251900091805,0,True,-2.4946817973502124
MOL00002,protease,458.33542852092523,2.527272310200305,2,4,88.61456063978919,6,5,-5.740382996947275,-3.4254744761068947,2.3149085208403806,2.4721910886443053,13.647758285858062,13.368778196360967,0,7,1,1,369.03237128120765,6.972043765982741,0,True,0.27898008949709485
MOL00003,kinase,548.8459239709307,4.237700340874425,1,5,71.42469785420583,5,1,-6.376746714081783,-2.404262254472769,3.9724844596090136,2.4617665383999503,12.637037405737756,15.509247901623041,1,6,0,1,358.24260879481227,7.545335633793542,1,False,-2.8722104958852857
MOL00004,nuclear_receptor,399.95673388300463,1.3903050933186434,4,7,71.77700445466266,8,3,-5.648413537351843,-2.0241588044849506,3.624254732866892,3.249996697819327,15.140611793819723,16.65244434722009,0,3,5,2,534.4726995056,6.309483877829742,0,True,-1.5118325534003674
MOL00005,protease,306.63152651028975,2.5144724483360763,3,7,101.18279143278689,6,4,-6.9412998295434996,-2.573393557193511,4.367906272349988,4.616572961974236,14.379245806740139,15.437874887141245,1,9,2,2,497.3436114622601,5.764143900146239,0,True,-1.058629080401106
MOL00006,protease,411.9534327346098,3.2314194352045935,2,5,86.82525722614314,4,4,-6.449758546523878,-2.5350818221873936,3.914676724336484,3.8558557268903093,12.958879815630084,12.627229593128622,1,8,5,2,636.3811332180467,8.245368820319534,0,True,0.33165022250146237
MOL00007,PPI,437.1906902521339,3.6506275941898276,2,1,6.387298440104306,2,4,-5.444607335371805,-1.5351592908941951,3.9094480444776103,0.45703087867617903,10.19725515043919,13.685064013618826,1,8,1,1,508.37386607644237,5.737185144368647,0,True,-3.4878088631796356
MOL00008,nuclear_receptor,248.80261131372737,4.828981383078062,2,9,115.99381138176463,2,0,-6.215579050705072,-2.6619978254413743,3.553581225263698,4.91634381531874,10.752360356734107,9.335421711876355,1,5,0,2,256.13885741389095,6.705274645687404,0,True,1.4169386448577512
MOL00009,ion_channel,395.3582759795626,1.0412509062808728,2,4,63.75263533987487,5,1,-6.057306712972337,-2.8679721835873107,3.189334529385026,2.119874361424034,10.828438882156686,10.579089026582363,2,6,1,1,481.0631928379075,5.542029842068049,0,True,0.249349855574323
MOL00010,GPCR,405.16208727332787,0.7756464477470446,4,4,70.93668984755328,1,3,-5.85094360306284,-2.604145551106553,3.2467980519562865,2.940426528065839,11.91572035502811,14.160998393451985,1,5,3,1,518.083064808168,4.933577713220169,0,True,-2.2452780384238746
MOL00011,kinase,376.33301024177774,1.3922650420588867,2,3,60.1060794132524,6,1,-6.400169802996624,-1.8491140296075739,4.55105577338905,2.6778972120617865,10.494168736172425,12.59891642913718,3,5,1,2,479.2418532034571,6.666642487069132,0,True,-2.1047476929647555
MOL00012,other,384.4954351479771,2.734433438760303,5,1,39.604750874847774,3,1,-6.093693883869472,-1.9192861225472657,4.174407761322206,2.592045758236038,8.99439755291518,9.283391829597575,2,4,0,1,428.4229002232024,7.339834980314826,0,True,-0.28899427668239497
MOL00013,epigenetic,341.87628493148793,1.025583328866637,0,10,97.05097022634334,7,1,-7.067356148510174,-2.092251949900193,4.975104198609982,4.4864054674066605,11.054837379279869,12.979084602094192,2,6,0,1,310.6153086720059,6.046545629451589,0,True,-1.9242472228143228
MOL00014,nuclear_receptor,355.9837047650478,3.6011725304694893,1,7,50.384231589504566,5,3,-5.793682590860156,-2.371327862175411,3.422354728684745,2.9818090179225236,10.674970680368562,12.603128395630549,2,7,5,0,482.5952407056501,6.1527625846041625,0,True,-1.928157715261987
MOL00015,GPCR,379.6766025973848,-0.3114362795195853,2,4,44.879802067187924,7,4,-6.264213957732219,-2.199358077143221,4.064855880588998,2.3285246030941527,12.82821410108269,14.414347903407974,0,5,4,0,504.3099190284766,6.4137961391958855,0,True,-1.5861338023252838
MOL00016,protease,257.57929676785227,2.22903098434904,1,9,71.75801788805148,8,0,-6.003593189175114,-1.9439338198688474,4.059659369306267,3.0854523760014434,9.285761547105666,6.7130145280419775,2,1,0,2,220.7707487735418,5.088254901819702,0,True,2.572747019063689
MOL00017,other,445.73949115870005,2.617745840094259,2,6,83.1025044337134,2,4,-6.013988507281852,-1.8891513000253326,4.12483720725652,4.1158595280530905,13.13009494313817,16.846985555393196,2,7,4,1,558.0336885110712,8.183288427468426,0,True,-3.7168906122550265
MOL00018,kinase,339.1879736171403,3.3376699307779503,1,10,108.61573167406291,6,2,-7.074403425800072,-2.374447365932987,4.699956059867085,3.2037704166126266,11.305397498002023,14.439810939197928,3,3,2,1,405.7192666246017,7.657537994565331,0,True,-3.134413441195905
MOL00019,GPCR,285.60730086178336,2.9483594315429102,3,3,63.50246884964717,8,2,-5.792922331615316,-2.1656351977366444,3.627287133878671,1.6000041174988802,10.392039510738025,10.028254481334589,1,4,4,1,387.7706414940382,5.566295474222025,0,True,0.36378502940343616
MOL00020,protease,279.39389323198594,2.601473425526921,1,2,29.93021541683648,7,4,-5.727283843064337,-2.4951670278109632,3.232116815253374,1.2919920765388475,10.049936504160831,12.487507444819107,0,9,2,1,343.1661077628007,6.2391689566143,0,True,-2.4375709406582757
MOL00021,ion_channel,480.87072841628446,-0.31580820491180894,1,9,118.38891470161947,10,3,-6.497085475748219,-4.336783524720178,2.160301951028041,4.396391430615483,17.07460275249988,17.573984117264892,3,3,2,2,355.04228202358667,7.486486778700401,0,True,-0.4993813647650107
MOL00022,protease,389.22119652556125,3.1726253084506943,4,4,61.14501255731021,4,2,-5.624658158066253,-2.330028631080499,3.2946295269857537,3.359814902084114,12.63678102761432,9.476064871007697,2,7,0,0,501.34828450113775,8.360224597188283,0,True,3.1607161566066235
MOL00023,GPCR,224.2876992491592,1.5321034783562468,3,0,35.927236376174925,4,3,-6.082947459120736,-1.501349741170206,4.58159771795053,2.6301322413790666,7.986275766825027,9.091793037474792,0,2,1,2,258.6392867519811,5.9743947387049685,0,True,-1.1055172706497656
MOL00024,nuclear_receptor,307.7380346206838,5.1954555287196325,1,4,58.711144240455184,4,1,-5.567860802082173,-1.6609894123853735,3.906871389696799,2.864401601706584,10.02887342356327,9.08801289635132,2,8,2,1,405.89564970307185,5.192742562561804,1,False,0.9408605272119512
MOL00025,protease,243.6095860959054,0.5028094061053179,1,9,119.61905030370968,2,2,-6.888242128018714,-3.157885472003266,3.7303566560154477,4.492592852264579,10.078720864406808,11.282734364428745,1,5,1,2,427.02857039506176,7.44960435078107,0,True,-1.2040135000219365
MOL00026,kinase,269.7994186141727,2.2053849920075512,1,5,85.58493192693511,6,3,-6.193833726831171,-2.6143561966122544,3.5794775302189166,2.8974970837770524,9.509494753764896,11.431816774827432,1,3,2,1,339.6015516048216,6.960465622080244,0,True,-1.922322021062536
MOL00027,GPCR,392.3094118182982,3.020685257671206,1,6,68.55161772700326,7,1,-5.07823066054085,-2.0493285424228476,3.0289021181180025,1.7480450890140498,11.584516213723905,13.196954826174105,3,3,0,0,388.41149996143247,6.583560704407855,0,True,-1.6124386124502
MOL00028,kinase,432.7892603038879,3.490462370505823,2,7,82.68070487442999,1,4,-5.902257465138512,-2.0356312618159746,3.8666262033225376,3.1875624266457976,11.272441540549227,12.08910557179068,2,6,1,0,390.8491016246927,5.910916415240007,0,True,-0.8166640312414533
MOL00029,kinase,442.8292850812228,1.9826781591871294,0,6,74.4068707633807,3,4,-6.141644673368465,-1.9510964726804978,4.190548200687967,3.0902291260305113,11.875437203541573,14.682565144567134,0,5,4,0,475.2359470294392,7.045218058051022,0,True,-2.807127941025561
MOL00030,kinase,336.76486169893246,3.8981098951762543,2,3,67.64064597951418,6,4,-6.33571542366458,-1.5364040347773709,4.79931138888721,2.149159858173641,11.263544607038085,14.228737955747777,1,5,3,1,436.75967990544785,8.527797312063933,0,True,-2.9651933487096915
MOL00031,nuclear_receptor,334.0573796815918,1.9992320491169324,1,5,61.00386382852481,4,3,-6.222515066718255,-2.381049092179428,3.8414659745388273,3.5737937357882084,10.97375224042675,11.98311324944271,1,3,0,1,328.99404698032015,7.183312086478734,0,True,-1.0093610090159597
MOL00032,epigenetic,263.05428314703624,2.3791194596457625,2,2,64.15514553788776,1,2,-6.129334521825837,-1.2916037862895307,4.837730735536306,2.9904796949411456,7.485163849982553,6.188377104760632,0,3,0,1,283.94126913338806,6.707581815851996,0,True,1.2967867452219206
MOL00033,GPCR,410.072474556418,1.760625875845828,1,5,60.95861677234557,2,2,-6.702615853301167,-1.1666773142909608,5.535938539010207,2.647727765151194,10.176991629212848,10.998878701230277,2,4,3,0,404.0384004165049,6.7482941785446044,0,True,-0.8218870720174287
MOL00034,nuclear_receptor,226.9334556555405,3.700576108140793,0,7,67.63210455548659,9,4,-6.329485538197921,-2.3427442442242636,3.9867412939736573,3.137263795091811,10.718666996569086,13.7364746362443,1,6,6,1,577.938972894445,9.685751616642577,0,True,-3.0178076396752136
MOL00035,nuclear_receptor,361.17163165272257,3.673048899444705,1,8,100.1303268149339,3,3,-6.400337933411192,-2.443995213520937,3.956342719890255,4.4937367469836556,12.823051818996454,15.050872068449634,0,7,3,1,449.9149562141242,5.711848815813906,0,True,-2.2278202494531794
MOL00036,kinase,391.35819809679583,4.135109627439017,0,8,91.62838135892213,2,2,-6.75805372193568,-1.9516225819648192,4.8064311399708615,4.210715894776234,10.834012498239213,8.93290138532728,1,7,1,1,503.3510633419588,5.575035477866331,0,True,1.9011111129119325
MOL00037,epigenetic,207.063074012702,2.849531974038487,3,6,80.96673521111634,4,1,-6.214817813001486,-1.5183476730602263,4.696470139941259,3.4801199705299486,10.44264500203446,10.806234404424114,8,5,0,0,384.17845156322704,8.283545931965433,0,True,-0.3635894023896533
MOL00038,ion_channel,488.0497746798061,1.2728574964225414,2,7,82.03701578986923,7,1,-6.620567783630887,-1.6619570693634433,4.958610714267444,3.764434631085279,14.177630519127733,13.988021167093436,1,2,1,1,372.8344902351527,4.9264403616834525,0,True,0.18960935203429763
MOL00039,GPCR,207.54518083459675,1.811307267822114,0,5,70.97816919394705,6,3,-5.797346456648455,-2.003319951496103,3.794026505152352,3.4172356084491713,9.32039901797687,10.281286908503812,1,7,6,2,546.339477638531,7.708502087731411,0,True,-0.9608878905269425
MOL00040,nuclear_receptor,382.3711430928913,2.5444467593201097,1,3,37.796585014225975,5,3,-5.719052882666734,-1.2090330548606971,4.510019827806037,1.5381000129890547,10.57707271432257,14.681713315902426,1,7,2,1,430.0754021921795,8.019507591046244,0,True,-4.104640601579856
MOL00041,nuclear_receptor,408.81146167608387,0.8966558352815028,1,5,61.51122649535229,6,1,-6.820602556284937,-2.6133208585730183,4.2072816977119185,4.368276019299425,12.327398136331324,11.940444525459565,0,5,3,1,408.1257828263491,7.142766545912324,0,True,0.3869536108717586
MOL00042,kinase,361.67201244574403,2.3352017417326514,1,7,109.62033043880561,3,1,-5.792316916088618,-2.3396201958326706,3.4526967202559473,4.312998935879942,10.86759666270467,11.188626520629336,0,7,0,0,390.91349132511317,6.210514706770633,0,True,-0.32102985792466576
MOL00043,epigenetic,340.94269990257095,-0.17526996938835282,2,4,39.94802631249096,6,0,-6.564139123445714,-1.102252932261515,5.461886191184199,2.126051690625262,9.082502752974383,8.532273004236972,0,2,0,1,233.10235639335218,4.26007960476347,0,True,0.5502297487374115
MOL00044,protease,413.0261844713168,3.414704271691358,1,3,21.76544103852693,7,0,-6.401136530404509,-1.2074002303315283,5.193736300072981,1.6614559345271829,10.541820185259807,11.80286084214081,1,7,0,0,363.1363377486876,5.486690716336985,0,True,-1.2610406568810024
MOL00045,epigenetic,223.03652091649772,3.661677356864236,1,5,77.82067890915212,2,0,-6.29704388584157,-1.2230134445123078,5.0740304413292625,3.152246819695781,7.362141784181281,7.8104494474006945,0,7,0,0,311.0914281683584,4.115207482539027,0,True,-0.4483076632194134
MOL00046,nuclear_receptor,402.7049683330045,3.8301261329424436,3,6,99.08852604005378,5,2,-5.972419623373097,-2.1397495483716926,3.832670075001404,3.935541901998189,13.329608460024787,10.784909439415532,0,8,1,0,353.7215951326311,6.70238502620966,0,True,2.5446990206092543
MOL00047,other,350.3085578681958,1.7462116943326467,2,5,73.78198893718293,4,2,-6.618853497440362,-2.0857403135862107,4.533113183854152,4.036581775167946,12.061870608916267,14.257172352171434,0,8,1,2,395.6918642754719,6.715106600242621,0,True,-2.1953017432551665
MOL00048,other,400.49138576626626,4.010365334756339,1,7,90.30006058488311,7,2,-5.997825997953199,-2.2707174570761546,3.7271085408770444,4.411392262113078,13.893386912120809,14.103553782425,3,6,2,0,543.4710268206667,6.608352813423247,0,True,-0.21016687030419057
MOL00049,GPCR,563.5340920853864,4.461073180169693,2,2,81.29288904465233,2,0,-5.62619551972069,-2.0499027205336917,3.576292799186998,1.8409667628756656,10.813113180984397,13.570226927058595,0,8,1,2,384.520263954426,7.073528269974003,1,False,-2.7571137460741983
MOL00050,kinase,206.80158419266238,2.362583930252452,1,4,46.49435295582943,2,1,-6.9919103045237225,-1.5771283769884674,5.414781927535255,2.0287290233734927,6.292791365994499,4.173901549178653,2,7,0,1,437.2834674546203,6.804458592454041,0,True,2.1188898168158463
MOL00051,GPCR,168.0454499638825,2.5109903302841032,0,6,75.40986918231214,1,4,-6.594481978914139,-2.6089404166291428,3.9855415622849963,3.2683571408502567,8.42448318409177,11.732919807962467,1,9,3,2,364.2054906082898,7.24850131371359,0,True,-3.3084366238706977
MOL00052,epigenetic,514.8592517334827,1.1458374990890114,1,6,68.4041752610351,5,2,-6.437480646259928,-1.96917897247927,4.468301673780658,3.050399733134185,12.495178180264906,15.035826052268114,1,5,4,2,448.05574162436943,8.436469901110469,1,False,-2.5406478720032073
MOL00053,kinase,265.4574842772477,2.700512283489661,1,10,107.49421853897928,5,0,-6.048870783732181,-2.0309688201719096,4.017901963560272,4.734734168643283,10.604712719626788,11.299482460957378,3,5,0,2,349.80385930953594,6.257602097058244,0,True,-0.6947697413305907
MOL00054,protease,515.5825428435992,5.2812342622862865,1,10,110.7823173917496,2,4,-6.246715641992104,-2.1807893028297403,4.065926339162363,4.5262917519862675,15.02432258967202,19.340424363361226,2,4,4,0,424.5595141838257,7.65474602779579,2,False,-4.316101773689207
MOL00055,epigenetic,223.8433187564151,2.7432990085368902,1,5,55.81874087530874,4,1,-5.968654646462269,-1.9018243716940422,4.066830274768227,2.787258309904874,8.375491694537988,10.602598045270355,0,7,1,2,382.57456436084595,6.8360783222322254,0,True,-2.2271063507323667
MOL00056,kinase,556.0170298826018,4.728307611894239,1,4,51.61097283483711,5,2,-5.966749342446755,-2.6075280230006936,3.359221319446061,2.0439886589937575,13.069572628995896,17.139400131900324,0,8,3,1,460.9960657081051,5.681742199477256,1,False,-4.0698275029044275
MOL00057,GPCR,662.6331359567232,2.5684426526331934,3,4,56.67775604188719,3,2,-6.961229735877561,-3.0331176673777285,3.9281120684998325,2.2491302642125497,14.357616504190377,17.294262069331225,0,6,2,2,330.542453958141,5.669923690340909,1,False,-2.9366455651408483
MOL00058,GPCR,325.37209676439204,3.4432872762259934,1,1,22.281670322377792,5,1,-6.069384770966196,-1.4551396604039628,4.6142451105622335,2.030497406285292,8.710769051871692,8.5579364191491,0,6,0,1,337.3845318120287,4.389528377585229,0,True,0.15283263272259262
MOL00059,GPCR,488.41971003740565,3.8801263652897395,1,5,65.78977921721899,5,0,-5.89175986672659,-1.8160913162174395,4.07566855050915,2.3442749818964836,11.598622686477528,11.744862580191754,0,5,0,1,293.8739598644382,5.636385891727345,0,True,-0.14623989371422574
MOL00060,nuclear_receptor,374.62357406570754,2.3306164573284973,3,8,107.09013316048187,7,2,-6.931661457367616,-1.7398109969365256,5.19185046043109,4.222813694982463,13.040934774201554,13.825918400787735,0,6,4,2,391.4988097218684,5.894350919901518,0,True,-0.7849836265861807
MOL00061,protease,296.8277393511194,3.4396632201163597,1,3,27.038579227715847,2,1,-6.595166544117116,-1.9041163246235726,4.691050219493543,2.750905391280545,8.107152232291838,12.013919829206582,0,5,0,1,368.48058536137694,5.616853513493107,0,True,-3.9067675969147437
MOL00062,other,310.9346029596717,3.7543472006212255,1,5,66.42635505700235,7,3,-6.929554712082258,-1.6406674855060728,5.288887226576184,2.0503163800871027,10.57322636620046,15.290486878277099,0,6,2,1,373.29029018456083,6.374657951025604,0,True,-4.717260512076638
MOL00063,kinase,257.3436911187763,2.7878699030163183,2,2,76.65797799493627,5,2,-6.506618926312275,-1.7461679560598562,4.760450970252419,1.9777448339352428,9.45735794442693,9.625447937264061,0,7,0,1,273.01801416119287,6.3702844181059435,0,True,-0.16808999283713177
MOL00064,GPCR,376.3043134663513,1.8345726266775286,1,4,49.33154404188953,3,3,-6.542620745402325,-1.9324526500820403,4.610168095320285,2.6005927068217165,10.098396209476398,14.481000797202297,1,5,3,1,346.5726062499196,7.124086127426192,0,True,-4.382604587725899
MOL00065,kinase,266.754029913899,0.5759335109237496,2,7,103.78495681444488,3,2,-6.365765017184912,-2.153979095492451,4.211785921692461,3.187466996439293,9.986224867532865,11.15637289991874,2,3,0,1,348.92392959484175,7.246896721668184,0,True,-1.1701480323858746
MOL00066,epigenetic,471.0715701763253,3.34294947585487,0,5,72.81014656783931,3,0,-5.568269129539665,-1.7283729810187067,3.8398961485209586,4.937543345829451,12.33867835852987,13.796874740173042,1,4,0,0,397.4294862086712,5.798577283529413,0,True,-1.4581963816431713
MOL00067,GPCR,374.27958941144107,1.4069007466628272,2,4,29.212510134423425,4,1,-6.590201282310823,-1.9483354790373477,4.641865803273475,1.6828833748870902,9.381136473251342,11.852826410236537,3,1,1,2,346.55805178985923,6.311302678116866,0,True,-2.471689936985195
MOL00068,GPCR,239.91825381452094,1.209893396393391,1,4,44.15948753885306,9,0,-6.251214492348064,-0.650160158076616,5.601054334271447,1.947188133531898,8.68928366302907,7.442499996709518,2,7,0,2,452.3385767338919,7.422885355218235,0,True,1.2467836663195513
MOL00069,kinase,253.76212403334483,1.5677728600013594,1,4,44.32831159858044,10,0,-7.090061276999293,-1.3645837409192558,5.725477536080037,4.251283700960746,10.976682208994076,13.126813188335845,2,2,0,1,339.08539179627616,4.755497910450524,0,True,-2.1501309793417693
MOL00070,epigenetic,466.3532733311282,1.368795721036367,4,7,71.96442904640716,4,2,-6.634371045743487,-1.9806757110936852,4.653695334649802,2.8564849620378023,13.559378986643857,19.209680884794917,2,4,1,0,295.66503907738195,6.7218653187532995,0,True,-5.65030189815106
MOL00071,ion_channel,445.3685492396861,1.595026438784344,1,5,88.5993768506786,8,1,-5.798818771579711,-1.780762026259255,4.018056745320456,3.2012913108232164,12.504804713967511,14.484408698525533,1,0,1,0,255.66719689064598,6.44044558884696,0,True,-1.9796039845580218
MOL00072,kinase,401.60660353190906,1.741789335339857,1,5,81.51493434430485,6,2,-6.213035215377424,-2.045508911753061,4.1675263036243635,3.774929599559162,12.164969223592662,14.32867104072864,2,9,0,1,407.87056939538223,6.082257647349931,0,True,-2.163701817135978
MOL00073,epigenetic,415.2909687396962,3.211899263217406,2,5,97.38225807201873,6,1,-6.735508489762879,-2.577796000060133,4.157712489702746,2.996294067817465,11.501496603418287,12.972689968480339,3,10,2,1,472.47156919930444,6.452581792413346,0,True,-1.4711933650620512
MOL00074,ion_channel,367.30727343450695,4.457895326374104,2,7,66.61829144581485,6,0,-6.096724855480747,-1.8398591404532345,4.256865715027512,2.498166052091277,11.218422161110457,13.191482726450166,1,5,0,1,410.23177717679283,6.156075912103149,0,True,-1.9730605653397095
MOL00075,epigenetic,523.5848933882539,4.500900693139186,0,5,41.48319103373372,4,3,-6.495089195059106,-1.692579580975671,4.802509614083435,1.5660258357224925,11.16898294967147,15.651062126719289,0,6,1,2,422.31438049285134,8.756467625051599,1,False,-4.482079177047819
MOL00076,protease,316.0875215403709,3.7849061744877863,2,6,74.23851756344366,2,3,-5.867892501486284,-2.274238222340088,3.593654279146196,1.5490972025317273,9.61119343694934,10.433317189650449,0,10,2,1,469.8914195663611,7.4763550431707335,0,True,-0.822123752701108
MOL00077,protease,377.4017681824657,1.3737594651298894,1,6,58.39338502013307,8,3,-6.387399617918929,-1.8680127001017364,4.519386917817192,2.653069817833715,11.717196785259091,13.042748580332155,0,2,2,1,337.73287177539004,6.0575195871809395,0,True,-1.3255517950730642
MOL00078,kinase,516.0921737108281,2.672864707981479,0,7,96.63193917029,5,3,-7.043949204980419,-3.1303836464317327,3.913565558548686,3.9564265822798896,13.724866676279921,14.721532206167675,1,4,4,1,404.9943137409828,8.342616651423967,1,False,-0.9966655298877534
MOL00079,ion_channel,171.99439581891784,-0.7424502940459736,1,5,66.27677053467906,6,2,-6.819073636103736,-2.5529058574440238,4.266167778659712,3.0113763402669314,9.059892573011712,12.299288515331433,0,2,1,2,395.0927231038603,6.461876486906237,0,True,-3.239395942319721
MOL00080,protease,415.7844154503395,5.324383330417205,1,1,46.676517194904086,8,1,-5.591547537622551,-2.0375442547047045,3.5540032829178467,0.4819041266279923,11.43674335795617,13.963457839394758,3,10,1,1,505.53361610678473,6.287694840575424,1,False,-2.5267144814385887
MOL00081,kinase,300.8352438190886,3.187023925881658,1,5,80.10369504775034,7,1,-5.69711856447701,-1.8403981447404343,3.8567204197365754,3.5572988904289513,11.251859276660296,11.975591308089852,1,8,0,2,485.38613537437016,7.879280433661903,0,True,-0.7237320314295559
MOL00082,protease,348.9806180015159,2.409304615168723,2,9,124.57946158320055,6,6,-6.8012355016282635,-3.6488414560448734,3.15239404558339,4.928542581210461,16.050421305031367,14.995127420237695,5,5,4,2,456.99421757963984,8.93977716555979,0,True,1.055293884793672
MOL00083,protease,333.7464465189726,3.6615260558987894,2,2,55.182142519896885,3,2,-6.239267574469375,-2.1740739267974094,4.065193647671966,2.07338247879533,9.056140901723873,9.765678160899341,0,7,1,1,549.618126050299,6.94005491341632,0,True,-0.7095372591754678
MOL00084,GPCR,232.54647784127835,0.8245803510096463,2,5,87.58148099032067,7,3,-6.334033122602989,-1.9791352049794146,4.354897917623575,3.0182982809196144,10.357987653359526,8.902185009649394,2,0,2,1,373.50973384908116,5.631977018303411,0,True,1.4558026437101326
MOL00085,epigenetic,392.95605150613363,2.6323179643910604,2,7,92.35742246507196,7,4,-5.962836395668693,-1.7380481993232988,4.2247881963453935,3.2838618426640376,13.966714244968447,14.712059627056863,2,6,4,0,519.4340359048434,7.849378575822605,0,True,-0.7453453820884164
MOL00086,nuclear_receptor,316.33593445162364,1.2632525392507004,0,3,46.22531932614233,4,1,-5.9998822968487495,-2.069034117459861,3.9308481793888883,2.35662405462788,8.484992715954869,7.9070857567293125,2,1,0,2,240.57119915977916,5.653028469457505,0,True,0.5779069592255563
MOL00087,protease,224.4658280758561,0.8427836965142836,1,4,40.21244876147503,7,1,-6.3817970492012925,-1.957548966590472,4.424248082610821,3.109456243506524,9.078234839076735,8.658132154780509,2,3,0,0,434.98000780807695,6.668521708897739,0,True,0.42010268429622677
MOL00088,PPI,193.25487297205535,3.3821559805726498,3,4,57.51761105568188,7,3,-6.340287206781066,-1.144621584901445,5.1956656218796216,1.8514343957292367,9.689990701230505,13.686088471251107,3,7,1,1,557.0238634848354,5.836458776833177,0,True,-3.9960977700206026
MOL00089,protease,400.56014575588017,2.2646889500768697,3,5,88.55890868448233,5,2,-6.068464739431269,-2.2271422161274415,3.8413225233038273,4.433762436230817,12.913794543156913,14.06667759373857,3,1,2,1,395.12813167796264,6.498352974489319,0,True,-1.1528830505816572
MOL00090,other,501.506475194762,1.8433825033524216,0,5,39.972213247074855,2,3,-6.586784019895487,-2.4199047829210123,4.1668792369744745,2.570039457080448,11.096008086624359,15.594907275013817,0,4,2,0,437.2659886445355,6.308868121547824,1,False,-4.4988991883894585
MOL00091,other,315.07424777546413,3.392061399527797,0,8,100.7751540772038,5,4,-6.416899346303143,-2.6631535108550803,3.753745835448063,3.4557486978691396,10.787350387957058,13.306976460020895,0,7,4,1,586.2883534694039,7.48732176523873,0,True,-2.5196260720638364
MOL00092,ion_channel,235.42170703478172,3.5042329959491028,1,10,143.85162196309892,10,7,-6.026783397625675,-4.169626028757009,1.8571573688686653,4.56802632839697,16.035437361729937,16.21381645488494,1,9,3,2,516.9998806027451,7.949010275131596,0,True,-0.1783790931550051
MOL00093,GPCR,538.1141824951904,4.882827480926608,2,1,29.50171383345813,10,2,-5.7874929725526165,-1.1485296788543933,4.6389632936982235,1.8188224349090016,13.488392558669721,15.11602735015079,1,7,3,2,427.25690918470394,8.774913523881125,1,False,-1.6276347914810678
MOL00094,PPI,352.5005726489266,2.5575523125785806,1,1,25.312523591862174,4,0,-6.880946844249835,-1.1941246833755668,5.686822160874268,2.4176423948118204,8.6904058061238,7.57220709721463,0,3,0,0,372.975600371495,6.362543165432202,0,True,1.118198708909171
MOL00095,protease,359.32061806709044,2.45274357652803,2,6,98.41246473594731,2,5,-6.013589265328391,-2.3472974065554917,3.666291858772899,3.1261416595181446,12.148735883146252,14.632104315957934,1,8,3,1,474.14577341045145,8.511317158418054,0,True,-2.483368432811682
MOL00096,GPCR,346.22645203253114,3.4338841536362636,0,8,135.0095596951476,6,2,-6.461067197733645,-2.9884745069463072,3.472592690787338,4.324043805532466,11.535648010729474,13.05157521951123,0,5,2,0,388.08085346839164,5.907463340642259,0,True,-1.515927208781756
MOL00097,other,339.092826348574,1.5923340947712132,2,4,57.12722406933961,5,2,-6.489759221542424,-1.9777420575338778,4.512017164008546,2.7812783692187413,10.130377039114368,12.605710196521706,0,7,1,1,280.7240980570579,5.090366793377957,0,True,-2.475333157407338
MOL00098,GPCR,429.72787349924334,0.8189412034420875,2,3,43.53695009788599,6,4,-6.623279085053586,-2.39681108279398,4.2264680022596055,1.5180428799696293,12.155543892745303,14.712978117090971,1,4,1,1,352.99481037105846,4.747744383425678,0,True,-2.557434224345668
MOL00099,epigenetic,120.0,1.80406856602767,2,6,109.64421874762351,9,0,-6.337073619533568,-2.282050934347192,4.055022685186376,3.7520904705898563,9.14043112159534,7.725795004669255,0,2,1,1,334.33492424364596,7.158837227285346,0,True,1.4146361169260846
MOL00100,kinase,207.20225229481656,1.7318547033943101,1,3,30.27550978763027,3,1,-6.773041409519445,-1.3562866233121587,5.416754786207287,2.7714400367789302,7.401739300138066,8.408830939021477,0,7,1,1,401.80263887740017,5.682600596609882,0,True,-1.007091638883412
MOL00101,GPCR,324.67706219968045,1.1110957994567292,1,2,33.500721688774334,3,1,-6.619858193002563,-0.8256427528057887,5.7942154401967745,1.0831765933954394,8.964064725552282,8.964927316630964,2,1,2,1,458.47995375810007,5.802314262240674,0,True,-0.0008625910786825841
MOL00102,protease,458.22729355308377,2.476015667584425,0,6,89.30967208079332,6,6,-6.052027802410087,-1.9982655930563404,4.053762209353746,3.1567850563869913,13.55734321385127,14.27524884465372,2,16,4,1,610.3200196966233,8.680917044792361,0,True,-0.7179056308024503
MOL00103,kinase,366.5488709471668,3.3013962959320855,2,3,51.29068775621961,6,3,-6.133039703623668,-1.821072435529298,4.31196726809437,3.323027299926233,12.672791206714642,15.094233497532272,2,6,3,0,458.8971198194708,7.917800153835717,0,True,-2.4214422908176303
MOL00104,protease,120.0,1.9713772219091128,0,6,79.42660665053407,10,1,-5.584892265607326,-2.0008358396575505,3.584056425949776,2.3761044413553893,7.98901005481512,6.964130285387831,1,8,0,2,369.48479973740194,7.377028080737816,0,True,1.0248797694272893
MOL00105,PPI,418.2338400738729,3.6293614617748977,1,3,65.26566038455978,6,4,-5.985822200564727,-1.1450034716803776,4.84081872888435,2.299350684609738,11.909432964550513,12.97696167040157,1,10,2,1,443.06536359527666,6.863619557851458,0,True,-1.067528705851057
MOL00106,other,120.0,2.003894122960826,2,4,80.13294993523735,3,3,-6.518120532510287,-2.4877129108860854,4.030407621624201,2.514920851399165,6.555587588193802,8.184559657125119,2,6,3,2,382.32471873778906,7.212891262925571,0,True,-1.6289720689313167
MOL00107,kinase,178.6232053630974,1.5311832849951874,1,2,61.08607512436507,7,1,-6.277748482687105,-1.500227562971659,4.777520919715446,2.0701819597950375,7.885584150004377,5.979449459070629,0,4,1,1,318.66103695873863,6.7951567563266755,0,True,1.9061346909337473
MOL00108,protease,323.0637298009416,3.809683908331188,4,6,83.81424054881658,4,3,-6.226071807388745,-1.9922057578242158,4.233866049564529,3.7738386270800213,13.102957295348173,12.891365072664236,2,6,1,1,452.1401535448347,7.919058810401776,0,True,0.21159222268393663
MOL00109,nuclear_receptor,244.6154515769648,4.842180824293961,3,5,73.46572805393046,6,2,-5.596261655046906,-1.5855401871813124,4.010721467865594,2.214691500320124,10.96512492843667,11.51729880664986,0,6,0,1,440.6042345501314,5.791947894387593,0,True,-0.5521738782131909
MOL00110,protease,320.8042110935264,1.6355563490436968,3,9,131.13509332554764,8,0,-6.035512748447651,-2.5218176142231155,3.5136951342245357,4.8757177922250605,14.321974326779427,12.385544182150435,1,3,0,1,341.7988514560556,6.236691324720954,0,True,1.9364301446289929
MOL00111,other,211.58840107452335,0.9412466082347899,2,4,31.877346408330055,8,3,-6.611816346162374,-2.632041603844537,3.9797747423178365,2.4034006257733522,10.691876766577353,12.688206717522538,2,5,6,2,462.35276973972697,6.904858426734369,0,True,-1.996329950945185
MOL00112,kinase,373.73981068318056,3.258307213615061,1,5,70.00203284220261,5,0,-6.396190861486538,-2.137308689768637,4.258882171717901,3.5422579661411016,9.710445148893788,8.570275667743585,0,4,1,2,229.5336404887534,7.097678295771665,0,True,1.1401694811502026
MOL00113,other,388.3423244887735,2.715500266472363,0,2,29.122905326939502,6,2,-6.2505408489917755,-1.5194143908205724,4.731126458171203,0.6521224338674063,9.525731733153535,11.223305795891502,2,2,1,1,375.5454649079588,6.1264479481446985,0,True,-1.6975740627379672
MOL00114,GPCR,237.72899219902217,1.851845918459282,3,3,52.30574952391503,9,6,-6.383675360023512,-1.778049517589173,4.605625842434339,1.6264090036726353,11.779548774493435,13.798976267742752,3,6,3,0,519.5192907004785,7.434342038569698,0,True,-2.0194274932493173
MOL00115,ion_channel,378.1525818323651,4.193264656893708,2,5,58.983534121983304,1,1,-6.542046168095997,-1.9825453499558847,4.559500818140112,3.6347743336294345,10.620281474048662,14.613781164859741,2,7,0,1,401.9079373806035,7.474255910507454,0,True,-3.9934996908110794
MOL00116,nuclear_receptor,350.26066889237467,4.250112375139749,1,5,59.700136052347894,7,3,-6.514170176113928,-1.4442349031418211,5.069935272972106,1.7530284358351527,10.822081367650265,15.016499749020905,0,5,1,0,416.3130489817228,5.232500884995779,0,True,-4.194418381370641
MOL00117,GPCR,210.81898167436597,2.2514333436361476,2,4,59.0177755654058,7,6,-6.1920873167535335,-2.210507824151919,3.9815794926016146,2.885476454184633,11.881704161906363,13.980476979863868,1,9,1,2,572.6464262439082,7.452108571636111,0,True,-2.0987728179575047
MOL00118,ion_channel,228.3668148013595,3.2061687260368235,5,5,115.55135254322192,5,1,-6.525505667125727,-3.4119286617776217,3.1135770053481053,3.5767739310180042,11.204599510103524,14.096158432858783,2,4,0,1,378.4500439154794,4.499360319425035,0,True,-2.8915589227552587
MOL00119,kinase,378.21302459511367,2.2111178003498457,2,9,94.19323619443965,4,3,-5.422831207013036,-2.3403629299391286,3.082468277073907,4.700064873288444,14.143617738146581,17.45805474455202,1,7,3,0,476.46545055520596,6.174756086039194,0,True,-3.314437006405438
MOL00120,kinase,436.67932238796936,2.8336655210500847,2,7,67.91751950457767,1,1,-6.013606894592094,-2.0165686356762973,3.9970382589157967,2.072937669863475,10.817678696207466,10.062588929799057,0,4,1,1,268.3266143757228,6.71208443664962,0,True,0.7550897664084086
MOL00121,protease,397.39321213335313,2.1590191737314663,3,7,95.87184867123028,6,3,-6.733424938344411,-2.94157924576124,3.791845692583171,5.025521329493547,15.501105418800634,16.377595342735642,3,3,2,1,265.5038452986024,7.591719551376198,0,True,-0.8764899239350079
MOL00122,epigenetic,501.76391551497426,4.097822687720825,2,4,61.885711694375075,5,3,-5.817904801223066,-2.9557203047435916,2.8621844964794745,2.971978966785465,13.915198500980889,16.09399377238218,0,3,3,1,394.8514526201932,5.804654430866197,1,False,-2.1787952714012917
MOL00123,kinase,526.3823204029951,-0.16039130300329552,1,5,63.80861387068603,3,0,-7.284971954601796,-1.3445570761631984,5.940414878438598,3.161831543426564,11.75006038062121,13.90589645065907,1,2,0,1,262.59758811105416,3.876308460297717,1,False,-2.155836070037859
MOL00124,ion_channel,338.68376552094617,4.105955414401237,1,9,87.84835987214996,3,5,-6.643802135046508,-2.6049133703623424,4.038888764684166,3.4425656951361927,11.539624387231777,11.916119427109049,2,7,2,2,485.81646789885673,8.364954189290863,0,True,-0.3764950398772715
MOL00125,protease,375.5377033593911,2.6196289548616574,0,5,67.04358538589268,5,2,-6.5981158348278806,-1.4223297699148674,5.175786064913013,1.9405646766531208,10.045692376452942,10.357144166097816,0,2,1,1,377.5223274881246,5.118495023169801,0,True,-0.31145178964487386
MOL00126,GPCR,438.671791519712,3.3773882714728076,3,5,74.88233266344466,7,1,-6.5201641732416,-2.3541843675384224,4.165979805703177,1.7872933733232097,12.265543901491288,11.839806854128538,1,6,0,2,299.4390673143213,4.4267125848203115,0,True,0.42573704736275
MOL00127,nuclear_receptor,318.51425005491757,1.7900923881537922,1,8,67.39224275886356,6,0,-6.199702688296522,-2.190136010065114,4.009566678231408,3.50787264483113,10.656559624690992,14.802734299608723,1,1,1,1,238.27055806416067,6.785295278633086,0,True,-4.146174674917731
MOL00128,other,458.6941465475885,2.7988339546155343,1,7,83.0997524598999,3,1,-6.439133272402019,-2.4285280978657644,4.010605174536255,3.297160195659243,12.081060722337774,11.087234984359252,0,2,0,0,239.36341415902962,5.427827354993382,0,True,0.993825737978522
MOL00129,other,306.2914363707118,1.6759555240135138,1,1,52.546634615097524,8,0,-6.126584950392478,-2.0271444677804027,4.099440482612075,2.241516111989938,9.029854366747353,6.622262713673132,0,4,0,1,303.59409372109343,5.1772775799602115,0,True,2.4075916530742205
MOL00130,protease,366.2077701115563,3.4154703844952503,1,5,53.087634106518024,7,1,-6.222145304701312,-2.0538723819789015,4.1682729227224105,2.315502968832643,11.18050054364475,13.857094653756812,0,10,2,2,596.0803172799643,6.5249148254597715,0,True,-2.6765941101120614
MOL00131,PPI,383.2342682596444,1.9650502003303907,2,6,65.43176486026852,3,1,-6.245253769927187,-1.7970880473114879,4.448165722615699,1.4727662495383327,9.498582806633227,9.753502931894962,2,5,1,0,492.3889282476456,5.131635945207393,0,True,-0.25492012526173546
MOL00132,GPCR,373.3121427652511,3.034941363222001,1,6,91.94674540738237,5,1,-6.268218236358719,-2.8896665642712174,3.378551672087502,3.971301780564911,11.623978477929166,11.912812158958777,1,9,0,1,522.6137114387848,5.597764494228099,0,True,-0.2888336810296117
MOL00133,ion_channel,339.84271163926,3.9872491129151078,4,5,76.71812432614897,4,2,-5.987748580296923,-2.560463937661812,3.427284642635111,2.693267085409179,11.52263528476527,12.369677797006375,1,5,1,0,310.05356240431234,7.721038742832388,0,True,-0.8470425122411047
MOL00134,PPI,385.40043632774814,2.137556101148147,2,3,44.276653233709176,7,1,-5.617192577903413,-0.8932620985475663,4.723930479355847,2.3271440712237528,11.598021201102414,11.257116402038047,5,3,1,1,453.55662364857676,6.293062387921811,0,True,0.34090479906436677
MOL00135,ion_channel,412.36068182426106,2.478927086283448,0,7,66.62964119180313,9,0,-5.864292198434609,-1.487668777808361,4.376623420626248,3.1319235526449543,11.238706650132745,14.108925084939095,1,2,1,1,239.93233324114638,5.819780093513629,0,True,-2.8702184348063504
MOL00136,kinase,532.033191548535,1.3071073367021107,0,7,80.95240587338866,7,2,-6.505849078950043,-1.5789441235268042,4.92690495542324,3.9022878645526022,14.06713875041998,14.457226310091677,2,3,0,2,445.4185793682576,7.5084499164874465,1,False,-0.39008755967169684
MOL00137,kinase,243.32979960531625,3.5340907942269304,5,4,112.26990682406921,1,0,-5.765890042407065,-1.581359242254209,4.1845308001528565,3.174394933599616,8.831457677320687,9.161968839088264,2,7,0,1,500.8921231708221,7.230687750308121,0,True,-0.33051116176757667
MOL00138,kinase,266.1362104743074,0.6450035857085927,0,2,42.597561853464164,11,1,-5.812310959223381,-1.977241941768519,3.835069017454862,2.3958640431013456,10.153173574680354,10.23761601656927,0,2,0,0,271.08103994727367,5.869981109926557,0,True,-0.08444244188891581
MOL00139,protease,285.9485784760367,0.3315174012550428,1,4,61.91307502493827,6,1,-6.5548093644573155,-1.5922514587111718,4.962557905746143,2.7970142140059533,9.507733876588677,11.042221885783862,3,2,0,2,276.0332882685226,6.566819924858809,0,True,-1.5344880091951847
MOL00140,GPCR,364.996942338049,4.018617598122172,1,6,76.46625537742588,6,0,-6.52850004365791,-1.5918255049296248,4.936674538728285,3.833855950213358,11.674120548041456,14.482564560443901,0,3,0,2,332.08934344581496,6.601485842303838,0,True,-2.808444012402445
MOL00141,kinase,334.7250290896992,2.188464623197965,0,7,70.95134894614696,4,2,-6.706448261696411,-1.334114195210587,5.372334066485824,2.950527934173988,9.555863184017973,9.337232312719214,2,1,1,0,326.7479663465371,4.677780770742218,0,True,0.21863087129875858
MOL00142,GPCR,533.511145840976,3.81944363959429,3,3,70.60212847044208,7,3,-5.519294869749955,-1.7523418406522318,3.7669530290977233,3.1140469297611513,14.304170177560211,15.2113884866383,1,8,2,1,529.8353069851346,6.117269163007991,1,False,-0.9072183090780896
MOL00143,kinase,120.0,2.237202691825761,1,5,98.0023103021273,6,1,-5.890334220327219,-2.415361127484824,3.474973092842395,3.110628372237011,7.846266434019136,7.0859913454610615,1,6,1,0,350.08819997838924,7.298193424760498,0,True,0.7602750885580747
MOL00144,PPI,344.1244183295117,1.1602598997058677,2,4,51.08684948594372,5,2,-6.304576303646385,-1.017827698027926,5.28674860561846,2.997932252566901,10.572621654051714,10.14030732647176,2,8,2,1,422.40253786213754,6.488360479953315,0,True,0.43231432757995414
MOL00145,protease,471.1982932189467,1.8022632017937492,2,5,61.85701465926932,5,0,-6.809427815205873,-1.7957755499259087,5.013652265279964,2.878419816315285,12.680326392057411,13.090723147986767,1,3,0,2,368.40810932336996,5.231282655741912,0,True,-0.4103967559293551
MOL00146,ion_channel,474.8032545386492,1.0773547560695005,0,3,54.04923814214253,2,1,-6.45722189448624,-0.6116602330061034,5.8455616614801365,3.63538446630994,11.287755923324902,13.623538786376473,0,1,2,2,314.6704999344023,4.541249268999617,0,True,-2.3357828630515716
MOL00147,epigenetic,139.449218046031,4.583987183241426,2,3,45.12490226028972,5,2,-5.560390766021691,-0.7741093435041362,4.786281422517555,1.9383404734887348,6.27491548626592,4.081095594230673,3,8,3,1,478.1136502658881,7.004202353927823,0,True,2.193819892035247
MOL00148,PPI,341.3175236651659,3.7063362221449,2,5,98.71185401181869,6,3,-6.386761269638898,-2.993299960792411,3.393461308846487,4.349378671692316,13.904328802343246,15.170923720955123,1,5,0,2,403.0741480225379,3.0560756398102,0,True,-1.2665949186118777
MOL00149,GPCR,247.44467018762987,2.4849694585314093,0,4,54.61123432704257,4,1,-6.481812043647696,-2.1439931448889005,4.337818898758796,1.588053411814467,6.88590869853311,6.835011077141898,0,5,0,1,349.9657981400749,5.619319704590492,0,True,0.05089762139121223
MOL00150,kinase,206.79103975877834,4.856485608589795,0,8,99.2910900171621,10,2,-6.005737802555863,-2.520931838600629,3.4848059639552345,5.081341566219313,12.498899050860453,13.819586379102102,1,8,3,1,450.91869555309773,5.894863045019763,0,True,-1.3206873282416485
MOL00151,kinase,282.3066942727755,2.4976648479204737,1,5,64.83850095050599,6,6,-6.466750089815354,-2.2916005133477344,4.17514957646762,3.5538566042819055,11.858899094881071,15.326775787537516,1,7,3,2,513.9293624162277,6.929090781764759,0,True,-3.4678766926564446
MOL00152,GPCR,273.848454420395,2.3719605429914337,2,4,61.42669596651978,6,5,-6.079945830653764,-2.222459385065911,3.857486445587853,1.2240715453389348,11.344101698394168,12.304341319932849,0,13,2,2,618.3818026665388,8.667638947102603,0,True,-0.9602396215386815
MOL00153,epigenetic,317.2119067549092,3.6926980399078877,1,6,84.13386744293001,7,5,-5.658289121764772,-1.965916507577806,3.6923726141869664,3.726964617156472,12.374399071717157,15.271603352537884,1,5,7,1,525.1347871391488,8.054569267266507,0,True,-2.897204280820727
MOL00154,other,552.5725803930893,2.9774079518437273,2,6,83.87588705540584,5,1,-6.271517611471819,-2.6712031377009504,3.6003144737708688,2.6403930205323403,13.378458363076632,16.302902426329734,3,4,1,1,452.29943203290196,5.241760684041565,1,False,-2.9244440632531017
MOL00155,protease,369.05287251711815,2.372569229842286,3,4,67.19626262141145,6,0,-6.85060413960935,-1.650723469276117,5.199880670333234,3.6842925892862,11.278059174814409,12.8545913823275,1,5,0,1,369.0449993467833,5.866865744121364,0,True,-1.5765322075130914
MOL00156,PPI,322.8526718898405,2.7263373189892772,1,6,95.70736505436031,9,1,-6.52749618094015,-2.149910455892204,4.377585725047946,4.40376339854962,11.957688935732719,11.360913591852393,2,5,2,0,359.95678704454707,6.115732069313407,0,True,0.596775343880326
MOL00157,nuclear_receptor,286.7319784841636,2.3452862222086375,3,8,105.60900079696447,5,1,-6.3639227891110055,-3.296970173307907,3.0669526158030984,4.503274412489617,12.925227534161216,14.105827731363965,1,4,2,1,360.1768958429414,6.979230380783679,0,True,-1.1806001972027484
MOL00158,kinase,369.42100113548605,2.195312117475515,1,5,64.50538714140353,5,2,-6.779923313615025,-1.608059665808123,5.1718636478069016,3.013780318304822,10.248272546459505,17.405345954155866,0,4,1,1,267.7505616859547,6.401356974611209,0,True,-7.157073407696361
MOL00159,GPCR,306.6942771780196,4.097067221717001,3,10,104.44556191162927,3,3,-5.754559314889583,-2.015080783661408,3.7394785312281753,5.500539385548826,14.444921627482223,17.100109064666785,2,6,3,1,404.90154227700475,7.331457613676865,0,True,-2.655187437184562
MOL00160,other,233.78921806275054,4.233562051553683,1,4,37.43249549034316,7,1,-6.089988215519961,-1.276715317667723,4.813272897852238,0.6368882540627494,8.565627823164675,9.418381647568603,1,9,1,1,592.8412374010445,6.470168596541961,0,True,-0.8527538244039281
MOL00161,epigenetic,332.69934987291543,3.2479373058768273,4,7,101.06781911461802,3,2,-6.323711233564994,-3.043763141250132,3.2799480923148625,3.5488628405670375,13.232497886632991,14.20700632655107,2,3,1,2,353.62036037409246,6.993147261766962,0,True,-0.974508439918079
MOL00162,protease,185.8956091819115,2.2728171083073914,1,5,93.99514461516465,3,0,-5.984973722996398,-2.019273282306827,3.965700440689571,2.607733972522626,6.746437885753667,5.840380943830722,1,7,0,2,411.1448092276212,7.651407835922355,0,True,0.9060569419229454
MOL00163,kinase,460.8610935511702,1.8724468513186754,3,4,78.49082603896515,8,3,-6.560494720499484,-1.9517517985521655,4.608742921947319,2.9814543005580387,13.73461997632913,17.673793837273926,1,2,4,1,405.19253484709554,7.943719742652273,0,True,-3.9391738609447966
MOL00164,nuclear_receptor,163.0109968733399,2.384739908708248,1,2,41.665176710315784,5,2,-6.129252506265672,-0.878629657701682,5.2506228485639905,1.561981248865758,6.731295693853441,7.715718204551345,0,5,1,1,399.11698877850796,5.348871904559241,0,True,-0.9844225106979039
MOL00165,nuclear_receptor,523.1369557306562,2.0793635396674706,3,9,91.92061497346009,5,1,-6.156207387496342,-2.150118258629331,4.006089128867011,4.8793225400565,15.646045890045952,15.66259459971144,0,2,0,2,326.1854134959655,7.251305874978273,1,False,-0.016548709665487493
MOL00166,ion_channel,583.2572965225141,1.175023714569143,0,0,31.941964429740814,6,1,-6.503396775442222,-0.8110161818638468,5.692380593578375,1.7956294297844444,12.571263687965963,16.95681547346428,0,5,3,2,306.79730034065744,5.697461464868097,1,False,-4.385551785498318
MOL00167,ion_channel,368.56320963166354,4.231566903858775,3,7,92.62575052788449,4,3,-5.9013207540616275,-2.8285175723501803,3.072803181711447,3.555517014196956,12.91481522213309,15.990333259717643,0,9,1,2,441.3791078043249,5.510606177148251,0,True,-3.075518037584553
MOL00168,GPCR,464.89411201530214,2.208651561708231,3,4,44.74800773490456,5,4,-6.48082717156353,-1.213490625379455,5.267336546184075,2.9099027606648984,13.958531422007669,17.35014173573579,1,5,5,2,375.9967968926752,6.358026074220383,0,True,-3.391610313728121
MOL00169,epigenetic,472.9642195927299,0.7928346010327367,2,5,79.20353097532762,6,0,-6.310413039332983,-2.1161843467206203,4.194228692612363,3.694287732750116,12.269343704823333,11.848328981659797,2,3,0,1,348.3070354860349,5.429699506751311,0,True,0.4210147231635357
MOL00170,kinase,287.6268666682259,2.795951773833658,6,3,86.81534298438122,4,1,-5.912460052293278,-1.8189233195004642,4.093536732792814,2.2647199345557665,10.842165705145472,10.197144453644079,4,2,1,1,506.74343030603853,7.72950019418447,1,False,0.6450212515013938
MOL00171,protease,354.2266180300319,2.1753907912534625,1,4,82.86153580796471,5,3,-6.3009338036161475,-2.17993133708034,4.121002466535808,3.153029635550407,10.65250959842883,13.73914715373148,1,5,4,2,548.9025381170729,6.617221647670677,0,True,-3.0866375553026497
MOL00172,PPI,248.4773475882564,2.287106583093634,2,4,59.370599742785615,2,3,-5.746937520159842,-1.639559489982873,4.107378030176969,2.336991484141978,8.639033926752681,9.175478123982986,2,6,1,0,308.0879696588922,6.832368700257357,0,True,-0.5364441972303045
MOL00173,GPCR,222.08476624478516,2.1648766605476197,0,5,61.21639738423615,1,4,-5.863969314727032,-2.6650749937743483,3.1988943209526837,1.7475455797545663,7.393258586574273,6.425067993415691,1,6,3,1,479.7740773621798,7.139650638931542,0,True,0.9681905931585817
MOL00174,protease,319.70137838269284,3.161640737159406,0,6,63.679913531202025,4,4,-6.507961799004699,-2.1957199945248567,4.312241804479842,3.0504557856966215,10.050782853602856,13.793822355907654,1,3,2,1,500.62311368067475,6.942196066264932,0,True,-3.743039502304798
MOL00175,epigenetic,414.46844074568094,3.565928023751234,4,11,163.89743417152525,6,3,-7.025585660645835,-2.581704499344072,4.443881161301763,4.7177786053695545,16.989035433375143,16.80803337121871,2,4,6,2,541.5418381015216,6.976068862880033,1,False,0.1810020621564341
MOL00176,PPI,325.36909104083145,-0.5470849964203013,0,5,59.152668429326184,5,3,-6.880066277371867,-2.0872698233915474,4.792796453980319,3.1442877917879803,9.903656532611043,10.71293582089948,2,4,5,2,518.4395230207177,7.694156663763898,0,True,-0.8092792882884368
MOL00177,ion_channel,304.8895905501696,1.5620955264585188,1,4,62.817479076629915,2,1,-5.886801169249365,-2.065533153612886,3.821268015636479,3.6161860367687444,9.34866471024743,8.821938668835068,2,9,0,1,461.02361252452664,5.392724256941738,0,True,0.5267260414123616
MOL00178,GPCR,274.5735390359812,0.8383385865538426,2,3,43.87910371459667,5,1,-6.641945019070198,-2.482518915471254,4.1594261035989435,1.4544995359989814,8.065277415174696,7.698553746412977,0,4,0,1,312.1225999642468,7.419638526027824,0,True,0.36672366876171925
MOL00179,other,259.7926515615489,1.5933056825412808,0,6,68.77921968859815,6,5,-6.941012874211663,-2.3737961264882586,4.567216747723404,1.949223331976034,10.023125059821467,10.91018630419874,1,11,6,1,474.82276071300487,6.2087608411067166,0,True,-0.8870612443772732
MOL00180,kinase,543.0855596812535,1.7199222473798983,0,6,53.74951045448852,4,5,-5.880028709844735,-2.2151353911145746,3.6648933187301607,1.657063092969985,12.726247346036676,14.811628328306316,2,6,5,2,508.54801224417855,7.987777336930229,1,False,-2.0853809822696405
MOL00181,GPCR,359.40958779823876,3.789529153363965,1,2,34.70012390035711,4,1,-5.902014678161753,-1.8857359798123423,4.01627869834941,2.0046743743237156,9.622870649270912,10.164435514130346,0,3,1,1,246.43618740524533,7.663514382847141,0,True,-0.5415648648594349
MOL00182,protease,341.99416148660004,2.673151358750378,0,6,80.4136339812795,2,2,-6.333921976425179,-2.1847458736232834,4.149176102801896,3.9836836656297314,9.515905500321603,12.96598750961462,1,8,1,2,456.81728704993554,5.8086023679933465,0,True,-3.450082009293018
MOL00183,protease,247.64516177895655,2.8175759419669126,2,8,104.12535750678204,3,3,-5.946947731030208,-2.700829437850831,3.246118293179377,4.635637507237122,12.465860894910763,10.482259255206937,1,6,2,2,318.2904113006263,7.774842144027045,0,True,1.983601639703826
MOL00184,protease,382.95999011691293,1.4153428764431917,2,7,113.3079738825661,2,2,-6.310957641815976,-2.924016989020072,3.3869406527959036,3.9435487549601524,12.410811222699708,15.328427239839279,2,3,0,0,329.38672375223916,6.0799142796938686,0,True,-2.9176160171395704
MOL00185,kinase,375.03573251902037,2.2735430951987072,1,8,82.34941202053862,4,1,-6.18604512732065,-1.9627980199348767,4.223247107385774,3.6464779497583053,11.601580220902303,11.74040543394469,2,3,2,1,435.8652255789421,6.624919770564876,0,True,-0.13882521304238793
MOL00186,other,329.1872937494212,4.119976477424981,0,3,48.705109375379294,4,3,-6.016584990255003,-1.749191537257885,4.267393452997118,2.2145576535192095,8.984772614245985,7.811287750403372,0,3,1,1,382.7004386485419,5.349037940521829,0,True,1.1734848638426127
MOL00187,nuclear_receptor,485.1784940071385,3.2239357273446974,0,5,57.47611339507579,5,1,-6.204079639413647,-1.548205832566411,4.655873806847236,2.248786012056295,10.930759751342347,9.829748552507594,0,4,1,1,309.94641700777447,7.774053636137704,0,True,1.1010111988347528
MOL00188,GPCR,401.4583595122641,3.3129362427858986,1,1,5.0,7,2,-5.905660454794734,-1.4872329121463477,4.418427542648386,0.1511511334824791,10.316794012605802,14.33855068584203,1,3,0,0,418.1392250297954,7.257615088411334,0,True,-4.0217566732362275
MOL00189,GPCR,269.49172325465184,-0.2818725169968057,0,5,63.6831458576507,5,2,-6.346284391618886,-1.8472559883613457,4.49902840325754,2.1124400216059693,7.680930019738782,10.04660613204428,3,3,0,1,247.10959730818763,6.9353076169503,0,True,-2.365676112305498
MOL00190,other,228.70896779636678,1.9369568647984345,1,3,53.035177954872594,8,2,-5.831500941405826,-1.7976764089486763,4.03382453245715,3.6170954185546877,10.350600797281729,10.468052340070551,0,4,1,1,368.3350384793131,5.373408275141839,0,True,-0.11745154278882275
MOL00191,kinase,346.20507005504527,4.966935214972713,2,5,109.57510007309442,3,3,-6.219248055299697,-3.320250459634444,2.8989975956652527,2.5388498932361925,11.214015046485795,10.019433822746082,0,7,1,1,404.8232990906229,7.171352919708081,0,True,1.1945812237397124
MOL00192,PPI,431.7304102794012,2.023187818133644,2,3,63.786590591619074,4,1,-7.060323835290747,-2.3085574934163895,4.751766341874358,2.3497133116665334,10.102915918548124,10.379531994661793,1,1,1,2,290.34357279542985,3.9586299504764995,0,True,-0.2766160761136689
MOL00193,nuclear_receptor,310.02344717536727,2.3603925920736253,2,0,30.479843225618428,6,1,-6.2941982576078,-0.8137108415468236,5.480487416060976,1.8137048918448748,9.162215662391874,11.148620138632422,0,1,2,2,181.5235228300957,5.516458660958198,0,True,-1.9864044762405477
MOL00194,PPI,471.8018807768021,1.3378981764513709,1,3,46.20905935383808,4,2,-6.013524035236051,-1.8251332656839965,4.188390769552054,2.274154702609371,10.17782395874102,12.291905594235185,1,6,5,1,473.7829058259429,7.148169491412049,0,True,-2.1140816354941645
MOL00195,ion_channel,282.1088448568699,1.7075464460037453,2,3,50.4964358383943,7,3,-5.755738258567295,-1.8677816775881775,3.8879565809791172,2.7532936437066517,11.021059225108289,13.281564852810375,0,4,2,2,411.2874299670965,6.104842461415497,0,True,-2.260505627702086
MOL00196,kinase,256.20056184758096,-0.4710254251797368,1,9,64.2915012747342,4,6,-7.206957350768429,-2.5229382973073324,4.684019053461096,4.0904953385307845,11.387781860450765,11.804072530876734,1,4,5,2,564.7102678400379,9.018903211636808,0,True,-0.416290670425969
MOL00197,other,410.52215610872884,0.46607685703162716,3,6,74.92512937803245,8,2,-6.30654340059217,-2.2500476497610586,4.056495750831111,3.9792691569631717,14.156497493172886,16.69407443782422,4,6,1,2,369.5249864010003,7.207528652306187,0,True,-2.5375769446513345
MOL00198,nuclear_receptor,539.6193838864285,2.9366603587616025,0,5,51.66532592111311,3,2,-6.03999846530874,-1.6985382386396257,4.341460226669114,0.8314136408055153,10.211820476581135,15.349321440859898,0,3,1,1,269.6407091592992,6.029857595499818,1,False,-5.137500964278763
MOL00199,protease,259.8641641763855,1.2501374244234151,1,5,59.81881241489054,4,1,-6.412801873339963,-1.5056285504735438,4.907173322866419,3.9637343813729675,9.761826082295112,9.453465020119244,1,5,0,1,342.07428274133997,6.9020835771721805,0,True,0.3083610621758677
MOL00200,PPI,416.0665618610826,2.7012181080034314,4,6,61.07441719205437,3,3,-6.903256911915376,-2.2839892334669494,4.619267678448427,2.3702174357202144,13.310587067395373,16.484546106880977,0,3,0,1,369.53534571047726,6.40057972476318,0,True,-3.173959039485604
MOL00201,PPI,440.06775794258573,2.3568478885565125,1,7,96.00215806958147,5,3,-6.053866362362049,-2.048015867452222,4.0058504949098275,3.299653441313498,12.733310414292829,15.953977513789784,2,1,2,1,314.44391511849045,5.487624548149417,0,True,-3.2206670994969553
MOL00202,protease,306.72122669004,3.8157501684303865,3,5,93.88151155980054,3,0,-5.597503576209528,-2.404011480967917,3.1934920952416106,2.5389382474956674,9.620537909395118,7.5421725703542135,3,8,0,1,412.22597360721306,6.288601959492968,0,True,2.0783653390409045
MOL00203,protease,334.73204707671226,1.2133201594904368,2,3,72.53386569389099,4,3,-6.588125720205236,-1.9870802012815127,4.601045518923723,2.176983412575303,10.662782261471037,14.44476825531613,1,3,3,1,365.51098255221376,4.823135683670628,0,True,-3.781985993845094
MOL00204,epigenetic,231.43921730469177,1.449424934653172,1,11,107.55613220344398,4,4,-6.714745764036451,-1.7851637842981625,4.9295819797382885,4.751531973239123,11.701486285135761,15.944942473834125,2,5,1,1,346.08818168999403,7.209600532697105,1,False,-4.243456188698364
MOL00205,GPCR,227.3579408442422,2.25998329617551,1,6,76.8441444207895,3,1,-6.350893477931164,-1.9222078842554464,4.428685593675718,4.87285377138981,9.345817698229643,8.164670021537708,0,4,0,1,325.46736286216304,7.422530094581438,0,True,1.1811476766919355
MOL00206,kinase,498.2694879838572,2.9353810578689816,2,10,111.87781457857456,7,3,-6.960456216996341,-2.2557516509816695,4.704704566014671,4.720011651222292,16.742543307388168,17.29259524157096,1,6,3,1,414.67244046883366,5.505938144996973,0,True,-0.5500519341827932
MOL00207,nuclear_receptor,375.38625629302817,1.055749392699819,2,6,86.53480327295254,7,1,-6.29727737865171,-1.6897229609642515,4.607554417687458,4.009938451372268,12.187953099807784,15.741065375567173,0,3,0,0,351.77803245345626,5.0423900060745375,0,True,-3.553112275759389
MOL00208,nuclear_receptor,400.0097149516009,0.426827672297728,2,11,126.45368234756008,5,2,-6.6534644546068265,-1.8394973185489634,4.8139671360578635,5.669471608301498,16.34152053172847,14.744479867941912,4,1,3,1,516.3196490905484,6.989198727946361,1,False,1.597040663786558
MOL00209,kinase,298.6668893082023,4.530905694356587,0,5,48.762111782249,2,3,-5.572992315125258,-2.3273483474497696,3.245643967675488,2.725049979799416,9.091481333210373,8.011105027120706,0,8,0,0,262.1347865874702,5.925165917209036,0,True,1.0803763060896667
MOL00210,kinase,509.0173206749656,1.8790293156466782,2,5,86.12360466277822,6,4,-6.166879848566542,-1.8433845830987812,4.323495265467761,4.24422093698741,15.923436772709657,15.335037535289858,1,7,2,1,329.42327645479685,7.250801504728246,1,False,0.5883992374197984
MOL00211,kinase,380.263709714946,2.6161911524122714,1,2,30.37717495625013,4,3,-5.922392715259242,-1.951295085822955,3.9710976294362874,3.457116300177666,11.060363929692272,12.686097661951338,2,3,2,0,361.61884563614154,7.423214154900095,0,True,-1.6257337322590661
MOL00212,kinase,147.9183422981173,2.261953220986304,3,7,102.51179934493285,4,2,-6.250577493210987,-2.0756669898319178,4.17491050337907,4.300683730048893,9.976522135371827,10.022529752351401,5,6,0,2,454.44016622849443,7.176648978196626,0,True,-0.04600761697957445
MOL00213,epigenetic,476.98553343047087,2.2250055493447176,0,4,59.76309871510007,3,4,-6.407302470912964,-1.989446970104149,4.417855500808815,2.164655571700786,11.51481628750435,14.293251919046842,1,5,3,1,430.9897919506249,6.908994477605818,0,True,-2.778435631542491
MOL00214,PPI,319.814754062897,2.4491149163558648,2,4,56.86879609426632,2,1,-6.0716942462159675,-1.9898473409094404,4.081846905306527,3.978713547956251,10.907960597788142,12.958435253434734,1,6,1,1,388.48224495459425,6.862949163342573,0,True,-2.0504746556465925
MOL00215,protease,308.5500421986147,0.5788754819830975,0,9,74.09180515596437,3,3,-6.404660634013402,-1.3427382029168,5.061922431096601,3.5668868814886845,10.260936546711699,11.708489093190291,0,3,1,1,431.6487421770671,5.577164242847346,0,True,-1.447552546478592
MOL00216,GPCR,191.40015587760905,3.7771498911517987,4,5,89.35135290185688,2,3,-6.691960166486416,-2.0964588923118317,4.595501274174584,3.1495889798628345,10.421948313433745,9.914306787808227,1,10,1,1,420.00841422093686,7.720276186711222,0,True,0.5076415256255178
MOL00217,PPI,496.36283517400005,1.7150184713186358,0,3,41.40637577922841,4,3,-6.037238961433796,-2.5172197798690386,3.5200191815647575,1.7382494257716743,11.515934794863147,15.35127784386589,0,6,1,2,513.9823359076061,5.832385925355492,0,True,-3.835343049002743
MOL00218,ion_channel,332.80548882053046,3.2756721888237674,4,2,54.55081155532717,6,0,-5.799572179284517,-0.9174918856882553,4.882080293596262,2.248752536338922,10.11424977906525,7.5301550159919115,3,7,0,1,403.844604974268,7.587380573055126,0,True,2.584094763073339
MOL00219,PPI,257.4849501389308,1.9935825646533902,0,1,32.65505336337876,7,3,-6.129326841296302,-2.430035549986408,3.6992912913098936,1.58786778698449,9.097380111301362,11.711092332624762,1,6,1,1,191.82980470235702,6.551063687539314,0,True,-2.6137122213234
MOL00220,PPI,536.4596843701917,3.043538195690192,3,6,92.19731970743666,6,3,-6.632880514969788,-1.8611189815221332,4.771761533447655,2.9938305565425565,15.113237174988454,15.565565494903701,4,3,1,1,371.63292021015184,6.553909152262181,1,False,-0.4523283199152477
MOL00221,PPI,361.7125240554126,2.611741874999728,2,4,62.54333235896421,3,1,-6.511195702478432,-2.115308421540551,4.395887280937881,3.2920463099973083,9.276420573166332,10.791422608113649,1,7,0,2,353.97741275675435,7.181636351601103,0,True,-1.515002034947317
MOL00222,kinase,233.43060350627132,5.280246022028274,1,5,81.29439970730787,6,3,-5.496211472108167,-1.5183371450040035,3.977874327104164,1.7035959288299451,9.656823952955323,11.223992524222538,0,5,1,2,286.3852512430516,5.813958500075262,1,False,-1.5671685712672154
MOL00223,kinase,286.3885961889263,2.60557267080133,3,6,113.63556686194903,4,2,-6.423582171920656,-3.6245047461841753,2.7990774257364808,3.6832805324867173,11.705844039929366,12.903544501200072,2,5,1,0,381.9183499968298,6.658491755203006,0,True,-1.1977004612707063
MOL00224,PPI,323.7836815046662,2.6869657162520215,2,4,57.53683421394645,7,3,-5.963216629285896,-1.4658005616074425,4.497416067678454,2.141312910674937,10.45122396121399,10.185139372906963,1,3,1,0,390.81801749525783,6.16498839680398,0,True,0.2660845883070273
MOL00225,nuclear_receptor,256.1877302144454,1.1807448957570537,1,6,80.92786323019074,3,3,-6.552023099304341,-1.4584910627690086,5.093532036535333,1.8293228985457715,7.572323169390848,8.406247188150171,1,5,1,1,485.7771759629917,5.218103048810701,0,True,-0.8339240187593235
MOL00226,protease,378.0502046605911,1.0127329288311369,1,4,42.78971970390158,4,1,-5.948612780487257,-2.030996148483496,3.9176166320037606,3.1090381594951335,10.915915409952442,11.43581186503117,0,4,2,1,482.2507805563055,3.4906197717240963,0,True,-0.5198964550787277
MOL00227,other,238.17139999772638,2.0078640197207065,1,3,33.868062222719026,11,4,-6.57438739032356,-1.6666788839691815,4.907708506354378,1.7545050400703641,10.938118693290704,11.10787701815014,1,4,4,2,335.44030425133155,6.3356614890249725,0,True,-0.1697583248594352
MOL00228,epigenetic,425.9936850103836,0.5391945758232448,0,6,86.18320328221459,5,0,-6.049897077257789,-2.4245120739699257,3.6253850032878634,3.780056153632681,10.925139005617375,11.513447579886975,4,2,1,1,291.89903615202763,8.076741624065662,0,True,-0.5883085742696004
MOL00229,epigenetic,235.71511285255792,3.3237213643910333,1,4,65.27215004999313,5,1,-6.383845857136048,-2.4616893410914997,3.9221565160445486,2.6210222892602704,8.63721456603596,7.139418869403096,0,13,1,1,483.733789806857,8.005648895421963,0,True,1.4977956966328634
MOL00230,kinase,486.9505438152256,4.689801903219249,3,1,37.68373248953018,7,3,-5.531560043709527,-2.031176876933354,3.5003831667761736,0.9418376307625465,12.384324957911092,16.99648963478765,0,5,4,1,420.9443513898357,5.874783234683738,0,True,-4.612164676876558
MOL00231,kinase,179.40659254168503,2.511623500372238,6,6,96.5055927682231,7,2,-6.881728164988308,-1.881447403938996,5.0002807610493125,4.459626478971563,13.303437905881147,16.011457497488983,2,5,2,2,481.7225041668968,8.003076274148611,1,False,-2.7080195916078367
MOL00232,PPI,205.71086625231445,4.347873120008256,2,6,89.05470312460905,5,4,-5.7701154837674995,-1.8738166922608688,3.8962987915066307,2.1658756880897165,9.760109922798947,11.889350082999286,3,10,3,2,619.0502909551806,7.966831140828499,0,True,-2.1292401602003395
MOL00233,kinase,492.3140151418747,0.4336948400594527,2,5,59.254843634786994,10,1,-6.311750540110598,-1.8941903439143373,4.417560196196261,2.8359167064265143,13.674626793998762,15.877179126829338,1,3,0,0,416.7522791505684,6.984394366975755,0,True,-2.2025523328305763
MOL00234,GPCR,483.5970213661635,2.9004303770532296,0,8,79.56924472764595,7,1,-7.189324811456435,-2.110423964377446,5.078900847078989,5.429070022982707,15.031684448524103,13.410786068900329,3,3,2,1,371.38434568437077,7.655329248110856,0,True,1.6208983796237746
MOL00235,GPCR,230.09272837413835,2.8197351935465034,1,3,44.32683369679038,4,1,-6.283597413511069,-0.6991261039706816,5.584471309540388,2.7252586385932958,8.179345938929181,7.551247001840595,1,9,0,1,457.54325786058894,7.255559581974937,0,True,0.6280989370885859
MOL00236,kinase,315.02906097226696,0.3937211633268731,0,8,93.49780779758295,4,3,-6.392060387111403,-2.555961343322206,3.836099043789197,4.61933142102095,11.463172023049891,14.336885540711553,1,4,4,2,433.69617052578315,8.379282143338287,0,True,-2.8737135176616615
MOL00237,other,315.5498169505038,4.158287860893925,1,9,104.93508288082703,6,4,-6.765250618478678,-2.9453972728928135,3.8198533455858645,5.203308831187618,12.84428305202155,15.597122219259866,2,8,1,2,440.8293528309351,8.549208899658165,0,True,-2.7528391672383155
MOL00238,GPCR,342.72568516745145,2.0982260763629728,2,1,17.671789092470952,2,6,-5.406395426125672,-2.371499847513645,3.0348955786120273,1.84157736421121,10.832054065596932,12.736312881642126,1,5,2,1,391.29143355324476,7.195250411314381,0,True,-1.9042588160451945
MOL00239,PPI,280.4321519113714,2.7855170061378103,0,5,46.798101428021624,4,0,-6.696324569118,-1.7479025659302716,4.948422003187728,1.425259660863852,7.501469247725934,4.182224277014834,1,3,0,1,172.64111559337562,5.443518264145134,0,True,3.3192449707111003
MOL00240,PPI,386.14167382748104,2.1700935761075826,5,3,59.45379337728422,6,2,-6.7677689211784875,-2.132890850418273,4.634878070760214,2.6400342828193244,12.031037894171018,12.194682562460688,1,4,0,1,427.21271554798096,5.117805719375807,0,True,-0.1636446682896704
MOL00241,ion_channel,328.52198511152307,3.096322308068323,1,8,89.39744157352884,1,2,-6.361353797398182,-1.8224937841916047,4.538860013206578,4.5700951251460955,11.301346957133116,13.949019204608751,0,7,0,1,308.10722873967325,7.149318926634218,0,True,-2.6476722474756347
MOL00242,ion_channel,336.8324485717467,1.159194806367148,2,4,80.37709202412503,7,3,-6.506058088487135,-2.340038818983292,4.166019269503844,3.4284215594556335,12.022499020161778,11.73932991038196,1,3,4,0,297.298535783617,5.172119564214547,0,True,0.28316910977981813
MOL00243,epigenetic,258.0720664505272,2.357148544808185,0,1,21.931944858593535,5,2,-6.237388388883312,-0.8101370731768615,5.427251315706451,2.466374886736914,8.839247388359553,10.843758282144915,0,6,1,1,359.210877009902,6.915476732189531,0,True,-2.004510893785362
MOL00244,GPCR,270.06181741244365,3.411482950976905,1,2,72.67064949670161,3,3,-6.078603664140359,-2.355895553933614,3.722708110206745,2.9499225707439023,8.974331050395746,11.938186081391805,0,7,3,1,441.64935744930096,7.098143687364528,0,True,-2.9638550309960596
MOL00245,PPI,120.0,-0.11420514294254858,2,10,115.72594325183084,7,4,-6.9367099824815375,-2.3543412914011754,4.582368691080362,5.299706273822063,12.785088617521124,12.00571665816996,2,3,5,1,496.27912598916737,7.646637027777446,0,True,0.7793719593511632
MOL00246,epigenetic,411.86518446861436,3.497777611033667,0,6,91.91837246252278,3,4,-6.502988985125654,-2.835822769555726,3.667166215569928,3.8143194480301554,12.238892185747098,12.557930319100008,2,6,2,0,443.0328241981621,6.703468315049674,0,True,-0.31903813335291
MOL00247,protease,455.35085486331144,2.272491938182343,2,4,76.41860728652725,7,4,-5.549362145661453,-2.08839858810965,3.460963557551803,1.96230870818217,13.236671335591394,16.87750333721418,0,4,4,1,519.4230456408097,6.530074414653021,0,True,-3.640832001622785
MOL00248,other,395.70620385622016,3.567372846852249,0,5,81.06818810533852,2,3,-6.065036250396962,-2.3122109342548356,3.7528253161421263,3.4263719583959014,9.81613553381353,12.225387340771508,1,10,1,1,459.29518035366505,6.328377644608289,0,True,-2.409251806957979
MOL00249,kinase,299.89763205699467,2.887789131038826,1,4,30.559394118550635,3,0,-6.085700811040414,-1.6669564904906278,4.418744320549786,2.36334354325519,8.045832273756721,7.975478407271028,0,3,0,2,405.1914717106061,6.194707327732009,0,True,0.07035386648569286
MOL00250,nuclear_receptor,450.45961047297817,1.6137123717420128,1,3,64.69623475903637,2,2,-6.240067172450924,-1.4225089799566006,4.817558192494323,3.1013718645175956,10.981440289558307,13.276599568491232,0,6,0,0,290.8394540203961,5.320733995493573,0,True,-2.2951592789329247
MOL00251,GPCR,394.21845369894794,4.963374014737256,1,4,58.752852095423414,7,0,-6.069294406687324,-2.2329504615514986,3.8363439451358254,2.5717805238165625,10.632819746073565,12.265373577566285,1,7,1,0,328.5308079308398,7.7874663879175525,0,True,-1.6325538314927197
MOL00252,epigenetic,214.34268019286043,4.1518298664976045,0,8,80.76606138743563,8,1,-7.00213524699485,-1.1734125833889837,5.828722663605866,3.3876971094174118,9.552061915697852,7.288483802834005,2,11,1,1,498.1854566299579,5.5768234607858425,0,True,2.263578112863847
MOL00253,ion_channel,356.10005626246397,0.34733352119721994,4,6,89.5829734609796,6,1,-6.407768781567177,-2.1015493799075173,4.30621940165966,3.5966747901781746,12.759465622431135,16.643071842305375,1,3,0,2,244.22734654095825,7.759084983564902,0,True,-3.88360621987424
MOL00254,protease,341.1093416044519,3.5233086466316212,4,3,71.29334055855769,6,3,-5.626236821221812,-2.4795586681527215,3.1466781530690904,1.8679313556321109,11.876893391011782,13.956173989311152,1,5,3,2,465.12576516802187,9.598724887262236,0,True,-2.07928059829937
MOL00255,GPCR,127.75631996145859,1.9944712084423633,1,1,45.24157533975081,4,3,-6.254258532308387,-1.5509676819496396,4.703290850358747,0.7391382807014323,6.8818976588844505,6.179444989320562,0,3,2,1,384.16115544774937,7.419896707652306,0,True,0.7024526695638889
MOL00256,other,305.4290874819959,2.6779482204914724,1,6,70.89821779385832,5,1,-6.194524369028207,-1.9623252347352322,4.232199134292975,1.9644182319178392,9.77536574935844,12.581584525847942,1,5,0,0,274.72727007214513,6.491120850013138,0,True,-2.8062187764895032
MOL00257,GPCR,295.28594992037335,2.3691176586903553,1,5,49.66961397991203,3,3,-5.801886755389509,-1.6892819552283647,4.112604800161144,2.594098720891722,9.709761396153466,11.984224134364236,1,7,2,0,415.5474064859957,5.684559702801107,0,True,-2.2744627382107705
MOL00258,protease,415.99892812642514,4.599534364548433,1,3,50.343971622026515,2,1,-5.267677542193015,-1.4914849834420314,3.7761925587509833,2.1188488295763213,8.98585773755533,8.132804725296756,0,5,0,1,324.42182063577826,6.264491026753172,0,True,0.8530530122585738
MOL00259,kinase,241.27521053485722,4.515461517532447,1,1,28.120349126593243,5,3,-5.829876912288758,-1.8630812881430874,3.9667956241456706,1.8805940651223025,8.753651626284437,13.583961338545917,1,6,2,0,416.7021601459893,7.743843557709033,0,True,-4.83030971226148
MOL00260,GPCR,264.94035355610555,4.065903238804425,2,8,89.53194948491483,4,2,-6.089307997019225,-2.2302207491900337,3.8590872478291915,3.376276195197455,10.912829754777812,13.215703407898932,5,8,1,2,385.6752627949229,8.658357622544536,0,True,-2.30287365312112
MOL00261,GPCR,348.2544462088044,2.9529871280855784,0,6,81.46975925537717,4,0,-6.572906500290523,-1.7860305479459229,4.786875952344601,3.2034882981237667,8.294218880617931,8.854276460466009,1,4,0,2,367.2238802680518,5.498740547029934,0,True,-0.5600575798480776
MOL00262,GPCR,330.0341992593044,3.8534025854321703,2,8,92.77883959555423,4,2,-6.977173026857718,-1.419160610679394,5.558012416178324,4.4604623968823685,12.572213428214127,13.660390607249504,4,9,0,1,534.7082275352692,7.487612398038906,0,True,-1.0881771790353767
MOL00263,PPI,344.4091494614331,5.0142857456649175,1,4,60.985450638009965,6,0,-6.247040739367229,-1.2229555302284987,5.024085209138731,2.382465548728247,9.889059047554841,8.099329966584065,1,8,1,2,415.52543816033574,6.528146896973217,1,False,1.7897290809707762
MOL00264,protease,461.6014071572953,1.5965190953578587,0,5,49.088954726516796,5,1,-6.282446785798164,-2.0111450789001313,4.271301706898033,3.5384136333583673,11.676667737568893,12.887794914205838,0,4,1,2,305.0380113587695,3.967126292671564,0,True,-1.2111271766369445
MOL00265,protease,291.0999135009667,2.4083426373026233,0,5,85.18878462255583,5,1,-6.066567517137251,-2.1443790514736296,3.9221884656636217,3.29529798450073,8.994228358629407,8.011995088710496,0,6,0,2,499.90946170832257,4.682191855723474,0,True,0.9822332699189111
MOL00266,kinase,175.58635247100563,3.402640748984348,2,7,93.00728659288407,8,1,-6.379395310417302,-1.9851843729381125,4.39421093747919,2.909541773139712,9.90732479320385,10.917851869581842,0,7,1,2,347.5805507459778,6.4425666164932505,0,True,-1.0105270763779917
MOL00267,GPCR,424.32853318607965,3.119078425157598,0,7,87.95325703456697,5,3,-6.552556339761065,-2.9863780602030934,3.5661782795579713,5.375446673028814,14.331342977454092,14.745749201850037,2,2,1,1,396.0197019959785,6.5993283841040205,0,True,-0.414406224395945
MOL00268,epigenetic,406.1539152696149,3.607646166526005,0,1,34.439975241958784,3,2,-5.798785900156154,-1.0035659201970462,4.795219979959107,1.4552742397746647,9.712356822798093,9.322797364669936,0,6,2,0,525.9567695879185,6.473799255526647,0,True,0.38955945812815607
MOL00269,kinase,436.31898733279144,1.7742069586498612,3,9,81.56887607859086,9,4,-6.672009359227168,-1.8713153191507401,4.8006940400764275,3.497507855034447,16.23526435393622,18.160992866198004,3,4,4,0,427.6538747248412,7.60927080902743,0,True,-1.9257285122617844
MOL00270,GPCR,236.9925583793505,3.2036100596682875,1,3,50.649170121106515,3,0,-6.002377383397316,-1.4133042139633825,4.5890731694339335,1.8821662228157339,6.576610891365801,5.861804118769856,0,5,0,1,331.39620917847543,6.080530113650384,0,True,0.7148067725959448
MOL00271,kinase,158.8010401192744,3.326039288298486,2,4,70.08645501570527,4,1,-6.056033007029316,-1.6594716960854656,4.39656131094385,2.2867140199063245,6.55506813267152,8.434838185940318,0,7,1,1,453.28192307965645,8.04513580907694,0,True,-1.879770053268798
MOL00272,GPCR,401.2612374897669,3.163094928469081,4,6,89.9233551563057,6,0,-6.071578076133181,-2.8459773002384083,3.225600775894773,2.281585842897515,11.174125991943141,15.563809463105105,3,4,0,1,361.4180454980647,8.227246776731011,0,True,-4.389683471161964
MOL00273,ion_channel,371.4217267138777,3.0647456013200047,1,8,113.84014681531593,3,6,-5.932410575930367,-3.1679416196267733,2.764468956303594,3.1230712764977184,12.499279610123743,12.928354112333146,4,6,3,1,417.0805656511703,7.918775849747116,0,True,-0.4290745022094029
MOL00274,protease,352.81481024926796,1.5302129902505848,2,4,75.33480343674017,7,4,-6.17163042884156,-1.9475105379361615,4.224119890905398,3.0963926387856033,12.78546826765166,12.696688469656133,3,6,1,2,299.66075627681016,5.639187402051796,0,True,0.08877979799552804
MOL00275,nuclear_receptor,433.4186553106397,2.288473812400441,3,5,97.51169377078159,2,1,-6.468387247401282,-2.0363906318486564,4.431996615552626,3.721040617085948,12.027120278662343,12.724474638681189,1,4,1,0,284.2615951585579,4.662141952134403,0,True,-0.6973543600188457
MOL00276,kinase,389.20506231566816,3.214711817770123,1,0,39.40466554778513,10,1,-5.619495603999556,-1.9797014679997462,3.63979413599981,0.43568368693121884,10.994107417593028,13.097791736994907,0,3,0,1,224.13287109723933,4.250304448203284,0,True,-2.1036843194018786
MOL00277,protease,301.59165518369696,1.0910830667565532,0,6,60.839335732476755,4,4,-6.402777919658173,-1.942408227602913,4.46036969205526,3.0540566703367418,9.074096652517952,11.019176793303512,2,0,0,1,239.20186468530892,6.0526531288288945,0,True,-1.94508014078556
MOL00278,kinase,275.0925999386219,1.5316346905263563,2,3,65.42126866252707,9,2,-6.201555245205159,-2.9830523068498302,3.218502938355329,1.9078393892077323,10.422590388230297,10.971286212861566,1,6,1,0,388.0711398401591,7.455256280706285,0,True,-0.5486958246312685
MOL00279,protease,196.68034562503726,2.409642637816239,3,8,102.90326977216466,2,0,-6.118045147455895,-2.53870131225872,3.579343835197175,3.5350064085257564,8.820398691863035,11.573921204227538,0,8,1,0,532.2404191123941,3.477948232579843,0,True,-2.753522512364503
MOL00280,kinase,439.7101271258124,2.795401402911908,3,4,65.48130552206561,5,1,-6.369157747360681,-1.773595253152862,4.595562494207819,1.7502915632815232,10.945850394668748,11.470381908039005,2,5,0,2,451.94120540049374,6.623286306801893,0,True,-0.5245315133702579
MOL00281,protease,331.9611064285604,1.4342773314764727,1,3,85.85976484955731,5,2,-6.513945445615036,-1.5732559340101517,4.940689511604885,3.698793202054503,11.032262511714823,12.370187059883424,0,1,1,2,356.4098194911792,4.668538416630752,0,True,-1.3379245481686013
MOL00282,PPI,206.51107917643608,3.5492408282186494,4,6,92.74611603260982,5,3,-6.402726049757405,-2.196735876842933,4.205990172914472,3.979666860995684,11.068059782180038,12.04756046212742,0,7,1,1,464.4751474443021,5.837729755828119,0,True,-0.9795006799473818
MOL00283,kinase,357.3439928146793,2.7688073923124765,2,4,72.21159723011853,9,1,-6.529706949802503,-1.938937075487801,4.590769874314702,2.9095248336288475,11.027901307958542,12.7593004651325,2,7,0,2,405.1983696338329,6.7882303929843015,0,True,-1.731399157173957
MOL00284,nuclear_receptor,326.586317599093,2.139350835037788,2,4,63.64655550296744,9,1,-5.376662131189289,-2.321507620995035,3.0551545101942543,2.353779129199525,11.519395326536028,11.03691216131948,2,3,1,1,378.9512555190268,7.038007094575539,0,True,0.4824831652165482
MOL00285,GPCR,429.0271826332931,2.9059394910294007,2,7,71.50602760525817,5,3,-6.594545708274925,-1.8565564592151127,4.737989249059813,3.1261044146447654,13.427132205842954,12.473499795911245,2,5,2,0,327.45831800395223,6.83282160308912,0,True,0.9536324099317088
MOL00286,other,214.8881095152778,1.95159358088511,1,1,67.84307612451312,2,4,-6.020290202364621,-1.7599750570517785,4.260315145312843,3.0784023125980617,8.232986078879026,9.274273104982887,1,5,4,1,397.56035105257115,7.962059837842314,0,True,-1.041287026103861
MOL00287,protease,417.79723407096157,3.2510676040479742,0,3,42.83667008393874,5,0,-6.939722822947846,-0.9607669854422582,5.978955837505588,1.7015501271748825,10.288149740034342,12.696437318175501,1,4,0,0,373.72032656610577,4.947464359765255,0,True,-2.4082875781411595
MOL00288,GPCR,394.33234409980935,1.6333374671220233,2,4,68.5843506915522,5,3,-6.3205851152977734,-2.085225264936181,4.235359850361593,1.9802002153432388,11.586082388471485,14.057494265476441,2,2,3,1,350.1201949573138,10.054517378866537,0,True,-2.4714118770049556
MOL00289,PPI,371.04290546510333,2.296050371674145,2,7,104.03891982807673,3,0,-6.254816313834409,-1.7251364925413601,4.529679821293049,3.7511328039327814,11.232689333688299,11.619350201980694,3,6,0,1,343.9189786508036,7.636351881073737,0,True,-0.3866608682923953
MOL00290,kinase,405.3606258523438,1.1654326333725347,2,7,93.22268187035208,1,1,-6.552063576490361,-2.131793903547922,4.420269672942439,3.0795325517312904,10.100469749716073,10.870693702444788,1,2,1,1,282.4423696328629,6.171897837318917,0,True,-0.7702239527287151
MOL00291,GPCR,302.03762140696256,0.9611611442509853,2,3,39.78030408650709,5,0,-6.226746102026209,-1.3212262654802038,4.905519836546006,2.132571848597552,9.125505401927628,7.581429593872393,2,3,0,1,320.06877300185977,5.05039447363454,0,True,1.5440758080552346
MOL00292,kinase,426.9727501585594,3.384999773396301,2,2,42.20753705899313,2,4,-6.647469051811888,-2.0219581883687927,4.625510863443095,1.9903279570156114,10.844167480331958,11.510027836434222,1,9,1,1,496.86179630472344,7.806487982376474,0,True,-0.6658603561022645
MOL00293,protease,441.45818708674256,4.9812924783065355,1,7,78.16201864084495,9,4,-6.326681409207737,-1.8299984995784462,4.496682909629291,2.4671221383926483,14.21849354545357,16.66528275782888,1,8,5,0,609.01890427762,8.33921879622908,0,True,-2.446789212375309
MOL00294,kinase,296.9282416731744,2.2662381429670018,1,2,44.12726451830225,8,3,-5.994127628018413,-1.9877205498691162,4.006407078149297,2.501630464113225,10.147086310388547,12.434876687863918,0,6,0,1,371.35009964771564,6.92183922228883,0,True,-2.287790377475371
MOL00295,GPCR,205.08799387341367,3.050285483579427,2,9,109.28585286066522,4,1,-5.8445162760517215,-1.2563525941137101,4.588163681938012,3.753123675003416,9.121222910233927,8.317951334900581,2,6,1,0,450.88072465956026,7.706672322210878,0,True,0.8032715753333459
MOL00296,nuclear_receptor,390.17856745133037,2.4791764784622026,2,3,60.76360520635956,5,1,-5.484518332327908,-1.6511246696301043,3.8333936626978034,2.37784313406591,10.369564260879516,6.9252844727271246,0,1,1,1,233.11187379224685,7.540589784927107,0,True,3.444279788152391
MOL00297,PPI,352.3071563587,2.21425584200991,0,6,95.0226191708937,7,2,-6.431850579830985,-1.781895452726015,4.64995512710497,3.4677497642431963,11.521624987718655,11.382999403616537,0,3,2,1,578.5515629971395,7.6081464345653345,0,True,0.13862558410211712
MOL00298,protease,450.0538060304722,1.790167234992544,2,4,54.71854275750083,6,3,-6.087646099592678,-2.137708116276098,3.9499379833165804,2.131257723386521,11.975413048805102,15.866870325737935,3,2,1,1,400.3414256535678,7.659946956348761,0,True,-3.891457276932833
MOL00299,PPI,314.6248832135886,4.243114625315783,3,6,111.10445158897754,6,1,-5.758573967499268,-2.45890935767979,3.2996646098194784,3.2374825144983754,11.627462130125847,14.136007991349256,3,5,1,2,508.5552174515088,7.224619099831098,0,True,-2.508545861223409
MOL00300,protease,276.43591659566687,3.28400619814546,1,4,53.66970085124857,4,1,-6.187020007586226,-1.673358762538003,4.513661245048223,2.372377012279063,8.841493167900179,9.044258235060772,1,4,1,1,403.82437729210335,5.9891635800735985,0,True,-0.20276506716059295
MOL00301,epigenetic,351.80679122606375,4.403152255459291,3,1,12.511385975461305,4,4,-6.335301115159953,-2.414905649729289,3.920395465430664,0.7603852718968684,10.146927488161236,12.478372617363572,1,8,3,1,503.62465642125034,6.91774804781518,0,True,-2.3314451292023364
MOL00302,ion_channel,276.89179279496153,-0.096262680567897,2,7,74.75965230510361,3,1,-6.319218922871811,-1.9544056103115213,4.36481331256029,3.078002136398872,8.751058406066733,9.706717568646278,1,2,0,1,290.5350108592296,3.4129149929386533,0,True,-0.9556591625795452
MOL00303,GPCR,343.30233602504995,3.0097230505958463,0,4,34.54182699912663,3,2,-6.479434655721213,-1.9369351859484536,4.542499469772759,2.2137743827809153,8.467794148560616,9.283789369581982,0,2,2,0,289.2138863173755,7.502215958714641,0,True,-0.8159952210213657
MOL00304,protease,346.870837040974,1.6111048128230414,3,4,70.47327939882237,2,2,-6.632594941372829,-2.2252697145855653,4.407325226787263,2.1521681623608933,9.976758392319848,10.128211477252677,1,8,1,1,397.0503712899242,5.960557946512598,0,True,-0.15145308493282883
MOL00305,kinase,312.31786630045633,2.113748226992317,2,9,112.6438837865884,12,2,-6.191791714933813,-2.9017677561407886,3.2900239587930242,4.47572369775152,15.261084524917155,15.660345177526304,3,9,1,0,524.3995702911599,6.983244980319951,0,True,-0.3992606526091489
MOL00306,kinase,321.2158708623183,2.279090863026626,0,6,58.751607590913395,4,0,-7.227935219070534,-1.509362597850303,5.718572621220231,3.0350916957651988,8.570583996940597,11.025669174975695,2,1,0,1,307.3485270539302,6.305189386532968,0,True,-2.455085178035098
MOL00307,ion_channel,294.27469352644135,2.45651097095476,5,4,95.01702658976566,6,1,-6.620221843823031,-2.5914694765194874,4.028752367303543,3.199446534991315,10.808501481978384,10.372994546266181,4,4,0,1,380.09718570125807,5.80071593876824,0,True,0.435506935712203
MOL00308,protease,319.50215456230717,2.6847232391969174,0,3,44.795346937646926,1,0,-6.36517909940145,-1.660939224771044,4.704239874630407,2.2346284479097283,6.09284509562265,3.939304263023978,0,7,0,2,338.6704809182184,7.6091221643820885,0,True,2.153540832598672
MOL00309,kinase,341.884590924677,2.2122069886205313,1,7,81.26522233793115,5,4,-6.716128290530058,-2.305044995793807,4.411083294736251,3.384806417645104,11.906956351993324,16.54561771423794,2,6,3,2,510.2700642972868,7.979232652322972,0,True,-4.638661362244617
MOL00310,PPI,279.6054456962522,2.642974922212967,2,6,90.08331415373296,5,1,-6.400256082846238,-1.6987597404655537,4.701496342380684,4.632993999377312,10.691722494285813,12.608158304674141,1,6,1,0,513.0865243547124,6.102165495509349,0,True,-1.9164358103883288
MOL00311,nuclear_receptor,257.2055629855778,1.5475598672478945,3,4,82.28951245911385,5,2,-6.229370656687117,-2.4835995571741303,3.745771099512987,2.9855050726764243,9.704010904292694,10.33940430934876,0,2,3,1,349.02342567913354,6.534509363129571,0,True,-0.6353934050560657
MOL00312,kinase,363.7846101841306,2.214641203142104,2,6,91.59717788726388,8,2,-5.807434882590138,-2.485003227535157,3.322431655054981,4.556858277145245,14.185996115220691,13.933456100672869,0,5,1,0,360.3003874726358,8.272760198139586,0,True,0.25254001454782227
MOL00313,kinase,492.6789755344372,5.007460611473432,1,10,124.08458570066561,2,2,-5.977265658326186,-3.173501303527818,2.8037643547983677,5.176359586471935,15.11921051762617,18.638608562087118,0,7,0,0,328.3811483480596,7.650290883330641,1,False,-3.5193980444609476
MOL00314,GPCR,456.5767045028509,1.6861547553557232,1,6,94.14127040568854,6,4,-5.933565318030554,-2.473135415066467,3.4604299029640866,2.154741077822333,12.81504842265043,15.560476097498096,2,7,6,2,437.5083273597635,8.618098980149469,0,True,-2.745427674847667
MOL00315,epigenetic,404.8289797512912,5.637625464957994,1,2,35.6932030915451,5,1,-5.744231426392523,-1.1437758078937736,4.600455618498749,0.407113938108701,10.985351941757063,12.47117598682524,0,7,1,1,427.79388053372287,7.151778378327086,1,False,-1.4858240450681777
MOL00316,kinase,269.5104276511082,-0.18368993947489898,1,5,58.515755109846,6,4,-7.282672286524355,-1.780392437758725,5.50227984876563,3.232032881573251,10.851425725647676,12.940937939595095,3,5,1,1,335.7934019551931,8.578850960966712,0,True,-2.089512213947419
MOL00317,kinase,239.51522918085487,2.9461902311542447,2,4,49.53351215922747,7,6,-5.919490486566026,-2.219467139604241,3.7000233469617854,2.1200575659323406,12.435755925628607,14.58364495574552,4,5,4,2,503.58896654005326,9.620950938124656,0,True,-2.1478890301169127
MOL00318,protease,414.3809486506522,2.5839066288947277,2,3,44.30790895147185,11,0,-6.248054480436411,-1.1678833349965183,5.080171145439893,2.6759405074642233,11.892818346305864,13.455795635647672,0,6,0,1,451.01398045185897,6.891963130459614,0,True,-1.5629772893418075
MOL00319,PPI,452.59189802555034,2.6732345742989807,1,4,56.01793608556815,2,7,-5.501775301834799,-2.287060152274463,3.214715149560336,1.7572664281768997,12.213734263404806,16.29568065447497,0,7,4,1,451.4531887753706,7.348217138343645,0,True,-4.081946391070165
MOL00320,GPCR,546.8051070224683,1.2230209940543215,1,1,34.69918755635234,2,3,-6.085726392643153,-1.9248066082594146,4.160919784383738,1.880829162849902,12.092049547920883,13.998254167698569,1,4,1,0,378.5237705737826,5.465959443228366,1,False,-1.9062046197776858
MOL00321,epigenetic,495.2936287942804,4.7859000655546335,1,6,75.29435713026676,3,3,-6.968011827260668,-1.6843894468284402,5.283622380432227,3.1296326081202466,13.36404581718528,13.843363144990105,1,7,2,0,360.97127442110235,6.101756649519528,0,True,-0.47931732780482506
MOL00322,GPCR,504.50110563247017,3.244180823671475,1,5,69.61378768703047,11,0,-6.479036991258936,-1.8523173656641578,4.626719625594778,1.6947509760308417,12.790075822879462,13.765238009140358,2,4,0,0,331.46419220435723,6.221319100630848,1,False,-0.9751621862608957
MOL00323,epigenetic,300.0305077736579,2.0718504332049372,1,8,105.37581853544681,4,2,-7.156211948201048,-2.9983712304603727,4.157840717740676,4.056375398757921,10.433390502657792,11.495325250173872,2,6,3,1,464.5652874488327,6.893759683427308,0,True,-1.06193474751608
MOL00324,GPCR,372.6544745824625,4.018189616608279,2,6,98.17238698094204,8,3,-5.6153368593785284,-1.5496224400993475,4.065714419279181,2.125573811405446,11.92837391833686,10.364118718584939,1,4,1,1,336.76283633821345,7.544587355820392,0,True,1.564255199751921
MOL00325,protease,439.6158849207718,3.2737359548714,1,4,14.631486532323514,4,3,-6.773735435101605,-2.0521944507715517,4.721540984330053,0.4452999842864158,10.726616520758794,14.098667610025846,0,5,4,1,361.2294023727177,8.089308446702367,0,True,-3.3720510892670514
MOL00326,kinase,354.04235977624484,4.323509916819446,0,5,78.29181680173158,8,0,-5.31699615438269,-1.1365076137088088,4.180488540673881,2.618103962262664,9.909325880268371,12.039415541490845,2,5,0,2,313.23749345731443,7.328572368922984,0,True,-2.130089661222474
MOL00327,PPI,382.17076957916873,2.421605215448292,2,4,76.55873553796529,10,2,-5.942954872740744,-1.7709247974502462,4.172030075290498,2.6650472448312343,12.093102727012973,11.105295605872866,3,6,1,1,473.8518015882666,5.633300281350589,0,True,0.987807121140106
MOL00328,kinase,443.4160330597531,1.42082350613417,1,1,12.50077941443778,6,1,-6.3615474958861045,-1.4882629835644263,4.873284512321678,0.9890736621423606,9.87700592593707,11.765791874824254,0,3,2,0,212.6545796200485,6.994671807337824,0,True,-1.8887859488871843
MOL00329,protease,581.1594049592145,2.1146395194216083,2,1,61.59290669065978,5,1,-6.748044935625106,-1.5089088015862537,5.239136134038853,2.3081024524853855,12.453347364448916,14.53355792503728,0,6,1,2,422.7466209536859,3.8268661750155104,1,False,-2.0802105605883643
MOL00330,kinase,384.7474762005423,3.574994593375481,1,7,80.19989708006247,10,3,-6.046162362339291,-3.1658543706999525,2.8803079916393384,3.114079467163375,13.030933691330302,12.862373952996613,3,5,1,1,434.98119463421256,5.364387702729992,0,True,0.16855973833368942
MOL00331,protease,486.1907493676299,0.021589968540986604,3,6,106.01018172592728,6,3,-6.443368078600889,-2.7642765695206055,3.6790915090802834,3.921733082618822,15.4346680581213,19.65328464989948,0,6,1,1,378.9504822692739,6.058073442963063,0,True,-4.218616591778179
MOL00332,kinase,403.20163589427364,5.352156241414635,0,7,87.48891062743887,6,2,-6.6487561237881465,-2.1120645707589576,4.536691553029189,2.90340286777633,12.118018136012527,14.9602357612427,2,7,2,0,344.1851026663234,5.6631243032044125,1,False,-2.842217625230173
MOL00333,kinase,330.4544181369978,1.6376859414955915,2,7,72.96916948669482,4,1,-6.777416525268897,-2.5231433346788847,4.254273190590013,5.107710037920345,12.857860399924165,10.125698846851295,1,1,2,1,259.9866584885895,3.072324825255925,0,True,2.7321615530728707
MOL00334,nuclear_receptor,265.13475182422053,1.0212641141502035,4,4,74.72240143304668,6,2,-6.926476534213895,-2.1922518675830966,4.734224666630799,2.6740882891631865,10.757952810100486,10.144410203076147,0,3,1,1,365.4035049741917,6.172569421071202,0,True,0.613542607024339
MOL00335,PPI,425.975397467832,2.6925222098678327,0,7,98.22253811876931,9,4,-6.76368022913518,-3.021099682229486,3.742580546905694,3.5402258145379832,13.296403381194917,16.494198407939034,1,5,2,1,269.3786610115028,5.978167174789472,0,True,-3.1977950267441173
MOL00336,GPCR,492.647262071982,1.9975853251364932,2,6,81.96031803462537,6,3,-6.4676042878274025,-1.5614822056156168,4.906122082211786,3.3416655426657664,13.7060530044626,12.999658297161544,0,5,4,2,515.2424262753757,7.266120747288513,0,True,0.7063947073010564
MOL00337,kinase,331.2922073206939,3.3784319614949467,1,7,63.43175637274322,4,0,-6.243184403242642,-2.1001999825535558,4.1429844206890865,4.108227279435035,10.620844232228354,7.567485626677248,3,4,2,1,324.776494118419,7.3678984036191055,0,True,3.0533586055511055
MOL00338,kinase,281.3536068342734,3.4527922413479777,2,8,129.78184863352175,3,2,-6.2384049039521345,-3.527060681635622,2.7113442223165127,4.733564125784351,12.255634117922835,11.89608763056264,1,8,2,2,401.39193922681625,6.60124098938614,0,True,0.3595464873601948
MOL00339,protease,477.1126334283004,3.644600351124108,2,5,82.28151891795554,0,3,-6.144274371649652,-2.2453974461551134,3.8988769254945383,2.4238684810189444,10.509134494425748,10.783437440975248,2,7,4,2,495.71479010909945,6.096244141049258,0,True,-0.2743029465495006
MOL00340,protease,473.24013105016024,2.4824385779013647,2,6,111.66425129707837,2,0,-6.438815346176429,-2.01461687940854,4.424198466767889,4.076923066350171,11.9931193044087,11.124759041907646,1,3,1,1,426.30624413794817,7.991013132853005,0,True,0.8683602625010529
MOL00341,nuclear_receptor,373.08580804965914,2.992606230209118,2,8,92.80834417887161,7,2,-6.238790648267882,-2.0734651724361193,4.165325475831763,3.062406658575635,12.627239860732004,13.427329046124353,1,5,1,2,421.9710559292523,6.5534075081312775,0,True,-0.8000891853923484
MOL00342,ion_channel,292.82984306207965,0.7888394255199667,1,5,67.578965302904,9,2,-5.954917825856994,-1.5617763758101968,4.393141450046798,1.8629471238994026,10.424703534990899,12.104754204786463,0,3,0,0,391.64375124498116,5.725361576887538,0,True,-1.6800506697955644
MOL00343,protease,295.8722706181142,-0.26014726858682513,1,4,57.833632652688316,9,2,-6.572031396515346,-1.524392177453508,5.047639219061837,2.538270466469396,11.090774192591162,11.8036238486116,1,4,1,2,399.3450799806248,7.232671201898875,0,True,-0.7128496560204383
MOL00344,GPCR,254.85965953164754,3.2277777525499722,1,8,86.08267690684998,5,2,-6.108926729230838,-1.6984266411250974,4.41050008810574,3.586051509168168,10.184005371719635,13.19934378932517,0,4,0,0,266.7686688794515,6.184012227510486,0,True,-3.015338417605534
MOL00345,PPI,317.21640387623586,-0.9230798235314293,1,6,98.90636291580611,6,2,-6.781693951820173,-2.249470290023745,4.5322236617964275,3.5492622251321864,11.712870600837878,13.923492771524842,2,7,1,1,364.97257246618375,4.139649835871651,0,True,-2.210622170686964
MOL00346,PPI,529.8336851518911,3.216144136922211,2,2,44.891864101564586,6,3,-6.230469888078762,-1.3534140298530506,4.877055858225711,2.168129233665958,13.824544710757928,15.51300711436726,1,9,2,0,466.16181849736216,7.311117619472708,1,False,-1.688462403609332
MOL00347,kinase,372.26690835399455,3.0846309922477895,2,4,60.13898503795156,4,1,-5.576474498748396,-1.9847606886116758,3.59171381013672,3.4614111597408055,10.45904859262478,10.256087158871532,1,6,1,2,460.7013463007755,7.066656109907249,0,True,0.2029614337532486
MOL00348,other,301.46057983182516,2.8097181971414096,1,5,73.06492260233983,6,0,-6.048426244272179,-1.749183409813137,4.299242834459042,2.553859300250685,8.173894404852811,8.916492952255329,2,5,0,1,331.4470985361688,5.885507267688009,0,True,-0.7425985474025172
MOL00349,protease,540.8593287105502,2.0261026077725646,3,4,84.69049530677418,3,4,-6.145916754938841,-2.41657544410176,3.7293413108370808,4.163118791624399,15.003895631910133,16.87729323076075,1,3,2,0,361.2039003084469,5.921538516179974,1,False,-1.873397598850616
MOL00350,protease,349.0690006516718,2.4415541674685675,2,8,121.20720555323564,7,1,-6.578909735646731,-3.23781573067581,3.3410940049709215,4.617899167831064,13.624700793951654,11.14706031276743,1,7,0,2,430.53613799271415,6.0251889917663215,0,True,2.477640481184224
MOL00351,protease,294.5205395770958,2.526042815008575,1,3,20.15242624985257,5,4,-6.943430175234496,-1.6115478325610302,5.331882342673465,1.2638840429426716,9.92859642781173,12.466865116981433,1,5,4,1,420.2439723094655,6.498655786275916,0,True,-2.538268689169703
MOL00352,kinase,333.53679472094416,0.9335101155130594,2,7,107.55118561032444,4,3,-6.24901145931737,-2.5643989558514084,3.684612503465962,4.81475786230729,13.277720317531742,14.878032944654798,3,2,2,1,272.0924969298259,6.217012392433643,0,True,-1.6003126271230563
MOL00353,GPCR,330.1550743152467,1.3951229051060323,1,3,53.35362415507717,7,4,-6.2119405046487355,-2.0275282520789593,4.184412252569777,2.368102306003795,11.099787922205813,12.911553579275937,3,6,1,0,326.4488731107269,7.180263456506795,0,True,-1.811765657070124
MOL00354,protease,418.33221977703283,2.2992095460270137,2,7,100.7653161649121,1,2,-7.105568155153689,-2.497326253849572,4.608241901304117,3.319795989471535,11.12415854380091,13.387613324156849,2,7,2,0,525.1107419979282,6.895770620737957,0,True,-2.2634547803559393
MOL00355,epigenetic,258.5441585597854,2.6682472924430565,3,3,48.66735448132582,4,3,-5.772173414996503,-1.2242200748989163,4.547953340097587,2.340681467046949,9.355839105276194,9.410771343957512,0,5,1,2,271.37737584741944,7.033651669978026,0,True,-0.05493223868131736
MOL00356,other,255.37484622216314,5.242000366175779,0,6,61.27716939399542,6,0,-5.66757321518424,-0.8620862590650541,4.805486956119186,0.38234084442357696,8.366793424744106,10.355934873157857,3,7,1,2,428.7553295785966,6.630357798903628,1,False,-1.9891414484137506
MOL00357,GPCR,219.25533494593273,3.5386841572784062,1,6,89.52125141671372,3,2,-6.271945389389204,-2.487769632523946,3.7841757568652583,2.3409713990045105,8.329385044240407,8.886380238854995,1,9,2,1,453.39472319647274,8.1403230624934,0,True,-0.5569951946145881
MOL00358,other,542.1043819968024,3.6420880497289194,1,4,70.865920867317,8,1,-6.119617978427604,-1.7362999236059218,4.383318054821682,4.015031180298664,13.913549607937274,15.275781403741695,0,6,0,1,248.20576040828206,6.028542358792107,1,False,-1.362231795804421
MOL00359,GPCR,461.4471550950487,0.958256823628707,1,5,41.11207269176048,4,1,-6.458129791099692,-1.9585011522662905,4.499628638833402,1.0836550869438466,10.369983616922573,9.678699754586784,1,3,0,2,372.899867641175,6.589421413837574,0,True,0.6912838623357889
MOL00360,epigenetic,311.49599418667555,1.3100563764164013,1,4,49.322274329201164,3,1,-7.011969151480024,-1.0391115711763623,5.972857580303661,1.9954344082268087,9.210276577516826,11.594390723694094,3,3,0,2,255.9429593313692,6.770258404668153,0,True,-2.384114146177268
MOL00361,protease,438.84061077771213,3.3309856008124576,2,4,11.879349745431597,3,1,-6.140972078344171,-0.7729582090078219,5.368013869336349,0.48703008818279625,10.166491402260517,14.140070053404443,2,2,1,0,302.61589310602733,4.5460299816155025,0,True,-3.973578651143926
MOL00362,nuclear_receptor,121.23280171868541,1.963655277541919,2,5,88.99559329682596,2,3,-5.412001323436424,-2.81392202426761,2.5980792991688144,3.0486056090583915,8.18050381347234,8.04593273944531,1,4,1,0,418.63058329373746,6.983877168689891,0,True,0.13457107402702917
MOL00363,protease,253.74638117678563,4.047593054979724,3,6,75.12954097858123,6,3,-6.082214979603771,-2.282754871741357,3.799460107862414,3.4868230807068743,11.509513223991986,13.674664380195496,2,11,1,0,500.7451821298018,7.443357014638189,0,True,-2.1651511562035104
MOL00364,kinase,293.4944500198022,2.337876736503796,1,14,178.5990830389803,6,1,-6.987383921888774,-3.8609406189303526,3.126443302958421,7.2658551356953724,15.86368678747857,14.739989038485795,1,3,1,1,278.64680230429906,5.537214133992467,1,False,1.1236977489927753
MOL00365,GPCR,485.50770925515235,0.4524890397024728,5,7,95.16621988755693,3,2,-6.7986267560566835,-2.9524995685332103,3.8461271875234733,2.928271657553967,14.212430994604922,14.51375384258091,1,5,0,1,373.97548190715435,6.403545193252918,0,True,-0.3013228479759871
MOL00366,other,332.45177621116204,4.197808998146376,0,4,33.33021135695148,8,2,-5.367436805702538,-1.4755793030502344,3.8918575026523037,1.762416707641766,9.59239778498782,11.96864774021497,0,3,1,0,367.7196022493104,5.273241034878171,0,True,-2.3762499552271485
MOL00367,epigenetic,456.63479182900915,1.146515861763341,0,5,49.860272122888674,0,2,-5.885352142248464,-1.4892486657915995,4.396103476456864,2.6243256504257735,9.30836768236291,9.407734732626661,1,7,2,2,419.836814631399,7.211730481292183,0,True,-0.09936705026375137
MOL00368,GPCR,355.83999081888993,2.9457496749456746,0,4,36.7576120342842,6,6,-6.039116840922845,-2.129010197029918,3.9101066438929273,2.3798049030559674,11.125202964395946,11.981874377882576,0,4,2,0,349.5681475226287,6.177360331064441,0,True,-0.8566714134866302
MOL00369,kinase,498.8398828582755,3.560405341759767,0,7,53.68363363691288,4,3,-6.362160524968805,-2.0956309003898705,4.266529624578935,1.4642351124752888,10.715014467207771,14.876759783630487,1,6,2,2,437.8664436109397,6.981578969262685,0,True,-4.161745316422715
MOL00370,kinase,277.0481138901327,3.2676430961401213,1,4,52.52769264743339,3,3,-5.785429759787229,-2.317242537927346,3.4681872218598833,1.4644580231256523,8.769308868469732,6.848713285702664,1,7,2,1,400.7761325261648,6.44752247598991,0,True,1.920595582767068
MOL00371,epigenetic,334.241265365386,3.3069695600092044,5,3,55.694793059598524,4,1,-6.647070802076991,-2.0773786100324116,4.569692192044579,2.0056567056299404,10.529491986919927,14.130070381816175,5,1,1,2,361.5086040746436,5.891922121853421,0,True,-3.6005783948962478
MOL00372,protease,344.19976934108524,1.3908173439076676,2,4,60.593909596359,4,1,-6.371083343472416,-1.7868374699446736,4.584245873527743,1.9042790055551946,9.424601445169484,9.909486741867488,1,5,2,2,343.3113363447234,6.1712516144742695,0,True,-0.4848852966980033
MOL00373,epigenetic,519.8970010396806,3.244480669744326,1,3,48.06768568296268,7,5,-6.402430383207949,-1.9985155323804165,4.403914850827532,1.375218659621438,13.863390326664755,14.645295032359325,0,3,0,2,200.27210461262888,6.876870193797454,1,False,-0.7819047056945703
MOL00374,kinase,214.23688356617748,1.5375318973165506,1,5,60.16701609622102,4,4,-6.526958371058906,-1.9280232773010904,4.598935093757816,2.5735498082023938,8.618305315084559,9.868483774676003,0,6,4,0,387.524524055982,4.950055478254062,0,True,-1.250178459591444
MOL00375,epigenetic,289.7532567094876,4.147548712018072,1,9,83.20482433463212,7,1,-6.316179150863808,-2.7223820281047857,3.593797122759022,4.521797905122594,11.616396126014697,12.484270490382293,1,9,0,1,415.62367257489814,5.081035664559967,0,True,-0.8678743643675961
MOL00376,GPCR,301.2448164620245,0.9889610746059108,3,2,45.45048448647974,1,3,-5.991158920791706,-2.4288519534998945,3.562306967291812,2.616699137753649,10.053995579580903,9.741809704762632,1,1,1,1,294.6537821936749,5.394652023848031,0,True,0.31218587481827065
MOL00377,other,450.85921850622856,1.3651572649578354,1,3,53.02316735938868,5,3,-5.9328108647099365,-2.8533935488281164,3.07941731588182,2.7119528139681552,12.359688542511368,14.209675063297246,2,7,1,1,386.681633337267,6.7165583881439375,0,True,-1.8499865207858779
MOL00378,kinase,359.47223188368247,2.656720980149403,2,5,91.20120956640828,7,2,-6.628143625107172,-2.9818743123898424,3.6462693127173296,2.3341480298331714,12.012100151873259,12.28057261035009,2,4,3,2,360.3086518807874,7.73488896700318,0,True,-0.26847245847683077
MOL00379,GPCR,555.8340746131237,1.8789200267155421,0,3,46.152557900538994,6,4,-5.971443987358945,-2.4670677219750767,3.504376265383868,2.005026592700402,13.151476237959468,18.37296298474503,0,5,3,1,402.61577143072975,5.701937131383665,1,False,-5.221486746785562
MOL00380,nuclear_receptor,317.4356842938973,0.6636417136304524,4,1,58.55448502898075,3,0,-5.905715284205652,-1.076274977997268,4.829440306208384,0.7007022254229844,6.348459965725448,7.212099644606752,0,3,0,2,252.62089914674152,4.026295739057488,0,True,-0.8636396788813041
MOL00381,kinase,422.23459273085814,1.304854559838627,2,9,94.34857682104044,5,4,-6.81288723233187,-2.3365114186366265,4.476375813695244,5.036804825508932,15.861110816529074,15.49413301562632,1,6,1,1,456.2098016849917,6.283418055580303,0,True,0.3669778009027542
MOL00382,ion_channel,246.15461516751822,1.9822292337780931,2,3,49.951388580031235,2,4,-6.0235019504912755,-2.246449416811436,3.7770525336798393,3.0188338237063315,9.750060854055915,11.61978295320015,0,3,3,1,492.68229419953013,6.411894446212437,0,True,-1.8697220991442354
MOL00383,nuclear_receptor,360.05988046064306,3.995196695165408,2,4,66.98566640502915,5,4,-5.567642813683387,-1.8083129883469562,3.7593298253364305,3.098103610699716,12.677338096384723,14.624525659946231,1,12,4,0,597.2585324789247,7.444254004418319,0,True,-1.9471875635615081
MOL00384,PPI,303.2503751594291,2.643914724830604,3,9,152.78867598544718,3,1,-5.789584890637648,-3.7484538862529044,2.0411310043847433,4.5059090189289925,14.410992284669359,16.41468970145496,3,8,1,0,372.9650076121272,6.8528416660765625,0,True,-2.0036974167856023
MOL00385,kinase,400.2100540373087,1.2649306581255813,3,7,118.41884805583955,2,0,-6.423464913440654,-2.3918180209250335,4.031646892515621,4.614546466241144,13.211810042183185,15.450858214853607,4,0,1,2,465.7308940807717,6.906336590932235,0,True,-2.2390481726704223
MOL00386,kinase,248.9779783692374,0.6431424661352425,0,4,40.088314584332196,5,1,-6.647208686037125,-2.1016477054031424,4.545560980633983,1.6266979189067423,6.898224154135784,5.878366258629526,0,4,0,1,360.0455535300977,6.791618078322455,0,True,1.0198578955062576
MOL00387,protease,415.12886141786754,0.4199995559979617,3,2,32.854117425481775,7,1,-6.800385756766659,-2.214362343879187,4.586023412887472,2.29731019271995,10.899744400200595,11.726345945026107,0,1,0,0,237.00345177553027,4.931873251122355,0,True,-0.8266015448255128
MOL00388,GPCR,335.5938882844219,4.328663264872048,0,2,35.923538844690164,5,2,-5.90597951875511,-1.1034885053035484,4.8024910134515615,1.409871354595043,9.072097619430844,10.52147084597225,0,4,0,1,268.3593469266123,5.892872583215819,0,True,-1.4493732265414057
MOL00389,ion_channel,256.69301340504114,2.59635049592953,3,7,71.67696084421375,2,0,-6.788535890713582,-0.8012930674079715,5.9872428233056105,4.502184538786878,9.562047419938214,8.858158692653287,2,3,1,2,381.9422745502582,5.737204303871115,0,True,0.7038887272849266
MOL00390,epigenetic,331.85007475848926,5.1681144163902815,2,11,106.88906970433261,7,2,-6.032588224322023,-1.7064409157640785,4.326147308557944,5.006826552616392,15.0431511960858,13.271610861122985,4,8,1,1,341.95142340117036,6.758652252571475,2,False,1.7715403349628147
MOL00391,other,548.0304278784939,5.5719733222255226,0,2,12.696782949108478,5,2,-5.8724618370192765,-1.093633972073534,4.778827864945742,0.44328032493141895,12.227494016435816,17.918377313468476,0,9,3,1,602.5509745341011,6.335627460115812,2,False,-5.690883297032659
MOL00392,protease,559.5652318859997,2.466292820278886,3,4,60.819542355280866,3,2,-5.411334458886451,-1.963791680780072,3.4475427781063788,2.4604172715844204,13.44467829310168,15.763689448243264,3,2,3,0,411.7199497832788,6.653995712673859,1,False,-2.3190111551415846
MOL00393,epigenetic,303.3629253895081,1.6113197267942674,1,6,74.52620699360443,2,3,-6.972215538943217,-2.3307455211688457,4.641470017774372,4.1340682361688685,10.82830519589382,11.825599622930326,1,3,1,0,360.88323597818186,5.541817151147984,0,True,-0.9972944270365058
MOL00394,protease,425.6659973005679,3.7547349180662866,0,4,57.98743304407695,5,2,-6.330993600825856,-2.8110359129174696,3.5199576879083865,3.1444113722916387,11.21447838697935,12.115517539835174,2,3,1,0,338.39788819742313,5.312682874123693,0,True,-0.9010391528558248
MOL00395,kinase,333.4476531963245,5.113951973060056,0,5,60.51608406733318,4,3,-5.992613606046433,-2.0270747406851672,3.9655388653612658,3.2792404340768773,10.40097653667704,13.902819286008729,1,5,1,0,338.8546115625226,6.998401926095426,1,False,-3.501842749331688
MOL00396,epigenetic,512.4748089597002,2.3116036782004894,1,7,87.20236691894806,6,1,-6.564148227150634,-2.775069673371474,3.78907855377916,3.7980697081034096,12.675182258673086,17.63506541785297,0,2,0,2,294.8545756821642,5.574853076174708,1,False,-4.959883159179885
MOL00397,kinase,138.844497995528,2.347472982245444,1,4,80.94051325882421,3,3,-6.0078576537565285,-3.400393120860117,2.6074645328964117,3.3313771969642443,8.065917027900882,9.160802489056886,1,6,1,2,368.6611210143062,6.590169952507045,0,True,-1.0948854611560037
MOL00398,other,402.28424638951367,4.5959514831712,2,6,74.47515376599036,6,1,-6.0370220628876705,-2.8679777161044724,3.169044346783198,3.571918014959048,12.616134642617087,13.449024116249676,1,6,0,1,300.08399509860243,6.540616682935204,0,True,-0.8328894736325889
MOL00399,protease,377.82096717740416,2.262828707507147,0,3,41.515882902478694,5,4,-6.319552226080923,-1.9530835352579954,4.366468690822927,1.8539371380145118,10.062685041071033,13.49823373587775,0,7,3,1,413.7061596643323,8.161377724455873,0,True,-3.4355486948067178
MOL00400,epigenetic,379.4067576717127,2.9949563019540757,4,2,45.056271455700696,8,2,-6.0094438232329255,-1.4873308754226677,4.522112947810258,0.3166373210391715,10.545789478681248,9.215067354142285,6,8,2,2,575.037491799777,7.126121421924827,0,True,1.3307221245389638
MOL00401,nuclear_receptor,444.61154954705796,2.7488318120138975,0,5,68.42443369255791,5,1,-6.55081145663024,-0.9670589823997046,5.583752474230535,2.7204586107755357,11.057813436900826,14.854101642539966,0,2,0,2,219.5900832666701,6.589236345134665,0,True,-3.79628820563914
MOL00402,GPCR,441.45489448612136,1.6717753861588127,3,9,80.11447677199504,6,2,-6.573368028794055,-2.7552669078891254,3.818101120904929,4.7954799253344085,15.819012615682936,17.41642054209426,5,6,2,0,461.65222790592384,7.064166744735127,0,True,-1.597407926411325
MOL00403,nuclear_receptor,504.50516892719776,2.036924648410926,0,9,103.31182685050638,6,0,-6.6041281850140034,-2.1700093881309535,4.43411879688305,4.479893285016282,12.244714503027465,10.952206548339797,1,2,1,1,474.49155327113374,4.9297094234749625,1,False,1.292507954687668
MOL00404,kinase,412.6028138371357,0.34391702058372386,0,5,63.19981440301132,4,3,-6.350379185608113,-1.9295480201127577,4.420831165495356,2.9010543914953772,10.324412633926006,13.74740664113624,1,2,4,1,453.1320669783426,6.863121184190061,0,True,-3.422994007210235
MOL00405,protease,475.9193248741944,1.5244302796336517,1,4,60.47188218540178,8,5,-6.27585348744319,-2.436518428714503,3.8393350587286874,3.2357348631809084,14.491388906490137,17.46063648630952,1,6,1,1,330.7628929808092,6.78633880441716,0,True,-2.9692475798193847
MOL00406,epigenetic,356.7988236417095,3.562097261163103,0,2,12.854686398125637,7,1,-5.722229716833125,-2.031363127945296,3.690866588887829,0.5153531896076703,8.643844300733885,11.834005411683574,1,1,3,1,391.27408148985086,6.319275015875343,0,True,-3.1901611109496884
MOL00407,GPCR,422.19799908575806,2.12039864648342,4,1,53.007437506082994,3,0,-6.455774074455013,-0.8824719273580005,5.573302147097012,1.5537681038004933,9.292652029470705,11.799828163039026,2,1,0,1,303.4070367389945,6.534541475750761,0,True,-2.5071761335683203
MOL00408,protease,277.1583007397462,2.8611487264214155,1,3,52.844162411147074,5,1,-6.672220507730827,-1.2597530878268794,5.4124674199039475,1.868833042883332,8.961903443395444,9.908613709167591,0,9,0,1,398.58494892659553,5.979098869781226,0,True,-0.9467102657721469
MOL00409,protease,492.6955897343768,2.1791094992236433,2,6,83.77652919523817,5,4,-6.000770053712028,-2.7382654876673502,3.2625045660446776,3.9172939750696454,15.267515690787596,17.346284319830808,2,4,2,2,443.55738587574734,7.825663746363074,0,True,-2.0787686290432124
MOL00410,ion_channel,417.00145564093555,1.430112116883844,1,4,68.34190610002653,4,2,-6.235440018156359,-1.387070455115442,4.848369563040917,2.016407479443126,9.856362220998273,13.28888813055282,0,7,3,1,429.13344765767727,6.786362582708198,0,True,-3.4325259095545473
MOL00411,GPCR,393.3511741318642,3.6365437983366533,2,2,56.62564690724055,5,4,-5.728888224703306,-2.5394390987656235,3.1894491259376827,1.6307171864650742,10.561073682805013,8.405687040088653,2,8,3,0,434.8410779736233,7.748137535390447,0,True,2.15538664271636
MOL00412,GPCR,347.2796996031158,2.7857473549467437,0,5,48.96724289820065,8,3,-6.36031163970636,-2.5747219193812865,3.7855897203250737,1.4087005688335088,10.457179886101862,10.342857451748355,0,10,3,1,452.40803986921594,6.948310590628488,0,True,0.11432243435350742
MOL00413,protease,332.06544072791894,1.4839485813376805,0,1,12.340408535200883,5,3,-6.728472005225696,-1.9339068163177253,4.794565188907971,1.8239084969977442,9.141995538365332,10.30142862202022,2,5,0,1,374.6023549003027,7.070402273450453,0,True,-1.1594330836548874
MOL00414,other,373.599509102654,2.3887209476069495,1,4,33.21988052927411,5,4,-5.90368044141679,-1.3132711481439243,4.590409293272866,1.9612012683412294,10.802927105067024,10.322638752588606,2,6,3,2,526.3805360817723,6.044421425633893,0,True,0.48028835247841783
MOL00415,GPCR,527.7300647831349,4.330664822826874,2,9,91.5808529726934,3,1,-5.875831446510354,-1.8931350985468278,3.9826963479635262,3.142517396712836,13.657157301106304,13.97916580683967,4,5,0,1,313.6554837318238,7.078803694453869,1,False,-0.3220085057333666
MOL00416,epigenetic,344.76846666006946,-0.5427218328070191,0,3,72.83357429801082,3,2,-6.155988982879217,-2.15061944159915,4.005369541280067,3.6574194241173856,9.336314949151143,7.459522220059592,1,1,2,1,381.8368986432425,7.34904852115805,0,True,1.8767927290915516
MOL00417,kinase,331.9849936416349,5.42191012364448,2,1,46.94923228065382,7,0,-5.874117528111086,-0.757229753777666,5.11688777433342,2.158291060178051,10.63355401609012,11.825285671949421,1,10,1,1,373.31599120236535,7.527429931366713,1,False,-1.1917316558593019
MOL00418,PPI,371.09404707890064,2.890884173201275,1,3,51.40883784747502,4,3,-6.38550782728687,-2.376840686782259,4.008667140504611,0.6035950444047811,9.356856098206237,10.290390802038106,1,3,0,1,357.1306090437102,4.999321209673953,0,True,-0.9335347038318691
MOL00419,GPCR,507.5339713930624,2.9493146834729234,0,7,96.69702750947496,7,1,-6.488936693792691,-2.372116483729405,4.116820210063286,3.478989761580423,13.425376085685068,18.00871970409319,3,3,1,2,526.5993688545282,7.99667642441573,1,False,-4.58334361840812
MOL00420,kinase,230.66679647454816,4.003347189123798,0,1,8.317931964086807,10,6,-6.059051146622595,-1.2973063116459993,4.761744834976596,0.4266691779079259,10.013234004020237,10.103307245438993,1,8,8,0,612.1575851723641,6.480204937383435,0,True,-0.0900732414187555
MOL00421,PPI,172.4665636317064,4.832220454681506,1,4,46.68456174661288,1,2,-6.767031202248653,-1.2460452666024202,5.520985935646232,2.1516829506468387,7.288695439477049,8.918568190139613,1,10,0,1,634.7305352935302,7.350229579318069,0,True,-1.6298727506625639
MOL00422,ion_channel,548.6563381841413,3.8686897885631195,0,6,74.93289845458679,7,5,-6.162754342766554,-2.643771670727537,3.518982672039017,1.52221988863698,13.582081537027824,16.428715013732088,2,9,1,2,493.1460310029867,7.336684861432468,1,False,-2.8466334767042643
MOL00423,nuclear_receptor,389.9487069943591,1.8880472518816274,2,8,94.04442010923867,1,2,-6.981555557781118,-1.617524676417315,5.364030881363803,4.583676250221195,12.761808041051426,10.896740286632323,2,2,2,2,361.7583862123733,6.8094661216205195,0,True,1.865067754419103
MOL00424,kinase,536.762993582895,1.5452138024499584,1,3,53.581284337520515,2,0,-6.12455741060476,-1.5361478117446565,4.588409598860103,1.6668685097400502,10.261424902193816,14.418272274815799,1,2,0,1,172.13132587144798,5.340876445211973,1,False,-4.156847372621982
MOL00425,kinase,454.5390335578221,2.94315867282722,3,10,103.98146519866594,2,3,-6.651853789568751,-2.334401791939858,4.317451997628893,5.0388214511184115,16.049183817246174,16.124682862076334,1,2,5,2,454.7046705660774,6.810807915406488,0,True,-0.07549904483015979
MOL00426,protease,309.8404418327208,0.35591875446386556,0,10,122.22736103933634,3,1,-6.554636809124675,-2.209586669931185,4.34505013919349,5.043699880950542,9.862248364034256,8.744746099297789,3,3,0,2,329.863227445978,8.35395081500079,0,True,1.1175022647364674
MOL00427,GPCR,504.84475965056345,0.1352905038693808,1,4,66.87510936882104,3,0,-6.158340599380034,-2.3453193710428657,3.8130212283371687,3.1424744283263273,11.252328595325919,13.626445221713675,1,1,0,1,333.4207698985301,4.929664383450916,1,False,-2.3741166263877567
MOL00428,ion_channel,213.7752404676728,2.258987058812003,1,8,91.8364086859079,6,3,-5.9143111513438615,-2.501027037639161,3.4132841137047008,4.292057362753878,11.681284619715402,15.736109353884572,2,6,2,1,417.4935848900643,5.8666921711058,0,True,-4.05482473416917
MOL00429,GPCR,472.17291540513645,1.4234056420500123,2,3,61.940648727787234,7,4,-6.3974080424285225,-2.5057647780384817,3.8916432643900407,0.6861356126448299,13.150557388528425,16.656565963185887,1,4,2,1,370.4384354807465,7.546489661553084,0,True,-3.5060085746574625
MOL00430,PPI,360.9495990653033,3.302975618208415,1,2,49.60425438011328,4,2,-6.378610713959599,-1.2251568447546193,5.15345386920498,1.632896689043733,9.475272315889034,9.506264575527908,0,5,4,2,370.6974248586848,7.43683198836117,0,True,-0.03099225963887342
MOL00431,epigenetic,413.9644991061549,0.958262139708463,1,8,129.92268135826956,14,3,-6.603347445549423,-3.568894313125134,3.0344531324242894,4.785258129979209,17.84340031373726,20.3723153385536,0,2,0,1,395.54796775419936,4.839965134391022,0,True,-2.5289150248163423
MOL00432,PPI,435.6146436064546,4.990182804740816,0,4,52.45910221056182,7,3,-5.54517575367189,-1.7252035947695268,3.819972158902363,3.028600462663058,13.14916506426668,12.712438635413426,0,8,2,2,492.64599164861005,5.471319078800879,0,True,0.4367264288532553
MOL00433,nuclear_receptor,267.75222831413345,2.085566787631249,3,4,61.92863968187865,5,1,-6.9371710530576935,-2.599037160926052,4.3381338921316415,3.1939382665299734,10.631731868878909,11.564895516041181,3,5,1,1,365.13089050746987,6.50158749481923,0,True,-0.9331636471622726
MOL00434,ion_channel,523.5884072761655,2.608943776841945,4,3,94.21686341215148,8,2,-6.511793462407547,-2.9759787465173377,3.535814715890209,3.9735650501399205,14.619530767474552,15.608242580341546,1,3,2,0,367.77435220242506,6.249618897474153,1,False,-0.9887118128669936
MOL00435,GPCR,248.22971370617188,1.4118973246789925,3,11,149.1059111681695,3,3,-5.803587335665392,-3.26875264746762,2.5348346881977717,5.714255638359305,15.430507308680303,17.411407590912564,1,4,3,2,572.3953618600417,7.6360384438152265,1,False,-1.9809002822322608
MOL00436,other,356.11140319799574,1.6890465227274682,1,4,53.14167247877781,3,1,-6.560837399644185,-2.6497024848455224,3.9111349147986623,1.5384067736563174,8.654389940637575,7.051145504944216,2,4,1,1,403.1464581611931,5.729157703249548,0,True,1.6032444356933588
MOL00437,protease,504.4310076260063,0.774881638586085,0,5,50.21947524294658,4,5,-6.482834393123209,-2.144125499798194,4.338708893325015,1.4573099135050471,12.414224715557063,17.164417997135143,0,7,3,1,358.625731292118,8.366551378371154,1,False,-4.750193281578079
MOL00438,GPCR,432.76688561629237,2.859560777240753,2,3,69.50077582877105,7,0,-5.976710906249842,-2.3219191782734465,3.6547917279763955,2.9051413776303896,11.430256911156073,13.093156240209868,3,3,0,1,373.7029710599818,6.632037215903386,0,True,-1.6628993290537952
MOL00439,epigenetic,194.7534582065687,1.3921044940500251,4,2,48.339471138342475,4,2,-6.3031531657229705,-1.3384938600277176,4.964659305695253,1.6294807683884152,7.685808475144685,7.8117945133082225,1,5,2,0,304.1093401810059,5.929488070831334,0,True,-0.12598603816353737
MOL00440,other,446.403796270682,1.765649683207859,2,3,78.86871201805388,5,1,-7.009556274755027,-1.9761419268633542,5.033414347891672,2.9270875693298057,10.99339466969417,12.511730815193637,0,2,0,1,224.6258444394989,5.061859871302704,0,True,-1.5183361454994664
MOL00441,protease,373.53478841977596,2.171534935330685,2,6,99.22161418864681,5,2,-6.570481131247053,-1.9983909380680038,4.572090193179049,3.6263843705404795,12.192288190590448,16.00294669305823,1,5,1,2,362.7474789653617,6.868428015354086,0,True,-3.810658502467783
MOL00442,protease,544.1003387743144,4.738366261809282,0,4,39.99056734076655,4,5,-5.847736053630849,-2.470641068213208,3.3770949854176413,1.4524213424360632,12.897563761243998,14.667463516001352,2,8,2,2,397.904600406807,7.918660561356409,1,False,-1.769899754757354
MOL00443,GPCR,476.0539998433046,2.917111289155613,0,5,57.79921291044341,5,0,-6.130893795227902,-1.3020693916212163,4.828824403606685,2.613480497202204,10.908632565220604,9.708455609052873,0,3,0,0,276.74891556569673,5.631588447353736,0,True,1.2001769561677307
MOL00444,GPCR,497.7089006824382,3.101864687414131,1,3,52.4178671076052,2,0,-5.948909132410526,-1.0577044501591866,4.891204682251339,1.6911206506863385,9.424882440374802,14.785579139056296,0,5,0,1,298.1059684196873,6.658439572196086,0,True,-5.360696698681494
MOL00445,GPCR,361.72317429515255,-1.4425500755329792,0,2,27.572448411809525,8,1,-6.58904736309612,-1.7192558285709603,4.8697915345251594,0.9198224514976145,9.648639746694492,13.684799309471604,0,1,1,2,319.0814339677724,4.287653872350239,0,True,-4.036159562777112
MOL00446,nuclear_receptor,617.0017872686861,1.9424056973125003,3,5,76.1274314166515,4,0,-6.358319744967877,-1.6260838977263468,4.7322358472415305,2.452707445774812,12.734531767335469,12.611060271757474,0,2,0,2,360.7836256846422,5.277879812020766,1,False,0.12347149557799497
MOL00447,kinase,374.79503313994155,4.745564702133162,0,8,88.13731867221728,5,2,-5.7077272692260905,-2.842460557910611,2.8652667113154795,3.1105593238932783,11.459954061962843,11.041718309676915,1,7,0,2,333.18061578424766,6.896987984577345,0,True,0.4182357522859288
MOL00448,epigenetic,181.18733250261823,4.175537295973881,2,6,81.27832798392691,7,4,-5.620448896149352,-2.851612793301352,2.7688361028479997,2.8608955963368703,10.792820433162502,11.52389505400176,2,7,1,2,463.7988846359453,7.17803980275964,0,True,-0.7310746208392587
MOL00449,epigenetic,335.3174757792707,2.285069739618023,0,7,58.89076772725778,3,2,-6.823150080070834,-1.7618564192892734,5.06129366078156,3.697166494061719,10.013145095789557,9.961557064643259,1,3,1,2,356.5794486838604,6.021705592115214,0,True,0.05158803114629862
MOL00450,GPCR,493.9876813274103,4.076721435875664,1,2,41.740583808336,5,2,-5.399753874558974,-1.3149851862670665,4.084768688291907,1.5099703293197861,10.421715720518328,12.113513221755815,1,3,5,1,394.05416286991465,8.052131872749486,0,True,-1.6917975012374864
MOL00451,epigenetic,452.79783215873965,2.466336159396002,1,5,91.58386811005604,7,1,-6.401174484969268,-2.3737005855857376,4.027473899383531,3.2731138972770166,12.064907309466024,14.774485557861487,1,5,1,1,462.77204211632124,6.718408892600294,0,True,-2.709578248395463
MOL00452,kinase,337.7808276391024,2.0727146410822392,1,4,45.35905224404514,5,1,-5.930777423396167,-2.117114935153649,3.813662488242518,2.1524146686127485,9.98953236662582,12.088098491428529,1,4,0,2,395.1063654247143,6.446683093775638,0,True,-2.0985661248027085
MOL00453,epigenetic,205.62723626109658,2.13464453825359,2,3,59.90506426847652,3,2,-6.28974843531075,-3.2570003007669825,3.032748134543767,2.7375500766704364,8.086684258641275,10.464299568922302,0,6,1,1,324.5605900947758,4.085969857742726,0,True,-2.3776153102810262
MOL00454,epigenetic,174.73057298380922,3.773665525819794,3,2,59.84693945103264,6,3,-5.838962777795845,-1.4882478486925539,4.350714929103291,2.283954573112535,7.7938276197426,6.231320813142187,2,7,3,0,364.2128723992979,7.4533840687704265,0,True,1.562506806600413
MOL00455,kinase,257.33380749691315,1.1514507429400944,0,3,57.844789335314395,4,7,-6.251127541836601,-2.248195748345714,4.0029317934908875,1.8604317491641749,10.317368041551026,10.907872364453645,2,9,7,1,592.1151792707233,7.738448944012592,0,True,-0.5905043229026194
MOL00456,protease,426.42941168025834,1.2275340987470187,2,9,113.71158841421304,8,1,-6.51110768943264,-2.6251445014018397,3.8859631880308,4.750897705522507,14.992114178205535,15.628553315976594,1,5,0,1,520.1169159271159,5.480144652415694,0,True,-0.6364391377710596
MOL00457,GPCR,175.75865184889727,2.3120446690359406,0,5,66.77896972307107,8,3,-6.8108943560537165,-3.2520809394470898,3.5588134166066268,1.4781462587626497,8.18421924793768,7.055846980919791,2,6,2,2,450.8920203286835,7.402415431568401,0,True,1.1283722670178893
MOL00458,kinase,453.0324924016152,5.668957528353769,1,9,112.51450679864678,2,0,-6.251479818217041,-1.7309239066155562,4.520555911601484,4.486879477642747,12.953556432579683,13.433971915328717,0,9,0,1,410.25853986974647,6.398879901685644,1,False,-0.48041548274903434
MOL00459,GPCR,386.43369983601855,3.380668698817324,0,4,34.07969533574884,10,2,-5.915004861936447,-2.0257534547397125,3.889251407196735,1.8713192172643436,11.971437388202675,8.526761243830848,1,7,1,2,395.9489621080779,6.919937921454467,0,True,3.4446761443718277
MOL00460,protease,321.1695393854453,0.7065653971244286,0,2,56.834209671035566,4,3,-6.303234745726417,-1.9874618884673998,4.3157728572590175,2.7241928799526867,10.474284612751566,12.973048195414998,1,8,3,2,525.2488581396558,7.469592847159175,0,True,-2.4987635826634325
MOL00461,epigenetic,137.28500719937517,3.497640234486928,2,3,64.62530800368032,5,3,-5.815721672228118,-1.831341408889445,3.9843802633386733,1.7276343882194065,7.731079041582959,4.659075896840088,0,4,1,0,411.27912008614055,7.067328759434761,0,True,3.0720031447428706
MOL00462,other,511.23430625454125,3.94046247578048,1,6,106.47272462855096,5,0,-5.559818598432619,-2.4295973923315515,3.1302212061010675,1.438866849062714,11.148924782352907,12.75754127292318,1,6,0,2,420.6537936172273,6.265088325471341,1,False,-1.6086164905702738
MOL00463,ion_channel,545.3161625906955,2.87528749140343,1,5,76.21875715959436,3,2,-6.0404907778558075,-2.1698374096933293,3.870653368162478,2.0905332390965223,12.127565884070005,11.694997295802525,0,7,2,1,485.9178326615246,6.387471827236537,1,False,0.4325685882674808
MOL00464,other,407.44221330459436,1.6715630241437376,0,0,23.441139229550974,1,5,-6.5241145463015435,-2.2545258429385027,4.269588703363041,0.0,8.900335872402206,11.01168198414285,0,4,4,0,423.3896811303527,6.188459030283045,0,True,-2.1113461117406445
MOL00465,kinase,464.4985455320557,5.613395708715647,1,2,41.375509412790926,3,2,-6.148549950470999,-1.871219116997745,4.277330833473254,1.433368872319267,10.994419250252658,12.467083137992292,1,7,2,1,508.6982633567558,6.271862412622179,1,False,-1.4726638877396336
MOL00466,protease,460.2013214011685,3.3627264736572364,0,6,64.60341198271931,3,1,-6.4148293758529125,-1.6110420580552103,4.803787317797703,2.511869822254177,9.23548400098752,14.543473401769331,0,7,1,0,429.1856219267903,4.518120241297028,0,True,-5.3079894007818105
MOL00467,ion_channel,320.4775021949768,2.4510564982039513,1,8,84.98736667248788,7,2,-6.014877201427341,-2.228819262681586,3.786057938745755,4.122038299271734,12.267045121873474,14.885582932357995,2,1,1,1,414.09016922679734,7.041081808581346,0,True,-2.6185378104845203
MOL00468,other,282.32355736098623,3.6381276556701154,1,4,50.93236429779889,6,1,-6.410699300811843,-1.096475368320474,5.31422393249137,2.455774279096714,9.29751805368151,9.081049147961561,1,2,1,1,251.36224881001635,6.719297837409985,0,True,0.2164689057199478
MOL00469,epigenetic,432.02956955009626,0.12086619489150685,3,3,94.63233339015358,9,1,-6.221980100567549,-2.3665675125880017,3.8554125879795476,4.4546511003626765,14.071881581013375,13.019785631384934,2,1,1,0,355.0363207004687,4.735120988794342,0,True,1.0520959496284412
MOL00470,epigenetic,358.75904854475766,-0.47386996779785084,4,5,76.0957137852675,3,1,-6.8614238250214346,-1.4559157410930637,5.405508083928371,4.674481778523984,11.999264064826924,10.160466843558481,2,2,0,2,435.5514193498671,5.689395449984611,0,True,1.8387972212684431
MOL00471,PPI,278.7265477611925,0.8046547042263765,3,3,73.09495770565144,4,2,-7.120483176905308,-2.895203856336912,4.225279320568396,2.7886251508146627,9.925101419551325,9.320123255000766,2,3,1,1,349.9795391604125,5.289200704942918,0,True,0.604978164550559
MOL00472,epigenetic,571.1391438456365,3.547115955832194,2,3,71.01360358720595,1,0,-6.197432790266634,-1.5996837058759803,4.597749084390654,1.7985278906202942,11.207082289428119,13.741052754575458,2,6,0,2,433.29094442062944,6.470685961590222,1,False,-2.5339704651473394
MOL00473,epigenetic,473.8862080830582,0.43192544350082107,2,3,50.28094684928139,2,4,-6.649648729139272,-2.250369449420448,4.399279279718824,1.7072983508198274,10.501408889288811,14.310594395992553,1,3,1,1,306.40075497606955,5.642898767317143,0,True,-3.8091855067037415
MOL00474,GPCR,381.201121826484,1.598128242806493,1,8,106.68998221622174,5,2,-6.826680690401248,-2.525621343939799,4.301059346461448,2.8153765970453417,11.784421663676255,14.857307995444677,0,2,1,2,334.3202248777469,6.553135000467055,0,True,-3.072886331768421
MOL00475,epigenetic,368.42133148900683,-0.01334962202581913,0,2,61.98143950497263,3,3,-6.672369494601717,-1.6903168999113771,4.982052594690339,2.385028821964432,9.41004318371065,13.01713845948789,0,1,0,0,164.7811894128915,6.110501120388857,0,True,-3.6070952757772403
MOL00476,protease,357.60548310563377,3.12193679875676,1,7,86.15331630938695,2,2,-6.1186288457435944,-1.976716431015116,4.141912414728479,4.283031125089234,10.454811328530155,9.722532567890477,0,2,0,2,230.47628165079328,4.2451691387328445,0,True,0.7322787606396783
MOL00477,epigenetic,330.3119625603768,2.0843291982036942,2,6,104.12175562705774,4,2,-7.014971468693427,-2.065150319759465,4.949821148933962,3.167682532498563,10.663002561397946,15.2481181018333,1,8,1,2,497.5013648656562,7.37327016419464,0,True,-4.585115540435355
MOL00478,PPI,355.84799587872186,3.1466281942271532,1,2,56.26301086580131,11,2,-6.397437022934443,-1.7114341225211127,4.68600290041333,3.577173000985413,12.047798106639497,12.957260877242485,0,4,0,0,417.978797413396,6.513365787652808,0,True,-0.9094627706029872
MOL00479,GPCR,349.93885806835533,2.8989602564933032,4,5,79.30842628702884,3,1,-6.85056055742206,-2.411068809608633,4.4394917478134275,3.0644279585201413,10.567857207031054,11.424510505609689,2,2,1,2,337.8425725621903,7.086869845020176,0,True,-0.8566532985786353
MOL00480,ion_channel,279.28752549403976,1.6701570539623203,3,6,115.11791266682683,4,1,-6.167884055091422,-2.2286778574120665,3.9392061976793555,4.697200520256585,10.87024788116574,9.87588483909331,1,4,1,1,276.7386661639478,5.020601224100897,0,True,0.9943630420724308
MOL00481,kinase,335.8117615108352,3.6053976446422604,1,3,59.12354305075642,7,4,-5.214703022925998,-1.542245823682499,3.672457199243499,2.272683857207086,11.489214468556112,13.0300721730708,0,4,5,1,367.7122870508228,7.958574799731089,0,True,-1.5408577045146874
MOL00482,GPCR,400.56693350068883,4.055024845536346,2,11,113.16041287144422,5,1,-6.346627150621945,-2.3657521302680884,3.9808750203538565,4.817795247420353,14.60129766345315,14.823081786481323,1,11,1,1,476.2274498143353,6.725481154843089,1,False,-0.22178412302817208
MOL00483,epigenetic,329.1967822732632,1.1545235154645739,1,4,49.39495301353876,7,0,-6.345881993896608,-0.6755046766266847,5.6703773172699234,2.206053934113319,10.043258208371881,10.062162163513738,0,4,1,1,376.7528856068428,6.4215124803759505,0,True,-0.018903955141857054
MOL00484,epigenetic,384.4127870242765,1.1830720421261787,7,5,109.70663401047489,8,2,-5.758707083843034,-1.9748807130074746,3.7838263708355595,5.506223641753256,18.59104788156418,18.276998977286915,3,2,0,0,366.1110150917346,5.439340401826907,1,False,0.3140489042772643
MOL00485,epigenetic,478.4395347054544,3.012945263588565,2,8,140.01725237645763,5,2,-5.984794873366613,-1.9753363708482077,4.009458502518405,4.714412129425774,14.715114997878604,14.001556247467656,4,5,2,0,423.30188197403237,5.449805338537354,0,True,0.7135587504109484
MOL00486,nuclear_receptor,470.7584532096449,2.727402512035563,1,5,94.45436353277665,6,1,-6.1599674795057675,-1.977363778282814,4.182603701222954,4.258235651087151,12.709515256813729,14.53848207059,3,7,0,1,363.5893271334564,6.375555558001182,0,True,-1.8289668137762707
MOL00487,epigenetic,250.61754338644175,0.6013560019838886,2,3,40.71375933490968,5,5,-6.298622302832398,-2.4733475058990444,3.825274796933354,1.5603183545761743,9.723379200318124,12.22623950527661,1,2,4,1,540.2648761023079,7.309982799690361,0,True,-2.502860304958485
MOL00488,ion_channel,403.7188522274231,2.331840311929618,0,2,52.90224760228661,4,0,-5.990578118381317,-1.798611479468882,4.191966638912436,1.545235747245953,9.224337136945618,10.202104013474225,0,3,0,2,266.08078456842526,5.134073338057023,0,True,-0.9777668765286069
MOL00489,nuclear_receptor,263.52782800852214,2.98033122793944,2,7,76.64486722228571,3,1,-6.732665885838669,-2.1684740257523125,4.564191860086357,3.8522180397102455,9.646569872554675,8.376021299160895,2,5,1,1,325.7037214096355,6.5757943125271305,0,True,1.2705485733937802
MOL00490,ion_channel,328.6937531303156,0.5236748879150044,2,3,50.42193890531452,6,0,-6.204631467379379,-2.1348316192295984,4.06979984814978,2.9853148408023182,9.513714286805108,7.776679970291782,0,2,2,1,340.83051125127486,5.8646122092773805,0,True,1.7370343165133262
MOL00491,PPI,319.49172067953,3.4639020712512716,3,8,107.16610096635618,5,0,-7.00439206770626,-2.2124899152044746,4.791902152501786,3.8007253192456663,11.960341688200442,11.939588007525064,0,3,0,2,384.19307445474135,4.2993950436948785,0,True,0.020753680675378305
MOL00492,protease,216.44962967292219,4.909593711014519,3,4,65.8116291428332,9,6,-5.26081438079094,-2.1008555396292565,3.1599588411616835,2.11447997222501,12.189036944740899,12.385812702062326,3,6,3,0,519.1248426819052,7.533213526965376,0,True,-0.1967757573214275
MOL00493,kinase,489.42266766096384,0.9792468450679248,2,5,65.00319716302747,7,2,-6.652538566512628,-1.6567339137942818,4.995804652718346,3.1246697240532795,14.232719927101865,19.58455275483136,0,5,0,1,301.5151417911373,6.438657885529487,0,True,-5.3518328277294955
MOL00494,PPI,188.5562797987185,4.1561317733419765,2,1,29.62815202844909,6,3,-5.769246004051325,-1.316814785502313,4.4524312185490125,1.506013526951772,7.762284438552093,7.888115937799529,2,8,6,0,523.002172523431,6.43782939533097,0,True,-0.12583149924743608
MOL00495,ion_channel,322.44790444090484,2.7585746759433327,4,4,81.80703413620289,4,3,-5.829777355156852,-2.033538346083942,3.7962390090729103,2.8562831508627378,12.00131097336675,13.947597262542335,2,4,1,1,346.18544161825565,6.144347018090745,0,True,-1.9462862891755854
MOL00496,PPI,369.06891692455895,2.9461629597528347,2,1,25.526581067199857,4,0,-6.194197328963237,-1.0130431010870526,5.181154227876185,0.9270347719667744,8.452624466253573,9.938523989930225,2,5,0,1,428.26212681999635,4.238198170806423,0,True,-1.4858995236766521
MOL00497,nuclear_receptor,365.8849585953294,-0.1383019977762232,1,8,110.0694832032732,6,1,-7.35936934877065,-2.5007136141264943,4.858655734644156,5.986828757345634,13.952748726843806,13.356710772109762,2,3,1,2,221.76011962840593,7.570556789044705,0,True,0.5960379547340438
MOL00498,protease,380.6099567580566,1.4911932740797837,1,4,32.864227709326514,5,2,-6.614186014267219,-2.1352143291428964,4.478971685124322,2.5082525708182573,10.083222047438662,12.128589409062158,1,7,0,1,416.04632578798146,5.100146751819062,0,True,-2.045367361623496
MOL00499,GPCR,402.01025606227415,2.509479780804083,2,9,117.42735789571017,5,3,-6.137850120946454,-2.9711609360393396,3.1666891849071144,4.707894779595691,14.28700615792982,14.955049505114525,1,6,3,1,469.2616673202956,7.141253735178397,0,True,-0.6680433471847049
MOL00500,ion_channel,284.6109041516396,4.302798202325431,2,2,44.13449374050181,7,1,-5.610361825388549,-1.6051304793544399,4.005231346034109,0.6716039045415786,9.1485758300659,8.676092100440806,3,6,0,0,337.486947073685,7.358890705192204,0,True,0.4724837296250932
MOL00501,GPCR,452.06574393684195,4.675261676739039,0,8,82.20728348897941,3,1,-6.6959789911083964,-2.6885728518353478,4.007406139273049,2.3744844134657708,9.80022807593166,12.198374388460035,2,7,2,2,353.72081450835833,7.504848922368463,0,True,-2.3981463125283753
MOL00502,GPCR,469.5897767814879,3.2802124266643133,2,5,68.66128492760271,3,1,-6.576262917972992,-1.5376201148423474,5.038642803130644,2.5178984957444093,11.053243502078484,12.373120118680488,1,5,0,1,393.6759118399642,6.75582439598585,0,True,-1.319876616602004
MOL00503,protease,449.649269054668,4.360784634270462,1,2,48.69246999544936,5,2,-5.9947593414158655,-1.8896053990455588,4.105153942370307,1.558939147305294,10.725536997519175,12.538507728917017,2,9,0,1,452.24037562565604,7.34077032015798,0,True,-1.8129707313978418
MOL00504,GPCR,309.3299488788723,4.460784248118499,1,8,111.56846870285376,7,2,-6.181333607800321,-2.220259099834472,3.961074507965849,3.6372289908041884,11.249612610205538,11.612916465481616,3,12,1,2,558.0753680468777,7.958703905719755,0,True,-0.36330385527607767
MOL00505,GPCR,420.90243439729124,3.8769392150656645,2,6,74.41723398783226,6,4,-5.650649381033866,-3.111566961774302,2.5390824192595645,2.7450781102335085,13.982551790052327,18.609349194801496,1,6,2,1,426.47402460027064,5.39189366349242,0,True,-4.626797404749169
MOL00506,protease,452.6462962503555,5.315653797977853,0,7,81.99533721304643,6,2,-6.044240434592774,-1.4083981988523733,4.6358422357404,3.1873495375503977,12.952530161814927,15.829295953181047,0,9,0,2,501.0914775825155,7.190809449022836,1,False,-2.87676579136612
MOL00507,epigenetic,120.0,4.430051684028291,1,7,88.45507816908069,6,5,-6.831188561254037,-2.5437579538070145,4.287430607447023,3.674880135221504,9.98304527267596,11.639125186104337,2,6,4,1,467.7882718100231,6.486196418832081,0,True,-1.6560799134283766
MOL00508,nuclear_receptor,267.74148859400646,4.469028103826378,3,2,50.83315804542759,4,3,-5.333907212953199,-1.9416206137717666,3.3922865991814324,0.893445997127068,9.09702996750164,10.344865150563216,2,8,1,0,455.61263824675035,6.880151170458739,0,True,-1.247835183061575
MOL00509,protease,484.31031647564816,0.5440094204791799,1,2,42.9683693907992,4,1,-6.108451007920919,-2.265038597514251,3.8434124104066676,2.0075707632808264,10.835378220895452,12.630395873086599,0,1,2,2,306.1107628714095,6.866589178413694,0,True,-1.795017652191147
MOL00510,PPI,247.90317075017114,4.1100528326257155,1,3,43.77430055775337,6,0,-5.673180515336075,-1.0231112276729426,4.650069287663132,0.7978068873164308,7.655705754336743,5.8096181436366585,0,7,1,1,335.19313424933944,4.823356848539247,0,True,1.846087610700084
MOL00511,kinase,408.8711744530727,2.9135972389111786,3,7,98.05678573476864,3,4,-5.954763896256937,-2.6883644419851107,3.266399454271826,3.2636702428068967,13.29414114094802,17.43809475768606,1,7,1,2,335.85543360351124,5.401069240233596,0,True,-4.14395361673804
MOL00512,protease,312.8128798926594,2.845304803011993,1,4,53.7413752625278,3,0,-6.88331857913763,-2.3984148440072945,4.484903735130336,2.483284432631426,8.801251773908344,9.973300132725347,0,2,0,1,267.2394198197528,5.322143874635458,0,True,-1.172048358817003
MOL00513,kinase,388.4379538179141,0.12454250839163139,1,6,83.42969318088122,4,2,-7.329893764293993,-2.360736159836767,4.969157604457226,2.4306424997967957,11.220194502285326,13.087418523144141,1,2,2,1,532.9982168152903,4.5450030886837425,0,True,-1.8672240208588153
MOL00514,PPI,460.68272561030204,1.2233490070178097,0,7,83.6834879763546,4,3,-6.03046157689896,-2.547426803137034,3.4830347737619256,3.6329231102896533,12.287902475789416,15.329866813880471,2,2,1,2,358.3833607917316,4.9597352759176685,0,True,-3.0419643380910557
MOL00515,epigenetic,432.18712536794067,3.1359164108600655,1,2,52.218505113087886,9,0,-5.8121199456808785,-1.9657415165717134,3.846378429109165,2.568812681562111,11.359516373509045,12.692643099203531,0,10,0,1,425.9770536153273,7.180525166496313,0,True,-1.3331267256944859
MOL00516,epigenetic,475.3189704410306,2.0020512267656847,0,12,125.52611922714564,2,7,-6.523392843377782,-2.647189849210987,3.8762029941667953,5.058688139264307,14.999230969339324,16.249222395084423,3,4,2,1,458.5391634661149,8.118233439089769,1,False,-1.2499914257450992
MOL00517,epigenetic,565.4645098419178,1.4159220963479087,0,7,66.55298812030448,9,3,-6.4843981230526655,-1.3481256070813892,5.136272515971276,2.5746501038700926,15.030157234622198,16.125549624726,1,0,2,1,262.6915576339342,3.8318480431904827,1,False,-1.0953923901038003
MOL00518,kinase,462.07172755786587,4.725589490086332,1,3,79.91406645867632,4,1,-6.210818882364401,-2.1282713187887947,4.082547563575606,2.6453745566665163,11.09970176137661,10.945425626840425,0,6,0,1,351.0750310436576,6.563091355489773,0,True,0.15427613453618427
MOL00519,ion_channel,242.46136394442524,2.498019506014787,1,8,99.73798284960624,5,3,-5.983050923919094,-1.6243124890793856,4.358738434839708,4.170892433805469,10.701501681600218,15.065454517194404,1,6,3,1,510.6454102144404,7.4115022007181,0,True,-4.363952835594185
MOL00520,kinase,348.55778795747113,2.7147732423519693,3,4,86.0134361694536,7,0,-6.459978349532119,-2.37838021109942,4.0815981384327,2.3271342934876467,10.536502191870394,12.919265517364405,2,5,0,2,420.34359080532573,7.8041093343184205,0,True,-2.382763325494011
MOL00521,epigenetic,326.6219808534587,2.9856038101340716,2,4,81.44318886299504,4,1,-5.9850794122022135,-2.4852029843929757,3.499876427809238,2.4483595867725025,9.477280384769294,13.270613030904656,2,3,1,1,272.77053342501324,6.306193417586086,0,True,-3.7933326461353616
MOL00522,protease,390.6506315528768,1.886418557716134,1,5,89.2767692076022,2,2,-6.088888120325192,-2.654148967975007,3.4347391523501853,2.779845552950701,10.037422406275233,13.673759224303838,0,3,2,1,375.11404061023194,5.86026449584939,0,True,-3.636336818028605
MOL00523,protease,447.17361629684376,2.824421459465781,4,3,51.353647093402294,4,3,-6.555334328507115,-2.334847543560707,4.220486784946408,2.072016735930172,12.095923927590745,16.435437376864574,2,8,3,1,536.066094552531,7.05146712437906,0,True,-4.339513449273829
MOL00524,PPI,327.7163316400469,1.7062771938584227,2,6,89.78157769527526,5,3,-6.904582712157637,-2.709133313330098,4.19544939882754,4.004499060863031,12.820089214832937,12.174095342372414,0,11,3,1,454.4964812001037,6.055998309637327,0,True,0.6459938724605223
MOL00525,GPCR,362.823518394062,3.031995532374674,2,6,100.41034702611509,7,1,-6.663385268456815,-1.540105409241102,5.123279859215713,3.3928189439692122,11.769814623806234,11.502409751899659,2,2,1,1,433.424912560656,5.7332135279347485,0,True,0.26740487190657447
MOL00526,kinase,437.61901534618755,4.332621266209596,0,10,134.07883092578308,4,2,-6.575662027974959,-1.4951915007667378,5.080470527208221,4.826814340210164,12.852656485894073,15.156921420973369,2,7,1,0,553.746432173683,6.28528982861501,0,True,-2.3042649350792956
MOL00527,kinase,371.08926240570037,0.5642041190504843,3,3,50.932450781707374,7,2,-7.1344560734835385,-1.7441098621290922,5.390346211354446,2.7689480587304334,11.916861851790642,16.47080515402985,1,4,1,2,339.27967511126377,5.856512366366806,0,True,-4.553943302239208
MOL00528,protease,485.6174545509215,2.355991870488285,1,3,49.929804372732306,6,3,-5.693241425742837,-1.5067515476382536,4.186489878104584,3.2724971844539263,12.379393234069529,15.64792467853885,1,4,2,1,431.238366607341,7.5813733652005855,0,True,-3.268531444469321
MOL00529,protease,402.45964676906755,1.9335068905801438,1,4,76.61564260979819,10,4,-5.774318951124437,-1.7424502130103923,4.031868738114045,2.669155156347298,13.146583628514081,12.577525540892575,0,8,1,1,479.748330454021,6.38468307587203,0,True,0.5690580876215066
MOL00530,protease,504.0826740932614,5.027698897659333,1,1,36.23875454998366,9,0,-5.259237849775972,-1.3728792893641084,3.8863585604118636,1.33942155508212,12.449180434093584,14.55568027920907,2,10,0,1,398.585475854202,7.213522049847415,2,False,-2.1064998451154864
MOL00531,protease,450.3564046212273,3.0527443064764843,2,5,88.16722923722493,4,2,-6.588449293000993,-1.6234079353078594,4.965041357693133,2.8747278426579976,12.709049271084856,16.642899803948538,0,5,2,2,536.621042307959,5.802608629784602,0,True,-3.9338505328636817
MOL00532,other,471.5070929448083,2.583581378003736,2,2,16.630864754604424,6,2,-6.1773409847275005,-1.0942182867953354,5.083122697932165,1.994868133012615,11.34751424922676,15.802843074252479,0,6,2,0,404.5923092568103,6.98577614368709,0,True,-4.455328825025719
MOL00533,kinase,351.2947610364546,3.4508079496077966,1,3,45.29142370970694,5,2,-6.147770768453889,-1.9324498692631773,4.215320899190712,1.9056502772786281,8.79838652153301,11.017860178214478,0,9,1,2,467.422561517431,6.842570736321377,0,True,-2.219473656681469
MOL00534,kinase,455.20694468646644,5.003255605793834,0,6,76.94080234186981,3,3,-6.110126670340217,-2.2981792489957744,3.811947421344443,4.0317687451619495,12.16382599407813,13.753389994474173,0,4,2,2,449.2041921425448,7.180057255929022,1,False,-1.5895640003960434
MOL00535,nuclear_receptor,245.35521558663373,3.5939567457483546,1,6,92.48161631482981,4,3,-6.2634006708574494,-0.9296633266613046,5.333737344196145,3.8946063097077026,9.992298094306802,13.139518135289174,1,6,2,2,493.5669528520658,7.547653464529827,0,True,-3.147220040982372
MOL00536,GPCR,477.4219530431602,0.488075974732626,2,3,59.56356139993626,6,2,-6.618997708720795,-1.8401332659581204,4.778864442762675,1.8604476463706692,12.230298238706533,17.136063955003657,1,8,1,0,344.80186775156756,6.643387653689284,0,True,-4.9057657162971235
MOL00537,protease,336.0071322219943,1.415026714718029,2,4,73.37355108579627,6,5,-6.5563649801745685,-2.551710380715121,4.004654599459448,2.9979017129689733,12.166685347885137,15.550844822250179,2,7,0,1,363.56477663859715,6.777353247004401,0,True,-3.384159474365042
MOL00538,nuclear_receptor,351.52448920189994,2.7584638406709487,2,3,47.42112564382486,6,2,-5.997599957233503,-1.0498351148762257,4.9477648423572775,2.5366679121247917,10.547772490983013,14.29385559943844,1,8,3,1,597.5272212410862,7.502871338751505,0,True,-3.7460831084554282
MOL00539,kinase,294.8381726085941,3.3534212311878635,1,7,98.75176142212793,6,1,-6.286855062779701,-1.9166352762396917,4.370219786540009,3.7145824937930665,10.074201044920116,12.010000234585405,0,5,0,0,320.96694753016675,5.869525367491306,0,True,-1.935799189665289
MOL00540,nuclear_receptor,388.2549769782741,2.0580412799691,0,7,83.52315324277941,5,0,-6.993728046132638,-1.5980798946780796,5.395648151454559,3.703238054950478,10.021540391375225,9.767780886894698,0,4,0,0,285.3374531200819,5.115447178795867,0,True,0.2537595044805272
MOL00541,epigenetic,445.2513257260054,2.3315708647961886,1,8,83.27747707923496,7,4,-6.177548933023669,-2.3805111759583752,3.7970377570652936,3.6466844605199844,14.348151039783156,17.255670421182394,0,8,1,1,435.9288055764224,6.745417295209506,0,True,-2.907519381399238
MOL00542,kinase,295.46020639349905,2.1183213645944434,2,5,74.70554052790679,7,2,-6.630617419039844,-2.1311868866033303,4.499430532436513,2.737134452764753,10.983212748522345,9.323716074587198,1,4,1,2,422.44621272234315,7.6184974812422235,0,True,1.6594966739351467
MOL00543,nuclear_receptor,351.9156957475042,4.979139183860122,1,5,54.02847511373875,6,1,-5.440929541663994,-1.1059364237788036,4.33499311788519,2.734177376944144,11.396117769124547,14.017012927673145,1,6,1,2,390.59302661336307,6.45624178127871,0,True,-2.6208951585485973
MOL00544,ion_channel,457.9562111686394,-0.08789026273601186,1,5,70.39800953733737,8,2,-6.335241468913722,-3.0121034639942015,3.3231380049195205,3.091142508605629,12.395792208471343,15.113634983234196,1,3,1,2,394.5611894869086,7.589338313946466,0,True,-2.717842774762852
MOL00545,GPCR,319.78361433640515,1.4804881734571076,1,3,53.7396752673473,5,4,-5.677545652720897,-2.0720667854794783,3.605478867241419,2.599490441421928,10.589289980136304,11.055586238957025,1,6,6,1,474.6110548245352,5.246698683214316,0,True,-0.4662962588207211
MOL00546,GPCR,163.8498002271673,3.7627513854764456,1,10,119.251928741596,4,1,-6.528606319490368,-1.9233030431418905,4.605303276348478,3.778553175752114,8.276469145863029,9.068483207129722,1,9,1,1,434.5917744875852,9.377968925853882,0,True,-0.792014061266693
MOL00547,GPCR,467.5042036910985,2.5536893892294086,0,4,59.16066884812872,3,2,-5.573450865807137,-2.3676445214243502,3.205806344382787,2.9357001757882206,10.84096178461166,13.919802744388951,1,6,1,2,332.79561931037597,5.821405723596208,0,True,-3.078840959777292
MOL00548,GPCR,361.4739273311029,4.42440059988367,1,3,49.22380479435814,3,5,-5.289184549875232,-2.0156814241879246,3.2735031256873075,2.3644048207716835,10.722107913569038,10.914880725556642,1,16,1,2,535.4690993045326,7.0203896599442315,0,True,-0.192772811987604
MOL00549,protease,357.6666498795699,2.706262471925566,2,2,16.894596287869156,3,2,-5.607578638052498,-1.55200352020768,4.055575117844818,1.516067756169327,9.504828193846528,9.938912151912751,1,2,2,2,230.4549715214234,6.7685109937208505,0,True,-0.434083958066223
MOL00550,ion_channel,567.4821079879803,4.783221708536967,1,8,105.70594919778978,5,2,-5.98605778593209,-2.8031245315951328,3.182933254336957,2.5558592516529663,14.513606899493595,16.913298045657985,1,6,1,2,477.3511801668525,7.091288966842322,1,False,-2.3996911461643897
MOL00551,ion_channel,323.49540970044814,4.906269165690557,1,4,63.946108744987605,9,1,-5.563373454512388,-2.528751968902874,3.034621485609514,3.6051339630509167,12.51635701191033,13.858967373773217,1,14,4,0,565.6338792220624,7.949061431617484,0,True,-1.3426103618628868
MOL00552,other,369.45331449463544,2.1296032341923112,0,4,56.34432961293967,2,1,-6.507978697604511,-0.8018702608781016,5.706108436726409,2.768122082100459,8.090468266440366,7.714623075336905,0,1,2,2,283.1700477014999,6.134400475042847,0,True,0.37584519110346104
MOL00553,PPI,498.3816801302083,1.948625176933209,2,1,44.229051178252774,3,0,-6.188338703832051,-1.1749362420307943,5.013402461801257,1.8035842051776587,10.152823718046575,11.150022899279312,2,4,0,0,379.395854285462,3.965743806649358,0,True,-0.9971991812327374
MOL00554,epigenetic,579.1827424709791,3.148511617852318,2,5,89.03138507413604,4,2,-5.791051714067284,-2.3534395023093073,3.4376122117579766,2.6004596778229025,14.57728763592348,17.420391068207095,1,5,1,1,344.43793903403616,6.30992216223822,1,False,-2.843103432283616
MOL00555,nuclear_receptor,575.7228526607369,0.6196189034784974,0,1,17.96721962373351,6,0,-6.806046552776906,-0.7644920940210038,6.041554458755902,0.5696190406631042,11.541573498242698,14.085556093273624,1,3,0,1,240.78042907002987,5.5049791004559285,1,False,-2.5439825950309256
MOL00556,GPCR,353.4015678648053,1.6134512959470337,1,3,53.569606271225204,6,6,-6.960080170985156,-3.1007133526380586,3.8593668183470977,3.18110220083401,12.942879643302298,18.63530128444744,0,6,2,1,476.0210165711476,9.140314614557024,0,True,-5.692421641145142
MOL00557,ion_channel,270.6455983979685,1.199885168968109,1,7,75.85130950649533,4,1,-6.2422612872891,-2.097918951439314,4.144342335849786,3.6386675652353846,10.056830394201572,11.103912915326493,2,2,0,1,379.659296040187,5.223178896484982,0,True,-1.0470825211249206
MOL00558,epigenetic,445.3018447893589,2.0171755467151744,1,6,81.30121041134754,5,2,-6.842975157639866,-2.6649594362497533,4.178015721390112,3.959306805982414,10.981403057427455,13.323476309130909,2,7,0,2,519.364178556884,6.876809442264181,0,True,-2.3420732517034537
MOL00559,kinase,170.81119527047784,4.035785187962732,0,3,17.48174556204932,6,3,-5.980034166889211,-1.1252343567609726,4.854799810128238,0.3507022986925854,6.870087957729101,7.880224393512863,1,5,3,0,418.9176216697189,4.425982879908538,0,True,-1.010136435783762
MOL00560,ion_channel,357.8005885182842,3.0819437808872205,1,6,59.64960683437471,6,3,-5.991295053122178,-2.069513314054478,3.9217817390676997,2.777864834352859,11.457651724871837,14.108774760380047,5,8,1,0,485.16426375061144,5.993843034087337,0,True,-2.65112303550821
MOL00561,epigenetic,387.51645326628284,4.678577209480787,3,8,95.21611756844742,5,2,-6.636370258958651,-1.5823544256925977,5.054015833266053,4.297066821363267,15.078025132545136,17.34638873043149,3,5,1,1,467.9620326230452,7.76109141490548,0,True,-2.268363597886353
MOL00562,GPCR,355.88825487215854,3.9630129457672982,0,5,50.7166112055764,6,2,-6.3730865837382655,-1.407061047726872,4.966025536011394,1.769727321868273,9.702790254592005,12.505895172118922,3,0,3,1,356.25894828027293,8.277235580107794,0,True,-2.803104917526918
MOL00563,GPCR,306.0652437487756,-0.7508763186892713,1,3,28.895839390926326,15,1,-6.79799158988029,-2.470192169897878,4.327799419982412,2.3562756871595716,12.433313896884293,15.06563874883746,1,3,1,1,300.8273688942962,6.5878332831531345,0,True,-2.6323248519531663
MOL00564,kinase,441.9433401601765,2.724222471907837,0,3,37.0348207434685,5,0,-6.231513233272657,-1.30245696349417,4.929056269778487,2.17092045153648,10.125425974227166,12.901474860460715,0,4,0,1,239.47653900967046,5.885324127295701,0,True,-2.776048886233548
MOL00565,kinase,391.4535011915657,1.79523124329264,0,9,89.6924518216048,5,1,-6.369428042843279,-1.3172904055297066,5.052137637313573,4.118788640600261,12.60926389367177,15.864937694229456,1,6,0,2,322.0103476162293,6.84699943688926,0,True,-3.2556738005576857
MOL00566,GPCR,226.8465393522467,2.536317047974569,1,4,45.075680788172285,7,0,-6.357984455345864,-1.6673426987805817,4.690641756565283,2.0500614820192236,8.72780171716774,9.950976525118026,1,5,0,1,312.57965694084265,6.445106042833464,0,True,-1.2231748079502864
MOL00567,GPCR,428.7091217847588,2.8181467072423514,2,7,106.94592518179975,3,2,-6.316643692565032,-1.6268685200585113,4.68977517250652,3.5562949368932375,11.691689779780036,14.739509230094223,2,8,3,0,412.46810465160166,6.515721000910702,0,True,-3.0478194503141864
MOL00568,GPCR,300.21191599207566,4.290078632455863,0,2,39.724690042931435,6,2,-5.928428176022207,-1.813263576048323,4.115164599973884,1.0155966695885732,9.114707085986758,8.701791743746064,0,4,1,1,344.5770206814951,6.105577964702896,0,True,0.41291534224069437
MOL00569,GPCR,419.7013068095137,2.038492930876155,3,2,32.5944995372389,3,4,-6.374200444403582,-1.914934807966988,4.4592656364365935,2.072222033280432,11.011116465438954,10.3915498432377,0,6,1,0,366.6811758519585,6.494006034100704,0,True,0.6195666222012548
MOL00570,protease,483.7440499989741,5.151431559163859,1,2,47.228292478403425,8,1,-5.966441693835127,-1.1747343976227453,4.7917072962123815,3.059116528452587,13.312398466766746,16.260135444249478,0,5,1,1,347.33996839881786,5.959159816859408,1,False,-2.947736977482732
MOL00571,kinase,445.9186376556874,-0.5988843768259082,2,1,43.821502435153256,4,2,-6.095185717892117,-2.4761671078183833,3.619018610073734,0.8168435851980218,9.979265377552492,13.626766511407611,1,2,1,1,352.61866940244397,5.941941048557252,0,True,-3.647501133855119
MOL00572,kinase,315.17893859302103,3.9773434036230233,1,4,40.137911129904396,6,3,-6.845584993441826,-1.0710981907979016,5.774486802643924,2.7116012119640347,11.469626125950384,14.791878874794788,0,8,3,1,430.83376498515065,6.62796199585563,0,True,-3.322252748844404
MOL00573,nuclear_receptor,555.7981981887958,1.5139035131776812,2,4,89.92445819189507,4,2,-6.3298515939172075,-2.7690566095326368,3.5607949843845708,2.865174174296337,12.893272175482531,17.555350683723052,1,7,1,0,514.205658691214,6.429230050552032,1,False,-4.662078508240521
MOL00574,GPCR,369.7614849987414,1.8919661480499053,1,3,43.14390406843791,4,3,-6.2772281359348865,-1.2122655093126813,5.064962626622205,2.0485775181368586,10.108343178164818,11.448760068776332,0,2,6,1,431.53760986326614,5.801852605437731,0,True,-1.3404168906115146
MOL00575,protease,291.385960267971,1.118000858307029,1,5,66.13640610858121,7,3,-6.5993231620416966,-2.186940269308964,4.412382892732733,2.8575646007709414,10.674566044995007,13.89137448339457,0,3,2,1,163.27873386943347,4.4425839164278305,0,True,-3.2168084383995623
MOL00576,protease,220.91731361096194,2.4527313989082558,1,7,94.90966428479278,8,2,-6.155759793345616,-2.5032815074438917,3.652478285901724,3.108271008910605,9.520634428193567,11.327697371180891,1,3,1,1,233.13847454787634,8.18378454359233,0,True,-1.807062942987324
MOL00577,protease,436.71837983264777,1.8327079718765429,2,7,87.99912738962931,4,2,-6.353610279573911,-2.8705490090025596,3.4830612705713517,3.6310981619205522,12.900810541171053,9.836244709929938,0,2,1,1,321.4890436071854,4.806680891199291,0,True,3.064565831241115
MOL00578,other,254.23928054785623,2.93124830447863,1,5,55.696878603451054,3,2,-5.993812359277005,-2.2476061358481836,3.746206223428821,1.8198512496006225,9.031624372905465,10.683963520518775,2,1,1,1,298.8606032630295,5.030943617099157,0,True,-1.6523391476133096
MOL00579,GPCR,475.8383356336479,3.0389754122140187,5,6,92.85574560848575,2,1,-6.179061824618231,-2.0962298993638986,4.082831925254332,3.4153626248907294,13.75001432276907,14.640786372926016,1,8,0,1,534.0724940330916,6.35796829063754,0,True,-0.8907720501569454
MOL00580,kinase,423.02506513586786,1.668506037815007,2,10,105.6161961062185,5,3,-6.287295927944649,-1.9678523306870919,4.319443597257558,3.656053842640571,14.04945758351708,19.593517187361694,1,4,3,1,355.5811115948862,5.658622139967777,0,True,-5.544059603844614
MOL00581,kinase,257.1150815768996,3.7228426349202466,0,7,92.18213064211922,6,4,-6.33891027202622,-2.9210753305795114,3.417834941446708,4.098636726436535,10.753884107511032,10.455214237310102,1,6,2,2,419.44483010997254,6.847059080479175,0,True,0.2986698702009303
MOL00582,GPCR,361.81725387556475,3.462350153235528,1,4,56.47772025993542,4,1,-5.825634773692265,-1.1650466953252838,4.660588078366981,3.1612353857131597,9.611186400137179,14.072774598437917,0,7,2,0,506.08406634148054,6.459643643453641,0,True,-4.461588198300738
MOL00583,PPI,464.6058392378998,3.3794074434143697,2,5,80.499322486059,7,2,-6.655461093320105,-2.3416769555604966,4.313784137759608,3.874144975191315,14.480484433624222,17.217235303987046,1,5,0,0,389.4531246190455,6.092738987422285,0,True,-2.7367508703628243
MOL00584,PPI,156.71123492568415,2.1458186058254274,0,5,73.99153066086343,4,1,-5.940794336282994,-2.6239845050355175,3.3168098312474763,2.5732298501723925,6.888136396773726,6.935349754664566,0,3,1,2,406.1021387297958,6.892570913452229,0,True,-0.0472133578908398
MOL00585,kinase,375.79752046168244,2.9294654893486083,2,6,101.38799155284157,3,1,-5.737336308405747,-2.409595157157689,3.327741151248058,4.306509059651856,11.947459228594049,12.086610226559428,1,5,2,1,333.06226583653205,7.792339219926772,0,True,-0.13915099796537866
MOL00586,ion_channel,120.0,0.3078947308834996,1,9,133.17261506268645,3,3,-6.766726526445565,-2.791675255695925,3.9750512707496397,4.76803400715435,9.354318142967363,11.936786219910271,0,0,0,1,269.85770436527605,5.5937287370741675,0,True,-2.5824680769429076
MOL00587,other,333.61025849912335,0.9695981817763699,1,6,83.46784920658244,3,3,-7.000516445676421,-3.889288175478817,3.1112282701976044,3.780621643707521,10.826196282795651,11.21138776032761,0,2,0,1,345.0343088278567,5.347015574899614,0,True,-0.3851914775319596
MOL00588,GPCR,309.9922828752598,1.992383330707209,0,4,35.79658053312096,7,1,-5.752691661330183,-1.4727086631293647,4.279982998200818,2.30582549144261,9.8829898616041,9.195621025424968,0,7,0,0,264.0045273455537,5.425634164379344,0,True,0.6873688361791324
MOL00589,kinase,224.21381389176335,4.093411041926288,1,0,27.909856473620405,5,4,-6.083676274693399,-1.7494870269247031,4.3341892477686965,0.2636373872927422,8.083726160677571,7.0290786546956685,1,2,5,1,519.0316565873505,7.365475683398735,0,True,1.0546475059819027
MOL00590,kinase,231.04021272004917,2.3900238376778944,1,4,61.58247169799614,7,3,-6.12931293448268,-2.791550215435719,3.337762719046961,3.2280478889737045,10.441127392147706,12.345589465322268,4,7,0,0,514.4356183596027,5.824927055504569,0,True,-1.904462073174562
MOL00591,nuclear_receptor,272.3147208924713,3.7335193061968943,1,3,59.47754283796247,5,3,-5.389512471109594,-2.718043912625401,2.671468558484193,1.3421272539360292,9.881646177434154,11.916314077880395,2,3,2,0,377.9392225710605,5.971050131067362,0,True,-2.034667900446241
MOL00592,GPCR,387.68287765748977,3.141011203444259,1,5,73.84336542754797,3,1,-5.661054588938947,-1.768517188856791,3.8925374000821567,1.7499529148918014,9.1439570216158,8.164748047055475,0,7,1,0,429.8435930718408,7.121510341210064,0,True,0.9792089745603239
MOL00593,other,403.18424476639103,3.933176220660335,1,5,51.776891187761024,3,2,-6.220513975072623,-2.437473227352815,3.783040747719808,2.941852975571573,10.817984987103955,11.533241376477394,2,11,0,2,530.1787208036728,8.404103039741123,0,True,-0.7152563893734385
MOL00594,kinase,422.17236246209734,1.4657961151046395,0,7,89.26392039397633,6,4,-6.21723958202018,-3.1421876802054705,3.0750519018147093,4.333017301674028,14.269289013388981,13.311979374758025,0,7,0,2,431.78853400884043,7.121631738183693,0,True,0.9573096386309565
MOL00595,PPI,431.28533820456005,3.8870246940774003,1,2,29.258948283899123,6,4,-5.230863067674551,-1.6091305276246228,3.621732540049928,1.7998915599588388,11.40310665967963,15.544040344095523,0,10,5,1,560.97362054526,7.238070653661712,0,True,-4.140933684415893
MOL00596,ion_channel,417.80661745857327,3.2018498883072968,1,7,95.59243802977163,4,2,-5.745181233084296,-1.8501048412837273,3.8950763918005693,4.92687939208075,13.69489230176886,13.70750890882978,2,2,0,1,352.118458302889,6.0381723827045475,0,True,-0.01261660706092016
MOL00597,nuclear_receptor,294.3693383506674,1.0780756196061165,1,9,98.4190130024469,5,2,-5.980667333338585,-2.616502480659183,3.364164852679402,4.0701206760170745,10.616994240028486,10.521713190981302,3,5,1,2,358.051838635141,6.664914353481702,0,True,0.09528104904718404
MOL00598,kinase,352.0290199328142,3.0345566413017484,3,7,104.94523826405747,10,4,-5.628830856708447,-2.3292692789785745,3.2995615777298726,4.5997049768500435,16.996074025633977,18.922719114555854,3,5,2,2,355.89014349618145,7.110670587045031,0,True,-1.9266450889218767
MOL00599,GPCR,310.34405616715463,2.751455416094886,0,3,27.895715545879668,4,2,-6.297718433264622,-2.036188142725895,4.261530290538727,0.5586674879795543,7.861499883645575,9.983392742230336,1,4,0,2,290.9573100629611,7.145530220276106,0,True,-2.1218928585847614
MOL00600,ion_channel,448.97970219991316,1.5064294884493261,2,6,86.30409701651347,6,0,-6.815182345406311,-2.3387282912748977,4.476454054131413,3.640205109452824,12.710312298957803,14.3419321636205,0,2,1,2,301.4416736231202,6.635401894571126,0,True,-1.6316198646626976
MOL00601,nuclear_receptor,155.72099809235988,1.7493092357777766,1,4,58.21791042741903,6,0,-6.335366035749321,-2.00288749140928,4.3324785443400415,2.622431092822311,7.580729882502666,6.938244193633544,1,1,0,0,326.0173889101634,4.980632507352377,0,True,0.6424856888691224
MOL00602,kinase,275.45448436516665,0.21906046259846068,2,9,119.59709735368236,4,4,-5.981326619376627,-2.6602603414385704,3.321066277938056,5.104044760953479,13.962785602842603,14.050880584594728,1,2,2,2,315.0366255073171,6.851337213177017,0,True,-0.08809498175212482
MOL00603,epigenetic,241.24284006149537,2.429733816389893,1,3,68.96343603073065,5,0,-6.235312963683879,-1.7424639800817856,4.4928489836020935,2.1644306593801512,7.4212375029290945,7.903702741160217,0,2,2,0,236.88687959846538,5.3123169698496095,0,True,-0.4824652382311223
MOL00604,GPCR,266.8277356934163,3.0786256431421397,0,2,30.783209131963357,7,3,-5.308832182423744,-1.5393870019291045,3.76944518049464,2.1887650867006045,9.691257399328272,10.31669628768649,0,2,1,1,399.0139318831241,7.71575479320148,0,True,-0.625438888358218
MOL00605,GPCR,531.2052152811439,0.6056331954627392,2,5,78.6463549822938,6,1,-6.696542860099988,-2.194229790922154,4.502313069177834,5.218301767828933,15.579751664314674,19.11794908925222,0,2,2,0,394.8814288474411,5.449043241617845,1,False,-3.5381974249375467
MOL00606,other,245.0131612969482,2.4981125704437037,6,5,98.52282186882648,2,1,-6.699818638744429,-1.7372314380119391,4.96258720073249,4.082103391482831,11.535862154198407,12.549599128782289,2,8,2,2,292.36139811708466,5.920345490113217,1,False,-1.0137369745838818
MOL00607,other,581.6903310494241,3.1651113626382945,2,3,54.49182508054104,5,7,-5.976710195650237,-2.6765484368378836,3.3001617588123535,2.24332338238902,15.211808984837736,18.542087244820582,2,2,4,1,457.2632706158856,7.973062163709687,1,False,-3.3302782599828458
MOL00608,nuclear_receptor,305.841572193278,3.4749089038562953,0,6,58.700662141654824,6,1,-6.159347851217904,-2.680803879637165,3.4785439715807387,3.6998542757673256,10.104539790849715,9.547876134963534,2,5,3,0,369.5578487759392,7.180899756097328,0,True,0.5566636558861813
MOL00609,other,298.4736104971174,3.7278103898757395,2,5,88.04288201457216,1,4,-6.397117283986848,-1.8022698667799917,4.594847417206856,2.58084892830568,9.160134855282106,12.657702492962043,0,4,3,2,270.49255018350647,5.185641942908109,0,True,-3.4975676376799374
MOL00610,epigenetic,328.4064974174023,1.8499683145197914,1,7,109.20355701871459,5,0,-6.977168861513704,-2.3688611025661124,4.608307758947591,3.0683510725991767,8.781174949616215,6.288202579669274,5,5,0,1,329.15468052810746,6.157756609006264,0,True,2.4929723699469406
MOL00611,ion_channel,367.3994971863036,1.6670149759838124,1,3,74.96864220432894,7,3,-5.705628092127244,-1.8752677453203925,3.830360346806852,3.091294126615667,11.523256799707289,13.994563625248567,3,4,1,2,528.1635822805367,5.531887981266178,0,True,-2.4713068255412782
MOL00612,PPI,327.3365255528117,2.1350604852053,0,11,120.2223686851343,3,5,-6.5299301554420985,-2.3687207711862666,4.161209384255832,5.823478554776114,13.241757856262646,16.36943224814542,0,3,2,2,459.4086839054827,7.108001924664163,1,False,-3.1276743918827723
MOL00613,epigenetic,343.9000818244611,1.2072970012034412,0,6,65.09802275524633,1,3,-6.407549478463703,-1.8466017672169732,4.56094771124673,2.1755009738789854,8.2481507122473,12.412224653638201,3,4,2,1,316.06174112897884,7.503442218695016,0,True,-4.164073941390901
MOL00614,nuclear_receptor,428.3853642320824,3.074820222505462,2,4,47.14420945208792,7,1,-6.657960833135341,-2.1180223252344157,4.539938507900926,3.0841482294829152,13.16839964355505,15.015527539427904,0,4,0,0,302.99098137719534,5.64943905183727,0,True,-1.8471278958728536
MOL00615,kinase,601.9968408494776,0.38850441186289375,3,7,75.63933679597788,3,2,-6.28275200164261,-2.2435116625992477,4.039240339043362,3.9854005678568267,15.381298202962435,21.77573290248234,0,6,2,2,464.1226101166005,7.482636938890833,1,False,-6.394434699519904
MOL00616,GPCR,240.12464876494997,3.070110989889098,2,5,93.9860350649563,6,3,-6.162105111780752,-2.277885110651943,3.884220001128809,2.777360819963735,10.36513061422373,11.138644562643886,1,7,1,1,396.62823441092684,9.129652840251314,0,True,-0.7735139484201561
MOL00617,GPCR,298.62578801846684,3.895350439049329,2,5,100.5738002562691,5,3,-6.058482267586284,-3.054686066727566,3.0037962008587185,2.2636871362078606,10.199605937077024,11.963281080996483,4,6,2,1,414.9144954051194,7.157434782396387,0,True,-1.7636751439194587
MOL00618,kinase,313.818047436499,1.68849590334696,1,6,56.2902023510333,5,3,-7.06023332057052,-2.772667957448796,4.287565363121724,2.337411253862202,9.911466757496683,11.201276492069548,1,4,0,2,405.3320601260801,6.3929517233340345,0,True,-1.2898097345728647
MOL00619,ion_channel,463.0970457201009,1.3510853055397407,3,5,97.81677862844356,5,1,-6.4243348438360925,-1.17151432658017,5.252820517255922,3.0976782112653822,13.572641340562916,16.829156619178683,1,2,0,2,314.87510460069086,6.371055233866178,0,True,-3.256515278615767
MOL00620,other,323.4191388666065,-0.5440783671592917,0,7,72.56693284718989,1,1,-7.091070922067494,-2.5595286337203866,4.531542288347107,2.6214499773398,7.8045937315594625,9.974512799062621,0,3,1,1,404.9618553292633,4.556732311164195,0,True,-2.1699190675031588
MOL00621,ion_channel,406.0841127640591,2.2427179718352015,1,5,49.92493527924278,3,0,-6.262871684118054,-1.4227057718195015,4.840165912298553,1.360143077441334,9.10833251446007,10.597529954758024,2,4,1,2,363.2477686175524,6.181837221621456,0,True,-1.4891974402979535
MOL00622,protease,466.6368422793014,2.955258323519732,0,3,24.102709274903773,7,5,-5.6910629767663945,-2.470884391234624,3.2201785855317704,1.259846061256404,12.843986387650098,15.216523068802442,2,6,4,2,588.4529482524028,7.563548067747489,0,True,-2.3725366811523436
MOL00623,kinase,354.069410169007,2.7173626464744665,2,6,61.55550612321343,3,2,-5.945876215130559,-1.5943916917146794,4.35148452341588,2.5579765250695314,9.401233326374633,9.836302398535706,2,4,2,0,344.3743990644544,7.956224307173786,0,True,-0.43506907216107216
MOL00624,protease,291.322332288606,-1.403583552058865,3,6,88.76601832145609,6,2,-7.057232936141407,-2.436907196622206,4.620325739519201,4.032459553653402,11.339982430602255,10.506625128045828,1,4,3,1,413.71060503202085,4.4341392135811395,0,True,0.8333573025564274
MOL00625,GPCR,375.0254844185431,2.4328850206630905,2,6,80.18717163347527,6,1,-6.766291636441537,-1.90807162334864,4.858220013092897,3.4347132681165844,11.126954358013023,11.42140295222377,1,1,0,2,237.42647342321737,4.106671785722638,0,True,-0.2944485942107473
MOL00626,protease,364.024083097496,2.2114491264479326,1,3,37.41737654387598,5,3,-6.203221872535128,-2.0508516809771264,4.152370191558001,1.1080689448234458,9.840886024545865,12.354689797363386,1,7,1,0,447.2060022225013,6.687214698034961,0,True,-2.5138037728175213
MOL00627,GPCR,321.364469559096,3.064035367418002,4,5,83.53724657470671,1,0,-6.101586407198097,-1.8520584994908225,4.249527907707274,4.000477614907004,10.344508931633309,15.362781741774914,0,1,0,1,279.9412451810034,6.367090797794829,0,True,-5.018272810141605
MOL00628,kinase,313.2059208453168,4.009680937541632,2,11,125.22891907783543,4,3,-5.371007925306495,-2.891626080472835,2.47938184483366,5.932516475254174,15.687865143952353,15.178925072869303,1,8,1,1,427.2814924471254,7.530236526743264,1,False,0.5089400710830496
MOL00629,other,262.56200215139154,3.872320476765423,2,6,80.4418986547046,6,3,-6.32652576990024,-2.990444789966664,3.3360809799335756,3.800125767180819,11.99861471058939,11.344988171476478,3,3,2,0,404.7386457009366,6.20779245313724,0,True,0.6536265391129117
MOL00630,kinase,219.4731529902639,1.877476131285666,3,7,95.9653312245135,0,2,-6.785710130845444,-2.578251098276971,4.207459032568472,3.7494416576527043,9.321416740627333,9.577956865132943,1,10,2,1,594.9312182553261,7.4785817353431545,0,True,-0.2565401245056105
MOL00631,GPCR,313.0282176963483,0.6969647759674924,0,6,82.4619517354244,5,2,-6.669846316791786,-3.1480044369405853,3.521841879851201,3.983429543470606,10.843709936428185,10.699807294289206,1,3,1,1,348.7549039154064,4.844994111032293,0,True,0.14390264213897908
MOL00632,protease,378.53318333787354,3.2959977162563523,1,2,36.73401373369306,5,3,-5.470776186938998,-1.2773549232807775,4.193421263658221,2.372079891513434,10.259745737534175,12.452284332806238,1,9,1,1,457.904119441816,8.31148902864696,0,True,-2.1925385952720635
MOL00633,nuclear_receptor,322.8871651758095,4.833321170467357,0,5,49.34768868815088,5,1,-6.422940768808369,-1.4803788755520235,4.942561893256345,2.2278398380405937,8.430708879092624,10.65132886020254,2,7,0,2,504.4251356819737,7.8230928471884935,0,True,-2.220619981109916
MOL00634,kinase,249.15560966082626,0.17723312179011774,1,9,87.92238784525843,5,3,-6.797668904909028,-2.1336876646934106,4.663981240215618,3.623927781476378,10.68815305306629,8.461692656380427,2,3,2,1,378.52838623387066,6.822399890260572,0,True,2.226460396685864
MOL00635,protease,363.98421248401,4.424635752908355,2,3,46.407908516568305,3,3,-5.9660163072882,-2.0955047631862556,3.8705115441019444,1.8443812260542374,10.088014671101405,11.264735159232714,0,6,4,0,468.88381916238086,7.3038968051501865,0,True,-1.1767204881313091
MOL00636,kinase,385.6462568014088,5.340366329167665,1,5,75.06253355571255,6,1,-5.850895002862774,-1.6576910726121996,4.193203930250575,1.7850115024452737,10.831004814352541,12.841865096501577,2,10,2,1,642.1794375743343,7.287916757703699,1,False,-2.010860282149036
MOL00637,GPCR,435.59122872722253,3.674664899890985,2,3,21.910495339975533,7,0,-6.390928868969399,-1.068716401862741,5.322212467106658,1.5445080998081235,11.110718229079763,13.864503542671304,3,8,0,0,527.646203834074,6.01671053767087,0,True,-2.753785313591541
MOL00638,kinase,357.2475469005112,2.917661585991632,0,3,55.43995080597695,7,1,-6.374033491156999,-1.4777897866579917,4.896243704499008,1.9066608704405574,9.419546401544224,9.853551593747659,0,8,0,1,349.4525616780436,6.971504012592108,0,True,-0.4340051922034345
MOL00639,GPCR,323.53137601975203,2.1729252887999495,2,4,50.734919058881154,12,0,-5.784427521675009,-2.0461154394624845,3.7383120822125244,1.2127501826443805,11.382488146156604,11.140734181938788,1,3,1,0,385.251696335617,5.92168953238056,0,True,0.24175396421781592
MOL00640,kinase,368.47043407395927,3.122030125173623,0,5,54.45931037339754,3,0,-6.1769496200826,-1.7534410006317789,4.423508619450821,3.4083802195297794,8.311817438647058,7.199968332649621,0,5,0,2,379.55834237193426,7.562051871523956,0,True,1.111849105997437
MOL00641,protease,462.8478281963454,1.5706007177253982,2,5,85.51470147468903,6,3,-6.603071083940518,-1.857422083198568,4.74564900074195,3.644024299268687,13.443163325126902,16.62055786958696,1,3,2,2,432.7967935598433,5.239593808763,0,True,-3.177394544460059
MOL00642,GPCR,120.0,2.928901120831421,1,3,44.67397296100752,9,2,-5.258235123858437,-1.7551333002073617,3.5031018236510754,2.177334025325227,8.0807737291129,9.893492420845366,0,5,2,2,466.18888541791637,6.028929471326156,0,True,-1.8127186917324654
MOL00643,nuclear_receptor,505.789429535233,1.6579456155371761,1,3,47.09465253326685,6,3,-5.816433129802967,-2.1120076528542615,3.704425476948705,2.986629928552564,13.972161384937234,16.513673015267717,0,4,1,0,317.75659967575876,6.436152080358254,1,False,-2.5415116303304828
MOL00644,ion_channel,190.58921627337372,0.48065459294314516,2,4,82.3292999226133,2,1,-6.213971182316266,-2.5369627218290143,3.6770084604872517,2.9810669077354546,7.5147171376133,7.8610285976802174,2,2,0,0,381.2976427216451,6.244450544558405,0,True,-0.34631146006691704
MOL00645,GPCR,215.14318455725322,1.9947880366017317,0,4,38.19113820973982,1,1,-6.589305479376244,-1.4241599392155666,5.165145540160678,3.0062311621154896,6.18355958702679,7.074235443160858,0,7,0,2,428.671136285275,7.578850964319585,0,True,-0.8906758561340684
MOL00646,GPCR,476.1918459383341,1.1561669344559296,0,4,60.59274163034769,5,4,-6.030660575556486,-1.3087727710967223,4.721887804459763,2.9442207243075,11.438356471815345,14.221659378974163,2,7,4,0,462.2050232951231,7.93156023252895,0,True,-2.7833029071588182
MOL00647,GPCR,304.39284110672384,1.6379444201601667,2,0,40.51438133221643,2,3,-5.581329030025276,-1.411584166378087,4.169744863647189,1.599040272258085,7.1822864840721135,7.381195243528854,0,5,4,1,364.472626880365,7.174868351712362,0,True,-0.19890875945674047
MOL00648,epigenetic,438.6355064105951,4.97952070226267,3,5,68.06027322921086,5,1,-5.970767110704479,-1.7179399928360664,4.252827117868413,3.473208141819882,13.230884201651511,14.442579306258569,1,6,0,0,324.17502745394484,4.728006791067197,0,True,-1.2116951046070579
MOL00649,other,120.0,1.839928333367678,1,5,63.496484722428214,5,5,-6.286346659749148,-1.992635926999427,4.293710732749721,1.8412368519140037,8.54751648233026,9.250145109547336,1,3,4,1,443.35734435034703,6.371826833037229,0,True,-0.7026286272170772
MOL00650,PPI,219.04262731468586,3.8134935326141566,1,9,115.06579165770464,5,2,-6.039260308173426,-2.7942624019110855,3.2449979062623404,4.049585513716413,10.568332207854848,9.143641395689027,1,6,3,1,442.51010311181227,5.761843854995801,0,True,1.4246908121658208
MOL00651,other,315.75753917640714,1.9560732048751928,2,4,63.58687300277357,5,1,-6.699455222003219,-1.7441289585563133,4.9553262634469055,3.3717349525374924,10.676741536791459,10.099522133181045,2,2,1,1,311.0072839938298,6.282451147141958,0,True,0.5772194036104139
MOL00652,kinase,385.1109441570679,3.2935399909703658,2,5,109.41605085937059,7,4,-5.3997252516632335,-2.1086541337450506,3.291071117918183,3.373048841085388,14.56918013217706,14.861522768594542,2,7,5,1,527.972141305994,7.524443475628548,0,True,-0.2923426364174819
MOL00653,GPCR,294.93973675479475,2.650384129594521,0,4,47.09319595490743,2,2,-6.712131800347967,-1.7238224027644662,4.9883093975835004,1.815793834966828,7.633127636261349,9.887615599495836,0,5,0,1,327.9206849057785,7.052060654250637,0,True,-2.254487963234487
MOL00654,kinase,393.7804932239207,1.6556688258944674,3,5,78.61213296634706,4,1,-6.513742973787706,-1.5221391705546958,4.99160380323301,3.168071654458369,11.27498025867102,12.875662773864857,1,3,1,2,386.1235964534636,5.608857901995119,0,True,-1.6006825151938369
MOL00655,nuclear_receptor,381.45861130401636,2.5578079984250444,0,1,5.0,2,5,-5.818659005228679,-2.8724123076203645,2.9462466976083146,0.39816510852935066,9.232546596132632,12.358010015327835,1,9,6,0,559.082266443704,5.748500471524109,0,True,-3.125463419195203
MOL00656,PPI,351.9004839061831,2.504894412348216,4,6,79.31714243761361,7,2,-6.976453587765349,-1.987783635230015,4.988669952535334,2.687170546786991,12.973952107539523,15.655916707122927,2,7,3,1,491.08106670274105,6.8095170997372305,0,True,-2.681964599583404
MOL00657,kinase,411.4029287727459,3.3207597300364458,2,8,85.7635133508913,6,0,-6.583370305698346,-1.9547468412726778,4.628623464425669,4.004930875685194,12.187452366379484,12.394187640691415,2,4,0,1,341.19581173242517,5.284062718248148,0,True,-0.2067352743119315
MOL00658,kinase,178.43896407416042,1.45204234410269,1,6,93.470199601155,4,2,-6.222164903363048,-2.245182068842645,3.9769828345204026,3.4235513603815724,8.724550107467525,8.607357701925249,0,5,1,1,378.6873914889942,8.681935204715165,0,True,0.11719240554227639
MOL00659,nuclear_receptor,321.21743418031997,3.8848943480238294,2,5,62.1980558019785,5,1,-5.943184706132392,-1.457386074415027,4.4857986317173655,1.9363168189577213,8.986756762580924,10.700272521192696,2,3,1,1,268.0047173153775,6.4675086797032035,0,True,-1.7135157586117717
MOL00660,epigenetic,403.2601851065323,2.8159540342864204,0,6,94.22344685542393,5,1,-6.787070867769832,-1.8866339745492988,4.900436893220533,3.2548246457566483,10.855803376262976,12.270775453391302,0,10,0,1,437.4654382637375,6.777201917145375,0,True,-1.4149720771283256
MOL00661,GPCR,360.0020652407398,3.3847137483638603,1,6,77.52166746712764,8,5,-6.242345627491411,-2.5517551227822475,3.6905905047091636,2.6208370541878048,12.96042253895915,16.31699045558068,1,4,2,1,350.0307391636632,5.301860633427699,0,True,-3.356567916621529
MOL00662,other,440.2432252381237,1.3930386214466348,3,4,69.12754282087548,11,3,-6.9383044642833,-2.8338856151021607,4.1044188491811395,3.631668684133265,14.37039998653366,15.395030619207834,1,5,1,2,378.50513535516933,6.350046452236904,0,True,-1.0246306326741745
MOL00663,protease,397.6421724721697,1.7528980674319354,0,6,101.59720746923261,7,1,-6.6177697933348805,-2.2680362502187754,4.3497335431161055,4.641295042889649,11.794347307238848,9.856726937771924,0,3,0,2,269.63923376650524,5.380574373802246,0,True,1.9376203694669236
MOL00664,ion_channel,289.9630409052081,4.68415378610609,3,5,86.23290652168404,7,2,-5.9074487118893595,-1.7294493650211946,4.177999346868165,3.584307443252876,11.940471144246807,13.022130526812084,2,6,0,1,381.4369275480758,7.498246132198182,0,True,-1.0816593825652774
MOL00665,kinase,339.1244631322774,4.202421562088646,1,2,43.64120698039117,4,3,-5.221839088249663,-1.7575017658578636,3.464337322391799,1.3171948832012426,10.162963919339997,10.303441065254445,1,9,3,0,484.37462670528726,7.2939457455298,0,True,-0.14047714591444738
MOL00666,kinase,406.4858749440684,2.650555439770713,1,5,60.38555773914817,6,2,-6.174430829667516,-0.4029300516754959,5.771500777992021,1.436266352501195,10.656046112605956,12.477197144710471,2,6,1,1,335.8478149635827,7.033833228916675,0,True,-1.821151032104515
MOL00667,epigenetic,337.78915172739084,2.926568269885722,3,6,85.01798625506324,6,7,-6.003112916433655,-2.3780273267066523,3.6250855897270027,3.0690015352767115,13.855118359658471,14.275768835992674,1,8,5,0,622.0934811767299,8.323485325617897,0,True,-0.4206504763342025
MOL00668,protease,434.9182708500209,3.611876900046391,2,2,57.41150384542259,4,3,-5.7914433672137475,-2.509792025795292,3.2816513414184554,2.7793648934979736,11.627216884306298,12.518950767685965,1,7,2,2,464.9210061100629,7.279838863627187,0,True,-0.8917338833796666
MOL00669,nuclear_receptor,452.06668835215146,0.07850881651191122,0,10,98.56992466191637,4,3,-6.1734640754543175,-2.712501482661511,3.4609625927928067,4.093623197814841,12.879713158036138,12.948825828104185,3,9,2,0,383.0489374744767,7.271780809658329,0,True,-0.06911267006804778
MOL00670,kinase,339.7451458929956,4.355114895905561,0,2,35.77956191996492,5,2,-5.85201746921595,-1.463136021900529,4.388881447315421,2.1192243384947287,9.691696140872363,11.815784517719297,1,8,1,2,540.756575657765,6.708114479020281,0,True,-2.1240883768469345
MOL00671,protease,356.10877933796314,-0.37437855942898546,1,3,44.02791167292781,6,2,-7.1172128043865115,-2.797272870241798,4.319939934144713,2.696265566411636,9.705777879093809,12.696477188520666,1,3,1,0,407.242344323594,7.332066786750815,0,True,-2.990699309426857
MOL00672,protease,500.3734515314911,2.1240420660302943,1,5,73.47621407531483,4,4,-5.927654052157734,-0.9309673247704577,4.996686727387276,3.77681721110138,14.333219350578522,15.226334250878692,3,3,3,1,375.95117433110704,6.381724349020126,1,False,-0.8931149003001693
MOL00673,GPCR,322.3711510762043,3.516059469451907,1,6,80.37259957892122,6,2,-6.362751042261942,-2.36915879815775,3.9935922441041916,3.4589226258707804,10.608631516796793,9.86670805715024,1,8,1,2,414.95171750792434,5.595659133570153,0,True,0.7419234596465536
MOL00674,other,415.473008402328,1.5096758945530162,0,3,41.94173704888226,4,2,-6.313348879237023,-2.0411210712753127,4.272227807961711,3.01200172476653,9.760919032144153,9.570096231552613,0,11,1,2,440.53917039372845,6.177574495921985,0,True,0.19082280059154044
MOL00675,kinase,277.14867347447966,4.698951620755004,3,3,67.19787201820016,4,4,-6.125200236353754,-2.399632337008636,3.725567899345118,1.2813635401575496,10.168080465217988,12.289603091687242,1,12,1,1,496.9828156646381,6.931683859533486,0,True,-2.121522626469254
MOL00676,epigenetic,294.3012197979129,2.005271437434296,5,4,77.95115341719821,2,3,-5.4517544218290315,-2.395391888701415,3.0563625331276163,1.8884299419854578,10.426084472966304,11.492780531506428,2,3,2,2,349.20067753736566,7.156861895449959,0,True,-1.0666960585401242
MOL00677,GPCR,439.4197804740954,4.087132995183574,6,3,48.29447160846294,7,4,-5.921543712879618,-1.8241154358945717,4.097428276985046,1.2987057941296576,13.087829535081228,13.940899978436093,3,6,3,2,451.58362752014966,7.4343221010891956,1,False,-0.8530704433548646
MOL00678,epigenetic,348.56439253672556,4.5404295149131775,2,8,102.80762943524559,6,4,-6.5555920930324145,-1.75999895703062,4.795593136001795,4.054533861123952,13.418878289846905,11.707583699671432,1,6,1,0,280.553317962797,5.39100358402081,0,True,1.7112945901754735
MOL00679,nuclear_receptor,295.25597249821755,1.1913312600784094,2,7,116.01727712999433,5,1,-6.560572189290604,-2.7394896005002196,3.8210825887903845,3.337058116645055,10.696349617999266,10.14345382000326,1,4,1,1,417.92871072700586,6.309867397575122,0,True,0.5528957979960065
MOL00680,other,180.7892127859102,2.781697195343304,2,3,32.300914377133495,2,3,-6.313311360446322,-2.4234108265790852,3.889900533867237,2.463745988294375,7.149150382681681,9.293626971085667,2,5,1,2,392.1273906539316,5.6975711757130645,0,True,-2.144476588403986
MOL00681,protease,287.038700777227,2.8976795617708078,2,8,107.33978214435687,3,3,-6.47476843678391,-2.104398146937177,4.370370289846733,3.631581071624012,11.336207396493432,12.195825642705502,2,10,4,2,535.2921682695594,7.483418425469378,0,True,-0.8596182462120705
MOL00682,ion_channel,177.61796349339238,3.6229715100184237,2,5,60.141898541729255,3,5,-6.480095660711312,-1.8142796524172293,4.665816008294082,0.8807043400106775,8.311500455830561,11.040864744531959,0,9,3,1,482.3574028596006,6.309046118477861,0,True,-2.7293642887013974
MOL00683,kinase,305.29448454933527,2.462690698792305,2,8,108.57238557533826,3,1,-6.1521109480186436,-2.435796648919406,3.7163142990992375,5.567146215815875,12.412060083116128,11.414340642528469,3,4,2,1,497.3268861254006,6.716451718349015,0,True,0.9977194405876588
MOL00684,nuclear_receptor,394.19374184910816,2.7365221323876474,1,8,110.35371710147083,8,5,-6.683967338913369,-2.7836323208785148,3.9003350180348546,3.716786163740984,14.146606922807813,18.44786783516946,2,4,5,1,431.92052558047385,7.4724349744061245,0,True,-4.3012609123616485
MOL00685,other,269.01695973678744,1.5787334687520687,2,6,85.27127233702575,5,4,-6.604551134682917,-2.804694775451122,3.799856359231795,3.6692674000794194,11.831417243837452,11.556421547582985,3,7,2,2,319.29830897244733,6.611148715501319,0,True,0.2749956962544662
MOL00686,other,530.6914259298497,0.9115938643897779,2,5,75.22474677702606,3,4,-6.648303193893788,-3.057018178685265,3.5912850152085234,2.3694924030453977,13.603620282987995,18.06159095890106,1,1,4,1,439.3974598676114,7.165483888038839,1,False,-4.4579706759130655
MOL00687,nuclear_receptor,372.13575252102714,6.340175866052339,0,8,93.71547420840407,6,3,-5.686422165776548,-2.3262356222311023,3.360186543545446,3.2820279254840536,14.39528575895337,15.539402119410145,0,14,3,0,462.888077925683,6.016763576283347,1,False,-1.1441163604567741
MOL00688,protease,296.86740871451155,3.7966532651465124,1,3,45.65146550945147,2,3,-6.583667631739245,-1.7237118616826255,4.85995577005662,1.658852350983429,8.630457147168414,6.3282314096181675,0,10,0,1,471.02592890141767,7.59964072852872,0,True,2.3022257375502466
MOL00689,kinase,428.8541753197791,0.6904957171251476,1,6,64.94469351584236,3,3,-6.601472977708302,-3.1130632477456515,3.4884097299626506,2.4672839971372102,10.989343672515323,11.450876363568756,0,3,2,2,510.74838753269574,7.938726213149599,0,True,-0.4615326910534332
MOL00690,nuclear_receptor,370.51761136558474,2.600370593501012,3,7,105.61830264948352,9,4,-6.514353209167325,-2.518600584712617,3.995752624454708,4.907208782167188,16.905282874322772,14.351917739772382,3,5,2,1,506.8827787223203,5.3167811108938485,0,True,2.55336513455039
MOL00691,PPI,506.79334774802027,1.9025286996564197,1,4,84.77836345615103,3,4,-6.825915988695081,-3.1415430806649347,3.684372908030146,1.977298068421664,12.780457655589911,15.075403497710786,0,5,4,2,432.123002701384,6.653635411726815,1,False,-2.2949458421208746
MOL00692,epigenetic,462.09740225006067,2.5922307087394656,0,7,71.87648429259009,11,2,-6.3427627233581765,-2.2979443413682277,4.044818381989948,3.949348688695534,14.072793676613127,13.637442383368494,1,6,0,0,337.20107523341744,5.377281922386942,0,True,0.43535129324463284
MOL00693,protease,495.9097856438807,-0.6195106686144354,2,3,34.34128197217122,9,0,-7.009006457085307,-1.6377713243092624,5.371235132776045,2.0515992959652802,12.6974051370335,15.248795085929789,2,0,1,2,254.68286861032772,4.610701469479004,0,True,-2.551389948896288
MOL00694,nuclear_receptor,316.2113326345318,0.8300150763044649,4,5,68.76390540695722,4,0,-6.337899812435767,-2.038476869782232,4.299422942653535,3.5301083191547127,11.117437712976576,13.379458640418148,2,6,1,0,429.14408472799664,5.55793770912217,0,True,-2.262020927441572
MOL00695,kinase,187.5613938588557,1.3451048766675118,3,4,71.61364452570349,0,1,-6.102078631716919,-1.0317587531164192,5.0703198786005,2.5040756697034183,7.231651306322697,5.45114896950822,0,8,0,2,418.7025044017965,7.203571683600105,0,True,1.780502336814477
MOL00696,PPI,290.90498571690745,1.7582742595866576,0,6,63.95792167955592,5,3,-6.627574247243061,-2.485953072300624,4.141621174942436,3.069473659193661,9.522624353101124,10.496681589954973,0,5,4,0,416.7066478783716,6.549430277800065,0,True,-0.9740572368538487
MOL00697,PPI,370.49451899050615,1.0563281310366135,0,7,74.01038784252736,4,3,-6.197568090080128,-1.9802554183899677,4.21731267169016,2.9674704655004844,10.480250105704066,12.912621637558031,4,5,2,2,425.8564841599257,4.875715426066091,0,True,-2.432371531853965
MOL00698,epigenetic,454.08639867619615,3.657014929165058,0,2,40.49299086396541,7,2,-4.852399551534557,-2.0168715378538016,2.8355280136807552,1.4956341696626876,11.357317378862607,9.62248500702703,0,5,1,1,387.3178223118578,5.54087882769741,0,True,1.7348323718355765
MOL00699,kinase,384.1199129496975,4.855294488342656,2,8,102.9325230799891,8,2,-6.076739611082242,-2.2901970715749513,3.7865425395072903,4.791345219594018,14.811660706343439,17.072189184229444,1,6,1,1,348.1052450804118,6.66228708835618,0,True,-2.2605284778860053
MOL00700,nuclear_receptor,293.84739784159,2.296969179765186,1,5,71.51132113575957,3,4,-6.630541073742623,-1.5971101007033333,5.033430973039289,3.1541084092561413,9.891798727981822,13.02819541723735,0,0,3,0,322.0732676921217,6.4103441674586605,0,True,-3.1363966892555286
MOL00701,kinase,382.9009087150742,0.4254521842379151,1,4,53.86492442457824,7,3,-6.384541067115531,-1.696393553347743,4.688147513767788,2.502666014501263,11.92207682767907,11.159400131666118,1,4,1,2,442.9387135225097,6.477248654952647,0,True,0.762676696012953
MOL00702,protease,423.68353490561844,2.317099408457778,2,4,66.0065715390673,3,0,-7.01385232505409,-2.361606452095259,4.652245872958831,2.4151415659284545,9.741232149981371,10.892833725627037,1,3,0,1,269.7363779244876,3.105236972828329,0,True,-1.1516015756456657
MOL00703,other,559.3894410124174,4.479730585730049,0,6,78.523670589168,10,0,-5.663459463471233,-1.689895002865148,3.9735644606060854,2.7561162760492177,13.16758939480125,13.260441488080481,2,9,0,1,435.66717030095845,8.259701316460683,1,False,-0.09285209327923027
MOL00704,ion_channel,423.79032674944307,2.7194093481293375,0,4,66.36096511462941,7,2,-5.887003130180164,-1.9744066801736004,3.912596450006564,1.2762238960674113,10.748637447736371,14.209844867206431,0,5,0,1,338.324418103619,6.20424443204583,0,True,-3.4612074194700604
MOL00705,kinase,463.0326400526824,3.5010617592230067,1,6,53.98401327359239,2,7,-5.420861213981768,-3.0590503429291633,2.3618108710526045,4.110678396834443,14.887631249664514,16.784578055102532,0,5,4,1,508.9631675293166,7.017629685987929,0,True,-1.8969468054380183
MOL00706,PPI,451.84019681124,1.4259862400527836,2,4,80.49376537379159,6,2,-6.4065204457579075,-2.034069472389881,4.372450973368027,2.06663762633913,11.294710365923425,11.993589789785583,1,3,0,1,353.2757371801505,6.822730182918014,0,True,-0.6988794238621576
MOL00707,protease,282.5651500543974,1.5302204976651455,1,5,78.69227200340873,2,1,-5.953423245815775,-2.4791935188020267,3.474229727013748,4.605189629790648,9.655217696961204,10.541045311522188,1,2,1,1,256.5149508626118,4.858254924062141,0,True,-0.8858276145609842
MOL00708,PPI,385.6130599952116,2.2369626887927727,0,3,31.34326044673233,4,3,-5.944858817450477,-1.4486952824290353,4.4961635350214415,1.3572290526219652,9.261692365427699,12.429687627250678,0,7,2,2,429.7296558378942,6.729877958606588,0,True,-3.1679952618229787
MOL00709,epigenetic,391.6053877339896,2.4018723237503825,3,6,103.32277723599118,5,2,-6.248060429333815,-2.5455100530098314,3.702550376323984,4.624074463612545,14.02312046363692,17.756943036654718,5,6,0,2,460.6970578671613,8.421517235395008,0,True,-3.7338225730177985
MOL00710,kinase,144.9724698738927,1.9264094659170468,4,1,18.30933087135414,4,4,-6.648861939559412,-1.4611611323479217,5.18770080721149,2.5501536894853816,7.796726663390185,9.611499758483236,1,6,3,2,490.6179334560615,6.130519989258139,0,True,-1.8147730950930505
MOL00711,kinase,281.989490173207,1.6413379153945282,1,3,51.37980949115608,8,0,-6.153928428938387,-1.2154742086080683,4.9384542203303186,1.4666422744712393,8.860633150885915,5.426316509684689,0,3,0,1,426.4728233953193,4.642338514582395,0,True,3.4343166412012263
MOL00712,protease,379.5815373308436,3.9452842599023032,2,6,107.07640265691879,8,1,-6.650333440652404,-2.3120541323298647,4.338279308322539,3.461169661541563,12.84275030340461,13.78103486693233,4,4,0,1,359.07612156509776,6.752077204154062,0,True,-0.9382845635277199
MOL00713,GPCR,505.1016380765868,1.5472862529353597,4,7,75.70459200712796,5,1,-7.498915415225088,-1.969991281177185,5.528924134047903,3.6557154408393324,14.988970052774844,17.65668707227643,2,2,0,2,380.4550501742049,5.509268486924187,1,False,-2.667717019501586
MOL00714,PPI,284.8078784351514,2.669032942585863,0,7,97.60627406510008,5,0,-6.642428980453003,-1.86684414485171,4.775584835601293,3.202139338633684,9.004574552351697,9.132181000822014,1,3,0,1,186.70426118267227,4.424468008151919,0,True,-0.127606448470317
MOL00715,PPI,276.17388000808364,0.5163177138216173,3,7,70.5368543979466,6,1,-6.90673586683161,-1.766154439300394,5.140581427531217,2.709554550854083,10.236328506837435,7.7172661200925425,0,4,1,0,297.828331046841,5.5895631830113315,0,True,2.519062386744892
MOL00716,PPI,368.0948982150952,2.452728569821824,0,1,35.1053619891633,3,0,-6.019877770139228,-1.7026435593337355,4.317234210805493,1.9330144577769397,8.236876967298237,10.677825074608686,1,2,1,1,366.5564388660108,4.5956316687060195,0,True,-2.440948107310449
MOL00717,epigenetic,550.629693552225,1.8448029760142517,5,6,116.89542820426531,3,1,-6.485929387398471,-2.63302754088235,3.8529018465161213,3.9113816589990535,15.992087378992279,20.5480675477936,1,2,1,1,277.98982196695215,6.936175045507125,1,False,-4.555980168801321
MOL00718,ion_channel,327.73882794309725,3.9682122978719883,0,6,85.91847568270786,3,3,-6.154610083766875,-1.628188819429703,4.526421264337172,3.0455380746175593,9.008841678153177,13.952104357022247,2,6,1,1,364.5866116633182,7.086410997811051,0,True,-4.94326267886907
MOL00719,nuclear_receptor,321.73402673134007,1.8214926239397387,0,3,55.32232566435371,6,2,-6.348887780593702,-2.486271671133355,3.862616109460347,0.9723698190549475,9.483920391068661,12.691692018829142,0,2,1,2,276.62849956440067,7.203841518204709,0,True,-3.207771627760481
MOL00720,GPCR,245.62225760355864,5.1803571084612585,5,2,72.41756166871855,4,3,-5.75818904635934,-2.078647367765127,3.679541678594213,2.1908312778302284,9.779808792205612,10.747182887503325,3,4,1,1,442.394514317181,8.467945436447906,1,False,-0.9673740952977123
MOL00721,GPCR,444.7638872760231,1.5056764923936872,2,8,89.736942195721,3,0,-6.865563427880338,-1.7295231800565287,5.136040247823809,3.8863011839460477,11.683416644055843,14.213580233107026,2,2,1,2,432.9683219808146,5.7982875236916565,0,True,-2.530163589051183
MOL00722,kinase,323.6963061724816,3.024777679905361,0,9,82.91161825741344,7,4,-6.0680724702457125,-3.1631672805858555,2.904905189659857,3.830031838075812,11.876262121763125,12.25908384346128,1,12,0,1,625.0192942951792,6.26023579319582,0,True,-0.3828217216981553
MOL00723,GPCR,462.68297901481003,0.9233946723121753,3,6,113.43690137066662,9,3,-7.013732504321678,-2.067034116998712,4.946698387322966,4.099812062765535,16.002870068485347,17.940274595529978,2,3,2,1,431.70198564600173,7.035987677705279,0,True,-1.937404527044631
MOL00724,GPCR,160.64375491672695,5.455913321092833,2,5,85.53490029319859,4,2,-6.3287226542170245,-2.114703015159875,4.214019639057149,3.7472033475687327,9.211223367170076,9.132814241592856,2,9,2,1,478.1079062902616,7.817298846190213,1,False,0.07840912557722035
MOL00725,nuclear_receptor,339.8202250832377,2.804422075910438,0,4,25.165096308309735,11,1,-6.333515253120883,-2.146139644430402,4.1873756086904805,1.9162182675159842,11.025829473132688,10.304039665438102,0,3,2,0,355.3665134507232,6.087356535082516,0,True,0.7217898076945861
MOL00726,ion_channel,611.8510203193975,3.6429260870617646,1,8,111.84086327585409,5,0,-6.393705305833724,-2.391728524320962,4.001976781512763,4.476859542035287,15.751106978628945,18.733155180023996,0,3,0,0,368.18930334878246,4.983839748396476,1,False,-2.9820482013950507
MOL00727,ion_channel,430.70822837491846,5.286338195710783,3,7,99.15025698015096,5,1,-5.939526205032766,-2.18849937184776,3.751026833185006,2.847066222949151,13.224559073710196,16.755957031595337,3,8,0,1,429.01004652767506,7.2634126302372675,1,False,-3.53139795788514
MOL00728,other,387.44524519601083,2.513074009884579,2,4,71.73941242271823,5,1,-6.109859822012685,-1.4780909873852204,4.631768834627464,2.781505279686528,11.009542472582764,13.039488091021056,1,5,0,1,247.6083067997357,5.94333536861456,0,True,-2.0299456184382922
MOL00729,nuclear_receptor,360.39211843956343,2.28921610929864,1,4,64.74181710913783,5,3,-6.423025661600095,-2.0629939576707566,4.360031703929338,2.7324692714444088,11.20844221836086,13.579413294998105,1,2,2,1,423.4350858829823,6.899105798471239,0,True,-2.370971076637245
MOL00730,kinase,179.0950245702006,4.368727380813066,0,3,48.455115526917595,6,1,-6.179184505700208,-1.3223407055518681,4.85684380014834,2.1708355416549643,7.580999088432466,7.541274605590472,0,5,1,2,463.4269989815636,6.456710443477561,0,True,0.03972448284199448
MOL00731,GPCR,256.20092706329746,3.809068199050086,2,8,115.32757076285304,2,1,-6.486117161045362,-1.2842904346932982,5.2018267263520634,4.703107267605518,11.321730312668846,11.754943035788335,2,6,0,1,479.84029291813863,5.781257262342862,0,True,-0.4332127231194889
MOL00732,kinase,324.1311046794594,3.9064423528862218,1,7,86.45680913567053,4,1,-5.327325385939453,-2.265040108902217,3.062285277037236,3.1578846264686526,10.52635870676213,13.282589311368708,0,5,1,0,369.7604243199229,7.45739153576289,0,True,-2.7562306046065785
MOL00733,protease,391.0134054668149,2.442405740190325,1,1,26.307424305408745,7,2,-6.1634168110519365,-1.371373603462361,4.792043207589575,2.1370276295513038,11.533480683756759,11.829444977888931,0,3,0,0,200.63875510097446,6.10773562679708,0,True,-0.2959642941321725
MOL00734,PPI,344.61686817184886,3.7761415196978927,2,3,58.53775259446822,6,1,-5.97661148069854,-2.4257009325790935,3.5509105481194463,0.8877194536921262,9.289909076605982,14.279351403942401,3,9,0,0,466.30713619634616,6.872615296192486,0,True,-4.98944232733642
MOL00735,protease,385.4233726793935,2.365975419233661,2,3,67.75632695898625,4,4,-6.160957262959925,-2.2339723942989997,3.926984868660925,1.9927112671072287,10.832240756040513,11.367596974676296,1,4,2,1,314.67035725621196,7.512793423005503,0,True,-0.5353562186357834
MOL00736,protease,378.06351014269745,2.1246642395158526,1,5,77.94772680799531,5,5,-6.0186043832980785,-2.4700452955550958,3.5485590877429827,3.371207998440908,13.15791888924328,14.67743824326447,1,6,1,1,389.30342444602354,7.376837241013557,0,True,-1.51951935402119
MOL00737,kinase,299.49375752127514,2.021815939452413,2,6,86.55582632441443,4,1,-6.595628816181985,-1.7465962515506102,4.849032564631375,3.101860157536767,9.819812582452437,11.36454955612116,2,3,1,0,349.55300618453816,6.199461215897804,0,True,-1.5447369736687229
MOL00738,kinase,152.09021132100568,2.963353515826422,1,7,87.56446335249493,4,3,-6.598365045000077,-1.601553474702114,4.996811570297963,3.228694877924743,8.28800491375922,7.132215257351444,0,2,1,0,344.71152197242924,5.989132590111948,0,True,1.1557896564077765
MOL00739,kinase,378.08550356023,2.9142750462514235,4,3,70.72907594437801,3,0,-6.1540021479446185,-2.1859237895187147,3.968078358425904,1.31921283060412,9.767531070917347,14.520478839823026,1,3,1,1,330.75955302981595,6.13699814487735,0,True,-4.752947768905679
MOL00740,ion_channel,347.83696013734334,2.036912194578544,0,4,62.40874372132113,4,2,-6.1262870002433445,-2.964871208484057,3.1614157917592873,2.851012042517547,9.122846804421487,8.535509437077671,1,8,0,1,445.03029131610765,6.224487559414407,0,True,0.5873373673438156
MOL00741,epigenetic,337.08720220444985,3.957512800476059,4,5,58.3515974587804,2,3,-6.836767681833707,-2.43140936646915,4.405358315364557,3.0568523459007224,11.850285974088681,13.061617337810462,1,7,1,1,438.88855167679566,7.060732606577264,0,True,-1.211331363721781
MOL00742,PPI,412.68752419644915,1.8598606855364728,2,4,59.87717725704415,5,1,-6.596954642660203,-2.0379168019956566,4.559037840664546,3.272904041145823,11.399171955450958,10.862206997436251,1,9,1,0,451.1535475400392,7.367278207833412,0,True,0.5369649580147069
MOL00743,ion_channel,352.12989992243433,0.4515642729192084,0,6,77.63479740673988,7,2,-6.398027136923486,-1.4232213534658567,4.974805783457629,4.244881098061643,10.942520526836436,11.388879928135074,0,3,1,0,371.74130740417763,7.163373895321954,0,True,-0.44635940129863805
MOL00744,protease,233.13115855082918,1.0540137039984339,3,4,74.49116060324218,7,1,-6.604934184590467,-2.067203333068181,4.537730851522286,4.060484943375012,10.949421580044158,10.4830807029277,1,1,0,2,252.9559902715386,3.619710661602258,0,True,0.46634087711645833
MOL00745,kinase,240.84813315708192,1.0758364362662896,1,3,43.459828146563474,4,2,-6.424572729363616,-1.220247199416171,5.204325529947445,3.018649158689081,8.259115395449792,7.325701311723944,1,2,2,1,364.2465036509171,5.798159205180918,0,True,0.9334140837258476
MOL00746,kinase,316.03147227326497,2.555681131921239,1,9,109.81253377888572,3,0,-6.681135505539617,-2.297015992340329,4.384119513199288,5.173503297647818,11.53750926913248,11.505079408904052,3,3,0,2,261.9381539085857,6.88860009805756,0,True,0.03242986022842764
MOL00747,kinase,447.4150232317235,3.8235022882800234,3,4,86.90451282417929,4,2,-6.1993460491250625,-2.0624288646155144,4.136917184509548,3.765055805622034,11.804070825836348,11.250671237018171,1,5,1,2,311.74766406875915,8.517560537048444,0,True,0.5533995888181771
MOL00748,ion_channel,451.70278180089883,2.756164671351237,2,5,72.55204460252267,2,4,-6.235776609261985,-1.5352369683067146,4.70053964095527,2.095930526977717,12.002706561772614,12.55394271128531,0,8,0,2,374.58220677200705,6.209869698443942,0,True,-0.5512361495126967
MOL00749,kinase,275.46815279763837,4.806633158526939,1,2,39.78648914357651,9,2,-6.486139396022111,-2.275019430960106,4.211119965062005,0.9318287281260919,9.207574204952536,8.838616745112542,0,6,3,2,378.0349941555106,7.164345051658239,0,True,0.3689574598399936
MOL00750,nuclear_receptor,376.2985951052178,2.6999448849437306,2,6,72.30163630842752,4,7,-6.854461081376016,-2.097666482063893,4.756794599312123,4.057721320373121,14.124323982829576,15.74089853138163,0,8,5,1,468.33247705546,7.96358118315453,0,True,-1.6165745485520535
MOL00751,ion_channel,246.95170383563388,3.136038232580792,0,7,101.02070134853366,5,1,-5.698733303645525,-1.8549534971663397,3.8437798064791857,3.7597692762088086,8.742674650753123,5.651484578972816,1,5,2,1,464.77382006289105,8.342186098300616,0,True,3.091190071780307
MOL00752,protease,321.2491508963874,2.148532712563773,1,4,57.65334850978677,4,2,-6.59220882943978,-0.785942118114396,5.806266711325384,2.239993020908672,10.532353210813202,12.300019405285145,2,10,1,0,403.51530324865246,5.756747951948471,0,True,-1.7676661944719427
MOL00753,protease,306.9313015583944,1.1391939065973142,2,6,111.3696200038387,6,2,-6.3876101366629365,-2.707099067138359,3.6805110695245777,3.9117225481115856,11.698029906149891,12.595926014848247,1,4,0,1,346.07583702644337,5.326973855899486,0,True,-0.8978961086983563
MOL00754,PPI,290.9970762067701,2.4907775972950525,0,9,77.13903505735371,7,1,-6.801258153624757,-0.7579924211100384,6.043265732514719,3.084800519092591,9.436247929544917,10.623935234263323,2,6,0,2,479.6616808038862,7.709558844221165,0,True,-1.1876873047184056
MOL00755,epigenetic,395.0086575424511,2.463333910903287,2,5,83.18944371463121,6,2,-6.725468475022045,-3.387930567593687,3.337537907428358,3.0413810604528555,12.404451599606121,13.339272605556586,1,4,2,1,325.72979565519034,5.208804166740697,0,True,-0.9348210059504645
MOL00756,kinase,611.9396718477699,4.169043931002427,2,8,127.59638794575108,4,2,-5.717569175278617,-1.8193441142749323,3.8982250610036844,3.837336118662268,16.176805383629464,20.322513303355112,1,4,1,0,291.5137244213014,5.527610348016032,1,False,-4.145707919725648
MOL00757,GPCR,437.1432411319114,4.769754321298481,3,5,47.59223268962198,6,5,-6.083040887418625,-2.132866646131169,3.9501742412874563,1.5508447408649952,14.018057746816165,17.428108120189112,0,8,5,1,479.58713758637106,8.243866698727496,0,True,-3.410050373372947
MOL00758,kinase,156.5687581944285,-0.3263144865893963,2,3,50.09159305116128,4,1,-6.735717253161699,-1.941022125974026,4.794695127187673,2.586482722891075,7.320583267097972,10.093734788419352,1,1,0,0,340.9453264369988,5.301359904822195,0,True,-2.77315152132138
MOL00759,kinase,523.9036126592954,3.4338822803767615,4,5,77.2472486055634,6,3,-6.330553741215418,-2.046358308619666,4.284195432595752,3.6944702340595175,16.328104243794225,16.746462548560373,3,7,3,2,507.9761837325889,7.556796676676043,1,False,-0.4183583047661479
MOL00760,kinase,276.9092331286393,4.546763811000812,4,3,58.2296602229253,2,4,-5.619605900882721,-1.6195909794171164,4.0000149214656044,2.1655266522210144,10.010909726073095,13.659145117078618,3,10,0,1,493.44007957103315,6.226448670414374,0,True,-3.6482353910055227
MOL00761,GPCR,397.8783792146248,3.475438972851033,1,7,91.59914075684279,2,4,-6.166114845692587,-3.426468345609896,2.7396465000826913,3.930811331580391,12.691864797184374,14.279032768109207,4,4,2,2,362.67448261503364,7.684128366738863,0,True,-1.587167970924833
MOL00762,GPCR,340.215058396474,0.7979674133400423,3,6,95.89134061199971,9,1,-6.9007903928608245,-2.3218464783821355,4.578943914478689,2.911264781860766,11.418279342440744,13.466572673866734,0,4,0,1,326.97985852450444,5.966274817899254,0,True,-2.04829333142599
MOL00763,protease,396.52578541538526,1.5722414002236018,2,9,103.16938179394137,6,1,-7.226512706487638,-1.6454624624700898,5.581050244017548,2.842471055456989,12.012976781245964,12.29155689085676,1,3,1,2,425.2451808768847,6.424743023808336,0,True,-0.2785801096107967
MOL00764,kinase,456.8349162308699,1.8986335452719483,2,7,85.36591055456817,3,5,-5.903657020231928,-2.7872029301026524,3.1164540901292757,4.186716914864025,14.82469213177672,19.36796346481605,0,5,4,1,434.7552318153168,6.854110909364695,0,True,-4.54327133303933
MOL00765,kinase,432.045820602987,2.7207376318414416,0,4,49.52278848005852,4,1,-5.736116099728526,-1.7569936989204196,3.979122400808106,1.5836789332424517,9.202868775301102,6.7790058661441615,0,3,2,1,275.50034621430046,6.111257464567837,0,True,2.4238629091569406
MOL00766,protease,340.8509696992469,1.894859412191958,0,2,31.519807820965,10,2,-6.904744900053244,-1.2692548264807773,5.635490073572467,0.9607972207005823,10.39244936463141,9.995050608040748,1,8,2,2,432.11727720884136,6.840039318804859,0,True,0.3973987565906629
MOL00767,nuclear_receptor,321.2876165101021,3.3659951289354493,2,6,82.4762468324139,3,3,-6.678183178524686,-1.914823340605223,4.763359837919463,2.419637684953207,9.88069732058233,12.55464964560305,0,11,1,2,517.6232283821952,5.281015278009651,0,True,-2.6739523250207196
MOL00768,kinase,324.8403230065389,4.302381784473514,1,4,55.93540692842248,4,0,-6.059829031845756,-1.3081771507129927,4.751651881132763,1.8071201497426657,8.57762675964998,11.44215770016966,0,7,0,2,347.6526918064434,8.567461886620091,0,True,-2.86453094051968
MOL00769,GPCR,297.21610859299335,2.4701656165821078,2,4,87.56730337185395,5,2,-6.171292247583828,-2.279466454342229,3.8918257932415994,2.6572854635769887,10.633953060450386,9.403063707725735,2,4,1,1,272.42102368230235,5.75127604618069,0,True,1.2308893527246507
MOL00770,kinase,447.4755777530339,5.736037609385197,1,4,70.96006563460755,4,1,-6.26936334381625,-0.9128368135865778,5.356526530229672,1.1038200735095125,11.568959408989453,15.199045821903386,4,11,0,0,600.0683799525119,5.714079116410856,1,False,-3.6300864129139327
MOL00771,protease,340.168759028662,4.579840837427486,2,7,82.69615500669748,3,3,-5.867817001284227,-2.9120952803184705,2.955721720965756,3.55872824842216,11.55655732695757,12.451702215226268,5,4,2,0,459.75763679011334,6.588253877961869,0,True,-0.8951448882686979
MOL00772,GPCR,650.5447810328453,-1.3356684083101666,2,6,81.04291583171623,3,3,-6.109075502730941,-2.2784257407531796,3.8306497619777615,4.011075545735348,16.19338797217255,18.135707665830864,2,4,2,1,391.7325500084663,5.660873474216925,1,False,-1.9423196936583125
MOL00773,nuclear_receptor,155.25701085906985,1.149972853850532,1,6,78.28791641269034,5,3,-6.319041519084827,-1.7658670351537258,4.553174483931102,3.608039993633374,8.999576861469611,10.283357291994198,1,1,3,1,360.9358670335224,6.0347245363731625,0,True,-1.2837804305245868
MOL00774,epigenetic,290.4946480430267,2.5684590851845837,4,5,83.65109661348508,1,2,-6.9268050252343025,-2.638451845374815,4.288353179859488,3.079822301623968,10.19666826678766,11.02270632514448,2,3,1,1,249.1146642224096,5.9408482024939655,0,True,-0.8260380583568203
MOL00775,other,314.215875951175,1.339765289341127,2,4,51.03373649517466,7,1,-6.393581799377872,-1.0712565433549082,5.322325256022964,3.3503671323758613,10.987100746252077,12.41861756812683,3,1,0,2,238.25938951164704,4.820527336260429,0,True,-1.4315168218747534
MOL00776,ion_channel,337.58309944564303,1.7616801090497871,1,3,41.860498540533975,4,1,-6.556064528619337,-1.6691949064463307,4.886869622173006,1.0312927828998746,8.160249968666186,9.505714679355671,2,5,1,1,281.02364231561796,4.726302147601504,0,True,-1.3454647106894857
MOL00777,GPCR,120.0,2.9175650274116594,6,5,95.3073496000869,6,2,-6.154213337843893,-1.123255850868213,5.03095748697568,2.383088605861506,9.994488957352921,10.524005305312901,0,10,0,0,411.3241176973328,6.778387113774579,1,False,-0.52951634795998
MOL00778,other,470.89942305202123,2.009057187342029,1,5,64.87851115615103,4,0,-6.327215152507861,-2.2043202155648354,4.122894936943026,2.7282704205833865,10.794262842070015,14.156431113334346,5,4,0,0,283.0703946147721,5.7350021467916905,0,True,-3.3621682712643306
MOL00779,protease,385.8846255876643,1.4497156020935011,2,4,72.35017116464081,7,1,-6.300576525837281,-1.5607524661933212,4.73982405964396,3.4884041264270467,12.08779873872694,14.249186612645175,0,3,0,1,219.9084754382746,4.927903271405595,0,True,-2.161387873918235
MOL00780,other,274.07988863303933,0.9049853934173184,4,3,53.00661354150413,4,0,-6.528474712413635,-0.7024086687411475,5.826066043672487,1.2768501723277506,8.833273881589477,7.7509473802554565,3,6,0,1,488.02688944689197,7.326027869256771,0,True,1.0823265013340206
MOL00781,kinase,372.6687268979035,1.742025193829532,1,8,114.7801264370714,8,3,-6.596542628082726,-2.1390695704806673,4.4574730576020585,4.952976885346974,14.125601210598687,15.878653596241948,1,5,0,0,375.0974304885678,5.406335570719883,0,True,-1.7530523856432616
MOL00782,protease,305.22174068723837,-0.46848003339754385,0,2,46.02042876093449,3,2,-6.3713938527328535,-2.1458393363565382,4.225554516376315,3.4679165176435958,9.684332971490125,11.222044472660238,1,2,1,1,267.44955890458954,6.36317199629131,0,True,-1.5377115011701132
MOL00783,ion_channel,357.27266123730067,4.367487514290358,1,4,58.36766568266687,7,0,-5.841219171929231,-1.7969044360929425,4.044314735836288,2.156826978228089,10.156081833855483,10.51493758282526,1,6,0,0,402.00139236291795,3.930806806340115,0,True,-0.358855748969777
MOL00784,nuclear_receptor,182.32976984846425,2.7260093608696856,1,2,27.60570353322347,5,5,-5.679077563354589,-1.884342668895545,3.794734894459044,0.3517735897877683,7.99863014494067,7.795883554665761,2,7,2,1,453.8653064893444,5.8840225294629676,0,True,0.20274659027490838
MOL00785,GPCR,385.56109787523974,1.0675529317588575,3,5,42.93231655649057,4,0,-5.91930224577004,-2.4399950140036957,3.4793072317663443,1.1950615369652209,9.954236274601994,9.890630315583053,2,0,1,1,321.4253261450674,5.247662296327878,0,True,0.0636059590189415
MOL00786,kinase,395.9810333845247,1.8051699711537819,2,4,56.057555132856734,7,2,-6.635292292794723,-2.161967200919949,4.4733250918747745,2.210046005414126,10.947355787135457,12.151176463277842,1,3,1,1,437.5789637980671,6.966667532676524,0,True,-1.203820676142385
MOL00787,GPCR,391.7742190928631,3.5542687932271906,1,3,43.856813836324804,8,2,-6.663757232201323,-1.3251639148883299,5.338593317312993,2.9160691724077905,12.0553298016665,12.83781843007747,1,5,1,1,274.34493087969213,5.7732709402455455,0,True,-0.7824886284109684
MOL00788,other,438.73532368866313,1.4144921981720933,2,8,81.08352974003618,1,3,-6.083610898131946,-2.3341562660622857,3.7494546320696602,2.0989921602026853,11.071631359472018,13.80231715486306,2,5,2,2,406.8642411068626,5.778092546981581,0,True,-2.7306857953910413
MOL00789,PPI,357.6267699580726,3.4153562445942054,1,5,44.44357493509887,7,2,-6.843641498874617,-1.7640380162285334,5.079603482646084,1.9398972118414592,10.794058415705823,13.68915997048798,2,6,2,0,393.0102259369645,7.826168065428125,0,True,-2.8951015547821566
MOL00790,epigenetic,342.4177771968951,2.647710899379494,1,5,68.62366843671002,7,1,-6.4251508859436965,-2.178800782247601,4.246350103696095,3.129451923129709,11.141300532199605,12.445040694082689,1,4,1,0,424.68879581053085,6.884633802048808,0,True,-1.3037401618830842
MOL00791,GPCR,317.43715337628873,-0.7540066295342109,0,7,81.82963229817207,1,2,-6.943924901611495,-2.4409475124266296,4.502977389184865,3.965771515369557,9.651675393447704,10.817534216631524,0,2,2,0,377.12936086726756,5.958888649906649,0,True,-1.1658588231838198
MOL00792,GPCR,167.74939433807813,3.744831442668918,2,2,25.95321860199585,7,1,-6.749453560163381,-1.9274185503670969,4.822035009796284,1.411338363299441,6.966249402770662,10.00737303000749,1,8,2,1,479.0926407447029,6.221462836797927,0,True,-3.0411236272368276
MOL00793,kinase,307.09386902079865,4.566692802530614,0,2,24.972666594041826,6,0,-6.43197276823507,-1.3233408909198214,5.108631877315249,1.9001250381874355,8.58933370693458,12.114345391239368,0,7,0,1,370.2045173435031,8.234203669109231,0,True,-3.525011684304788
MOL00794,GPCR,186.6709052356711,3.256767193681439,0,9,92.7213766578237,5,3,-5.986264371987889,-1.824851532737843,4.161412839250046,4.831518323527254,9.891349654323136,10.83110726401987,1,10,1,0,562.0253066248813,7.684194256050802,0,True,-0.9397576096967342
MOL00795,PPI,406.7542135527881,2.5433915414886346,2,6,80.34910247302197,8,3,-6.532631639210218,-2.2244456360521836,4.308186003158035,4.33929147383531,14.101807717569146,17.82931248737421,0,12,0,2,468.544847663122,7.489378770712492,0,True,-3.727504769805064
MOL00796,epigenetic,437.0908769037027,2.45936570360165,0,2,38.296983658920105,6,3,-6.13016705672369,-2.4776942919832496,3.6524727647404402,1.4598209895760366,10.930996751959896,11.802772437288406,0,5,0,2,237.78294994399448,5.392954065852427,0,True,-0.8717756853285099
MOL00797,kinase,254.34446989794588,2.663813508493779,1,5,83.74956063730086,4,1,-6.258549664265369,-2.129661114140078,4.128888550125291,3.176152600696668,7.701499881688244,7.205735489071717,0,5,0,1,344.8540466537433,7.022757589424362,0,True,0.49576439261652716
MOL00798,epigenetic,481.11708556448485,3.640939761193377,2,6,71.68944489199939,4,2,-6.535733574974049,-2.282179429775389,4.2535541451986605,2.3260958545955868,11.500664076711331,15.288067950166255,0,8,2,2,451.9827634361936,4.992826865897515,0,True,-3.787403873454924
MOL00799,protease,233.76699860340673,-0.24652245376089432,1,10,119.25476617806217,6,1,-6.633407929711373,-2.2264229266124516,4.406985003098921,5.539510950365125,11.624666112559943,10.827395323341548,2,2,2,0,402.4569566781079,6.249900629306286,0,True,0.7972707892183948
MOL00800,kinase,274.0022244905001,2.719712457781074,1,3,63.79465059386369,6,4,-6.365695481427852,-1.583062417735105,4.782633063692747,2.7063047011943264,10.02103273337077,15.159256940345534,3,8,2,0,377.8075712014792,8.540248619926412,0,True,-5.138224206974764
MOL00801,kinase,402.2071469017953,0.23787852697938128,0,9,118.33620254888714,4,1,-6.64057935534402,-3.5515617225894642,3.0890176327545555,4.706611401307532,13.211545440976826,15.645652555374534,1,1,2,2,308.7671527935851,5.737466808596525,0,True,-2.434107114397708
MOL00802,PPI,354.23001014595627,3.2434442477780974,1,5,92.65323897018575,4,7,-6.080090742932704,-2.626504263294483,3.453586479638221,2.4569021322382074,12.333964758902573,15.902370040451064,0,10,5,2,486.5680840030915,6.732610703442786,0,True,-3.5684052815484915
MOL00803,kinase,120.0,2.5945373301998993,4,3,100.04298784419689,6,1,-5.749442383661109,-2.4844693168707144,3.264973066790395,4.30650057104304,9.49844103767757,8.652880009459743,2,5,1,1,318.28227413139405,7.589332224463513,0,True,0.8455610282178263
MOL00804,nuclear_receptor,494.9819894438133,0.6935759577599963,1,4,57.640558641891694,6,3,-7.007129244333854,-2.12022849993521,4.886900744398645,2.2119285585966013,13.17060469719672,12.175613257441912,1,8,1,2,483.14293818584366,6.299792369494002,0,True,0.9949914397548092
MOL00805,epigenetic,631.2670764661013,4.064075885561696,2,9,109.49135808373909,2,1,-6.377073872074977,-2.1796283751285457,4.197445496946431,3.582153144474,13.755909435742037,15.229663181623282,3,8,0,2,544.6046494226179,6.578156083994203,1,False,-1.473753745881245
MOL00806,protease,354.2387200693115,4.60845073798341,3,6,83.40985700028344,9,1,-6.129892660207311,-1.8830121983672357,4.2468804618400755,2.7731832539504837,12.923281843674678,12.380847732522689,0,4,0,2,341.7456582775406,5.769480135726669,0,True,0.542434111151989
MOL00807,protease,423.1810882978416,1.1988202737652816,1,11,102.51307168395147,3,2,-6.953774692623548,-2.9088009300966764,4.044973762526872,3.732816211301486,12.119279218998072,13.859852300152149,0,4,0,2,296.9229989367714,5.671210459825005,1,False,-1.7405730811540767
MOL00808,GPCR,334.51924934419543,1.6239271533682085,1,3,71.20059369491418,5,5,-6.5035665554496065,-2.7101651599391223,3.793401395510484,2.0770411325257063,10.55438943911995,15.14267144696125,2,10,3,2,509.72916465662934,7.783566168656059,0,True,-4.5882820078413005
MOL00809,kinase,513.8586993471544,4.944919864332332,2,5,71.12216423253136,8,2,-5.9361197614300805,-2.5306603950190785,3.405459366411002,3.721690969105954,15.228751364008158,18.02591146440659,1,6,3,0,432.5379893719538,7.4220763812675505,1,False,-2.7971601003984325
MOL00810,PPI,338.1258283257608,3.845240043652728,2,7,112.98505952682393,4,1,-6.47017882486853,-2.3483116379301214,4.121867186938408,4.818251080158177,13.00811850513127,11.20266356243248,4,5,1,2,380.6703814691202,5.2636396410518005,0,True,1.8054549426987894
MOL00811,other,275.658945479473,3.724364709121467,1,5,62.70899328297927,6,6,-5.382890103722516,-2.7534810631223894,2.6294090406001263,1.7435214599571338,11.029130019916206,13.661500086638283,1,4,3,2,401.0449174082983,6.289063560603392,0,True,-2.6323700667220766
MOL00812,kinase,509.297371387789,1.9651475257877928,2,4,56.375956338009715,6,1,-6.538957596361182,-1.366654857649545,5.172302738711637,3.267879687523287,13.565001350035727,17.19051763443409,2,5,2,1,404.23702774177195,6.794820591767404,1,False,-3.6255162843983637
MOL00813,GPCR,212.10025587465506,3.801344752009297,1,2,58.911551176326284,5,5,-6.514265114969141,-2.8654946993733477,3.648770415595793,2.6645800026153648,8.981515890950227,8.01534181149732,2,8,3,0,577.9480364615004,6.530186715739475,0,True,0.966174079452907
MOL00814,protease,250.65286152386838,6.4630371004290215,0,4,59.37257279685777,2,0,-5.966066006710794,-1.423312420609721,4.542753586101073,1.5516428386532966,8.852798411950962,11.502266053099508,0,9,0,1,281.54013933602596,5.8602194514915835,1,False,-2.6494676411485454
MOL00815,nuclear_receptor,410.3582572019287,3.8336275944879814,3,8,125.43153974032509,5,1,-6.651858598539794,-2.798410819254408,3.8534477792853865,4.545067349544365,13.51430932883727,12.315762821843263,1,7,1,1,470.9048359896437,4.830769795641758,0,True,1.1985465069940062
MOL00816,epigenetic,384.75395953370156,2.9152800699876127,1,6,51.28716765521018,4,0,-5.81576356103966,-1.635249466870579,4.18051409416908,2.29353594946295,9.6538610736524,10.667166245631948,2,9,0,1,540.0632006673953,8.85863777273727,0,True,-1.0133051719795478
MOL00817,epigenetic,276.6091958278413,3.4991192328599534,0,6,77.40707228212348,4,1,-6.594152309365601,-1.5746841660742452,5.0194681432913555,2.4552647146154385,8.037274262608435,9.64695686719293,1,8,0,2,536.7347606290107,8.047329230435638,0,True,-1.6096826045844956
MOL00818,GPCR,222.4236272407742,1.3807585760740162,0,7,67.199111905228,4,1,-5.940391481128251,-3.035963525837639,2.904427955290612,2.6787150695389084,8.038640964469913,6.891414813373028,1,5,1,1,355.29105416974437,6.038031611832155,0,True,1.147226151096885
MOL00819,kinase,254.84695168986318,2.2833066000180087,2,7,61.51874869053479,8,3,-6.358467727465387,-2.4979374339722433,3.8605302934931434,3.2446137815322698,12.109719467151448,12.012024906811968,2,6,2,1,520.4288197737066,7.809250601933376,0,True,0.09769456033948032
MOL00820,protease,361.6410975242069,2.7793786876380517,1,5,67.99166083992411,9,1,-5.960905985156845,-2.231401177491643,3.729504807665202,2.595232400948203,11.703920901718892,10.783993445094733,1,7,0,1,381.4855562207289,6.41913409723196,0,True,0.9199274566241584
MOL00821,GPCR,256.8664047140344,2.6718334694722765,1,8,99.41353618787824,4,0,-6.818129850303291,-1.2123308823706809,5.60579896793261,4.966574100510644,10.564348866122636,12.788920228015444,0,8,0,0,503.73961572302755,6.704323410471626,0,True,-2.2245713618928082
MOL00822,nuclear_receptor,198.17881892001196,2.435364637819454,3,3,56.809790156290404,1,0,-6.110269342471059,-1.6735324936294638,4.436736848841596,2.266051324031512,7.1088985727964475,7.728195111021613,2,3,1,1,440.14994420804453,4.8789328998414625,0,True,-0.6192965382251652
MOL00823,epigenetic,269.9235063782453,3.0489627121836254,2,5,91.25695536493757,8,1,-6.1141153021716,-1.8394457188175763,4.274669583354023,3.3234927228216433,10.834612381170226,12.78249368984557,2,3,1,2,393.31590893620546,6.87046143379037,0,True,-1.9478813086753437
MOL00824,protease,258.83227439925724,0.7230298577816219,3,4,83.45728434483767,10,1,-6.517653280926136,-2.057748534535779,4.459904746390357,3.1397062955967336,11.795808627294278,12.218082430708835,2,5,0,2,288.61980645467435,4.732722072962349,0,True,-0.4222738034145568
MOL00825,epigenetic,262.9607888504085,3.6816489271753787,2,7,87.09726167058611,4,1,-5.919565640927762,-1.9753057015151085,3.944259939412653,3.8046782471201506,10.401436431576824,7.227368718162969,2,7,0,0,374.45569420932367,6.290742960712199,0,True,3.174067713413855
MOL00826,ion_channel,419.72750383779186,0.5632234422113518,1,3,53.52327545309602,8,5,-5.820870241927364,-2.19660024881153,3.6242699931158335,3.2852925493741694,14.261024731721065,16.971977920173398,1,6,2,1,287.02292918892465,5.853110910992957,0,True,-2.710953188452333
MOL00827,other,525.9524806130339,7.141181067013504,0,8,86.77269298785635,4,2,-5.6546123104959,-2.5972523758642447,3.0573599346316556,3.6346333249679104,17.137907151507136,19.99794133206042,0,5,2,1,374.67651152076786,5.6871253712818195,2,False,-2.860034180553285
MOL00828,epigenetic,449.0577397391342,1.8258525550941607,1,8,108.10325876723884,3,2,-7.104159813384133,-2.129153090020055,4.975006723364078,4.1746066865345295,12.400664775215287,13.469389591086658,4,8,2,1,682.5340922332211,8.110453096033922,0,True,-1.0687248158713718
MOL00829,protease,276.20087317611916,-0.026832103098904714,0,4,48.41964391670012,7,1,-6.970968482693705,-1.7200065070590003,5.250961975634704,2.7167239452097935,9.69654066483977,9.984328669251742,1,3,2,1,447.9388604077441,4.880300756472725,0,True,-0.28778800441197205
MOL00830,other,330.47813275874125,2.6495726466444456,2,6,85.15470377374689,4,3,-5.973752593455621,-1.946645006294493,4.027107587161128,3.9141265774116114,12.191643463724613,11.912975705393983,1,5,2,2,407.7992263292211,6.918494331741672,0,True,0.27866775833063073
MOL00831,ion_channel,327.24339837867336,4.212786381743805,0,7,97.40319185646848,3,1,-6.9930454114166505,-2.551714137143979,4.441331274272672,4.087656253625577,9.656102456030009,10.608479586571148,0,5,0,1,276.2228791178413,6.571363991845942,0,True,-0.952377130541139
MOL00832,GPCR,413.6865781334005,2.8860915519553068,1,8,95.15147982607148,6,2,-5.923666514283376,-2.2220645004722686,3.701602013811107,4.46216218193747,13.70843507950597,13.314748377740074,1,3,2,1,355.7233349967568,8.200731986584698,0,True,0.3936867017658958
MOL00833,nuclear_receptor,420.75021162262584,4.702812754112777,2,3,63.944078727997955,5,2,-5.615626053536482,-1.4896791775370821,4.1259468759994,2.2684814772453206,11.862092218857168,15.173851604323353,2,6,2,2,434.78430344432724,8.031515939342176,0,True,-3.3117593854661855
MOL00834,protease,476.006768485772,2.406016395977012,2,3,62.80196022604083,4,4,-7.1766205239181415,-2.268268299825473,4.908352224092669,1.3077341347711873,11.589949231567541,15.027928068236164,0,4,2,1,423.3630198533787,6.247727908550819,0,True,-3.4379788366686235
MOL00835,kinase,197.5110780753802,3.2755244995109867,0,8,86.57617767368936,4,1,-7.535767771032583,-1.9517484707543384,5.584019300278245,3.8264693583115648,8.264456277762042,8.96047342096538,0,6,0,0,295.02609321802265,6.540917049853732,0,True,-0.6960171432033384
MOL00836,GPCR,541.7116609641589,3.9434783498779757,1,6,70.51084018196875,8,4,-6.088264918989,-3.287925366539711,2.800339552449289,2.144422797364764,15.403506351996512,21.05799459081856,1,9,3,1,494.95921720195867,7.6979717861175425,1,False,-5.654488238822047
MOL00837,GPCR,350.3512012330896,1.2347527985991829,2,4,71.31113195049538,7,3,-5.895361800902189,-1.984513749427361,3.9108480514748285,3.9810902583425904,12.703806928749922,14.242634292961904,1,4,4,0,375.44511201649783,6.296725556148336,0,True,-1.5388273642119827
MOL00838,PPI,365.99747779489655,2.5335903879743147,0,6,73.84645939151379,7,3,-5.89011548154845,-1.9807032616545763,3.9094122198938734,3.0640870030510388,11.761929685540162,14.636690310350671,1,6,5,2,498.05402401210716,6.410717327596222,0,True,-2.8747606248105093
MOL00839,nuclear_receptor,356.9135284583134,5.4341369576971275,1,5,57.41526394285386,3,4,-6.450960455506233,-1.5226402172099567,4.928320238296276,2.4326922775443283,11.384490488456994,13.602584009466524,3,10,2,2,517.7580324503155,8.317315597291907,1,False,-2.2180935210095303
MOL00840,PPI,379.3442454690721,2.6096978616765494,1,7,66.91726823944573,5,2,-6.678717267973442,-2.2772131215332,4.401504146440242,2.643214926762354,10.237347121598086,15.104632517874828,0,7,1,1,406.360610710184,7.355344747959878,0,True,-4.867285396276742
MOL00841,other,381.51262998197194,2.272072171833985,1,8,99.84715276764263,2,2,-6.4693541429216745,-2.8652809550471017,3.604073187874573,5.021415556661724,11.795353816061617,11.366866355922754,3,8,2,0,483.0881669177446,6.640807347814632,0,True,0.42848746013886263
MOL00842,kinase,428.7304031821079,2.2617531372350057,1,2,49.64937685766756,7,3,-6.057513631645365,-1.9305794925913937,4.12693413905397,1.6334672409579905,11.861150472167894,14.395879575646333,0,2,1,1,264.1149671841703,7.653092953471794,0,True,-2.5347291034784387
MOL00843,other,299.4285525006223,4.860306584280675,4,2,41.544457296813505,4,4,-5.930140388797618,-1.384048736310161,4.546091652487457,1.5976469494175431,10.93162643921764,10.88412500854535,4,5,2,1,360.1078066988038,9.18586711546195,0,True,0.0475014306722894
MOL00844,PPI,449.7700986290781,3.4546935037268742,1,4,69.9314182901029,3,2,-6.433137843670661,-2.080878449091732,4.352259394578929,2.7831111425688797,10.120162720320472,8.787575701050338,0,9,3,1,465.0733084262129,5.723787701463515,0,True,1.3325870192701341
MOL00845,PPI,439.7391135164341,2.4387793033475225,0,4,44.937519299786786,3,4,-5.952137275398677,-2.5098329813452787,3.442304294053398,2.0158173461163984,11.628637866076922,13.12564055984966,0,4,3,2,403.00790156538125,5.568426167832475,0,True,-1.497002693772739
MOL00846,GPCR,471.4731499721973,1.3909316228336654,0,10,90.44519130412144,6,3,-6.43204880156627,-3.071311671398586,3.360737130167684,3.1278746771769645,12.872930665404784,14.911050732567034,2,7,0,1,408.14657973589755,7.227077418848377,0,True,-2.03812006716225
MOL00847,nuclear_receptor,343.5826464794975,1.958959038747687,1,4,49.50506071154187,9,4,-6.190196166977361,-2.164276423826687,4.0259197431506735,2.351875445690525,11.098742370048859,14.350111858818664,1,3,1,2,502.52085549912846,5.859624706529711,0,True,-3.2513694887698055
MOL00848,kinase,394.55050611174704,2.8034694307065666,3,9,100.96847312255616,3,1,-6.625532102096335,-3.025196807767746,3.600335294328589,5.649884972173085,14.917183819143773,14.500342887455213,2,4,0,0,470.2879304026354,7.1453671102790866,0,True,0.41684093168855973
MOL00849,GPCR,389.98637946803393,0.33969291021932024,2,8,95.78373120693958,5,3,-6.63154354563678,-2.6021694951307293,4.029374050506051,3.7891484454494395,13.7046291165027,15.090808169539477,6,3,1,2,287.9253773173474,7.8002775077481665,0,True,-1.386179053036777
MOL00850,PPI,353.3461245176293,1.7731530404526783,0,4,83.98937896139847,4,2,-6.873930240867069,-2.4923586816784016,4.381571559188668,2.559226190061012,10.219108497252517,11.982768142743497,2,3,1,0,386.078698964484,5.100943788677953,0,True,-1.7636596454909803
MOL00851,kinase,400.0251897785483,0.9181421103756335,1,8,96.51423615233253,5,3,-6.398259576118043,-2.7149038172464435,3.6833557588716,4.302787848686978,13.115687243167882,14.496137152429933,1,4,1,1,346.23045222411713,7.3989622911309825,0,True,-1.380449909262051
MOL00852,other,298.69592268298834,-0.981320240879449,3,5,72.98724943199218,5,1,-7.016227213284461,-1.6670805265711621,5.349146686713299,1.38616834324382,9.813675963878806,10.481192376122566,1,2,2,1,269.54703511360384,4.935145535805506,0,True,-0.66751641224376
MOL00853,protease,388.1080811812792,5.5980075649430265,2,12,108.28492189519227,4,2,-6.659893244002692,-2.2689233136947875,4.390969930307905,4.574709975593935,15.465448225830249,17.94708994571247,3,6,2,1,448.5540261387454,8.138144353820726,2,False,-2.481641719882221
MOL00854,protease,291.5213060051884,3.642486843641273,2,4,77.14900389933089,7,6,-5.677693847572271,-2.2344968135591188,3.443197034013152,3.5251443285076887,13.09822245592701,14.643825743679301,2,4,5,2,425.2349285727419,7.411725335891766,0,True,-1.5456032877522912
MOL00855,ion_channel,545.8518952935452,2.1168050703760914,0,3,65.9840552278308,4,1,-5.549599142271753,-1.9504089847429484,3.599190157528805,3.428949525819581,12.885070338643937,14.367847543178122,0,3,1,0,160.36465760329617,4.239146590617192,1,False,-1.4827772045341856
MOL00856,other,176.67444148652123,0.6585062872314036,0,9,98.37234468839257,6,3,-6.498891898323035,-3.0848129366457155,3.4140789616773195,4.641670898844306,10.777047697130888,7.366358288363461,1,13,5,1,621.6564789659301,6.230232546344286,0,True,3.4106894087674267
MOL00857,nuclear_receptor,606.0771769675483,1.7821988779482196,2,9,112.97964314223897,5,4,-6.691704729166704,-3.0683134459680654,3.623391283198638,4.233685582148348,16.839895310859443,18.475398523360095,1,0,3,1,430.7590704783169,5.981768373836989,1,False,-1.6355032125006517
MOL00858,kinase,244.13308121751794,2.4685521005539415,1,9,146.90847976891274,7,2,-6.399742347516069,-2.860203800076059,3.53953854744001,4.75758684619397,11.97963245550988,11.307150385332314,0,4,0,2,393.91552099078444,6.358421344524445,0,True,0.6724820701775656
MOL00859,PPI,397.83383607749016,3.1431596392267487,1,3,66.69173926277612,1,4,-5.965048867799093,-2.306731622002572,3.658317245796521,1.1230325433761263,10.273917806544844,14.309594449787562,1,9,0,2,483.49425268559264,5.740260624834525,0,True,-4.035676643242718
MOL00860,kinase,333.2159123544083,2.446499717567178,1,4,39.2595417740302,3,1,-6.36732229187039,-2.255452356962178,4.111869934908212,0.45065787468859164,8.099438297116299,9.268934788227106,1,6,1,1,410.30344711539146,7.5707174537266795,0,True,-1.1694964911108077
MOL00861,protease,363.9934249202945,3.483034851075504,1,4,45.95927567304853,1,1,-6.055425959045014,-1.309120122914632,4.746305836130381,2.4025262583051488,9.186118411319082,10.859899434242184,1,7,0,2,347.36279087107306,5.95744719589625,0,True,-1.6737810229231016
MOL00862,nuclear_receptor,437.4850149713512,1.8031442285267256,4,9,105.09069195404071,5,7,-5.997968692034884,-3.2495384260245066,2.748430266010377,2.8513670539580973,17.49697289825755,19.313275899269282,0,12,3,1,544.9566244073434,7.49426071775998,0,True,-1.8163030010117325
MOL00863,GPCR,342.7396343521606,3.137450661005015,1,4,55.51786320033171,4,2,-6.278371076084726,-2.4381063397019718,3.8402647363827542,1.6993123040175595,9.793920253640248,6.140395518206512,3,5,2,1,509.4091072330187,5.117731269626006,0,True,3.653524735433736
MOL00864,GPCR,298.7534509138599,3.1798355509200738,0,3,60.07094737690328,9,1,-5.582938306786531,-1.962276484802691,3.62066182198384,2.817705575113755,9.35646498213946,11.167165171979594,0,5,0,1,346.0979403565348,4.862267210012511,0,True,-1.8107001898401336
MOL00865,kinase,410.67907384369164,1.8932361528999198,1,4,66.14472135367214,2,0,-6.603337090462358,-1.2020328290183349,5.401304261444023,2.400411088953995,9.625692203068612,11.352138254690844,3,4,0,1,379.1655051252292,6.077840188363434,0,True,-1.7264460516222329
MOL00866,epigenetic,417.27908160722217,2.1214792582238062,0,3,48.59907185127328,4,2,-6.137232642789047,-2.5486157523524153,3.5886168904366316,2.7089955291570815,10.661586483392856,8.98047843318388,3,4,0,1,280.2909056719613,5.9257969705639955,0,True,1.6811080502089766
MOL00867,ion_channel,330.26302195094496,1.8908614887733197,2,0,20.230839531785325,8,2,-5.41270466985895,-2.0202170791589964,3.392487590699954,1.4418875573259737,9.880727291051793,11.44919823540416,0,2,2,0,258.1640631828959,4.380585453576197,0,True,-1.5684709443523666
MOL00868,epigenetic,308.68618234076047,0.7099085635985907,2,4,60.48865328453471,4,1,-6.340695329800221,-2.0506632439516106,4.29003208584861,3.9277509076593713,10.285420423395287,10.485940317064243,3,5,1,2,322.9454718599858,5.7572623926983395,0,True,-0.20051989366895562
MOL00869,protease,324.62230705193946,2.207343055260132,1,2,48.56391298649033,4,2,-6.354329290293925,-1.590980216038627,4.763349074255298,0.9631543681770097,8.24455023416021,9.565222896163206,0,6,3,1,474.37027269622627,5.729651040594544,0,True,-1.3206726620029965
MOL00870,protease,438.18032188760947,0.30978993501510876,0,7,90.8322291400757,3,3,-6.396972294394244,-2.65512857172904,3.741843722665204,4.5269306521382875,12.381434814096059,14.040445151826727,1,1,5,2,410.15724778260414,7.739813031015469,0,True,-1.6590103377306686
MOL00871,protease,447.16525261434924,1.9525783616168984,4,6,103.03154728462158,5,1,-6.284173207907973,-2.5363945496423552,3.7477786582656174,3.6306621100449266,14.058274867106379,12.40436942662093,2,6,1,1,414.42123109336467,8.252043228122817,0,True,1.653905440485449
MOL00872,PPI,176.68705257069246,3.8860682065820926,1,9,99.02661527487581,6,5,-5.674947298295978,-2.72539843083033,2.949548867465648,3.723183874804418,11.198302250188304,12.710911097031195,0,8,3,2,534.7749624879034,6.95708994126,0,True,-1.512608846842891
MOL00873,ion_channel,345.7299394669385,3.5628933598273744,0,5,47.04159404437742,3,6,-5.74927243924091,-2.1791888301333397,3.57008360910757,2.564799501011182,10.703648122634412,17.147105849636894,0,5,4,2,407.229386547423,7.366066825000578,0,True,-6.443457727002482
MOL00874,epigenetic,162.72798299333508,2.922877990558084,1,4,48.39202958970229,4,4,-6.454018987564139,-1.290811027602429,5.16320795996171,2.7733532498278644,8.409963840885892,12.299759086704501,0,6,4,0,365.98099103519905,6.549337822264627,0,True,-3.8897952458186094
MOL00875,GPCR,398.30064828686795,1.2848305594135225,1,6,84.95646754062817,3,1,-6.403545171390428,-1.392911413421451,5.010633757968977,3.030337254961639,10.753371466728332,12.040025004497464,2,4,1,2,358.7300925095551,5.911900232092839,0,True,-1.2866535377691317
MOL00876,epigenetic,278.6470213406085,3.183294261953544,0,2,32.253082181507196,2,5,-6.338160543903978,-1.3421218698488082,4.996038674055169,2.1851355582188887,8.932360732458784,10.573878767862253,1,6,3,1,426.3121926312753,8.77532467066943,0,True,-1.6415180354034682
MOL00877,protease,441.66576864284787,0.28819456683551214,4,3,77.85940724204566,5,4,-6.352764519444131,-2.0954724954060904,4.2572920240380405,3.818322315062594,13.908475039322882,16.0346005062036,0,9,0,0,471.3321290919256,7.804033103366995,0,True,-2.1261254668807172
MOL00878,kinase,408.5966877747776,2.5031661352165364,3,7,102.04686743997098,5,3,-6.478554783359987,-2.689036753401587,3.7895180299583995,4.315823746495741,14.222614999174993,16.00972664026383,1,6,0,1,320.3400800013837,7.985941513120082,0,True,-1.7871116410888348
MOL00879,kinase,381.446222388765,-0.852774340979523,1,3,44.31756963545598,12,2,-6.753676109113388,-1.8727805600930707,4.880895549020318,2.3848304679001253,12.328834481480357,15.114943355587481,0,0,3,0,249.5659360016414,6.687401516506587,0,True,-2.786108874107125
MOL00880,kinase,459.89664180977195,2.9031189586239265,1,2,23.29963151515771,5,1,-5.806547395097137,-1.127747072257515,4.678800322839622,0.46378672226242,9.784032844776016,11.985033286634417,1,4,1,0,409.9321103793916,6.865759082784243,0,True,-2.201000441858401
MOL00881,GPCR,363.2043123010948,1.7116070864590816,3,8,97.92043945247605,2,1,-5.973257326109495,-2.931393879122401,3.041863446987094,4.183967501923714,12.985017408622989,14.556215274469967,4,3,0,1,328.18959575246566,9.146870576587649,0,True,-1.5711978658469778
MOL00882,protease,251.64453910817787,1.7457303008287919,2,7,55.672629089701644,3,1,-7.3448653012778875,-1.8219889142296368,5.5228763870482505,2.7828458992276794,8.906017001281207,10.672827958009835,2,3,1,2,368.3324860745096,5.768794624869473,0,True,-1.7668109567286283
MOL00883,GPCR,340.8152770456716,4.63103929188383,2,3,61.703139163078596,6,0,-5.933706906814188,-1.7029388312858769,4.230768075528311,2.1274022263812906,9.28493671414168,10.594326581473366,2,11,1,2,465.6610536810318,7.307000697433014,0,True,-1.3093898673316868
MOL00884,GPCR,508.43943042098465,7.5,2,4,60.39197350314149,8,3,-5.90968439183961,-2.182597180401978,3.727087211437632,2.3633877058819937,20.80495400533546,23.75146178872317,2,7,1,1,453.24558560853717,4.151166969474642,2,False,-2.946507783387709
MOL00885,other,194.68375824710122,0.030364872532019582,0,3,41.907321523198796,3,2,-5.892078569576203,-2.11556439747078,3.776514172105423,1.8230949358141613,7.27475184674956,6.294715950030536,0,2,0,2,248.64659636005302,4.733051599552557,0,True,0.9800358967190244
MOL00886,other,252.80327753408562,2.988728961606258,0,7,62.28008573082295,8,1,-6.291631758957898,-2.3883577158832883,3.90327404307461,1.8185981910727673,9.216242014500486,9.699833603103771,1,2,1,2,283.12421614836944,6.00417791190473,0,True,-0.48359158860328577
MOL00887,kinase,275.3517969500854,3.5691702128695884,3,8,111.50618202475805,3,1,-6.289906353948382,-3.1212950094333802,3.1686113445150017,2.908963922212928,10.535957236127,10.42535648984614,5,7,3,2,420.2518886362919,7.014014339511521,0,True,0.11060074628086092
MOL00888,GPCR,421.4070282813061,2.2429439313581856,1,5,82.0530650452375,8,2,-6.029559591316338,-2.553929277446572,3.475630313869766,3.2983925816844724,13.677766512161474,15.36340124964081,2,7,0,0,397.15319614461714,5.414108436894248,0,True,-1.6856347374793366
MOL00889,ion_channel,284.7628140941904,2.7455098816309262,2,10,106.17104631929473,5,2,-6.343462201184231,-2.460207454367109,3.883254746817122,3.8598705456195344,11.246058443910533,12.837161091791362,1,7,1,1,507.68520935941774,7.168066048938047,0,True,-1.5911026478808292
MOL00890,PPI,294.885838857121,2.614565307244221,1,12,137.4292894323783,5,3,-6.259291872755826,-2.562851309584827,3.696440563170999,6.4873226195065135,14.535920729804769,16.056834285098276,2,5,4,2,516.4284188689257,5.125919546887334,1,False,-1.5209135552935074
MOL00891,kinase,385.8180733362735,2.599267621188634,2,4,81.33786784518739,7,0,-6.091023657574278,-3.077703031426606,3.0133206261476726,3.23629429212523,11.4418938791608,15.418356901933794,1,6,0,0,395.3005217381073,6.9409616720390925,0,True,-3.976463022772995
MOL00892,PPI,179.43325008299016,3.943566640309009,1,3,58.058409902611984,4,2,-5.64493400514606,-2.9650551124221893,2.6798788927238704,1.176011339412027,7.3740450058432305,8.908271689776324,1,5,1,1,392.9900884713601,6.240204288765484,0,True,-1.5342266839330936
MOL00893,PPI,293.5172988775527,4.670607873357577,0,5,42.4500119390965,7,0,-6.205912629660549,-1.494163585777892,4.711749043882657,2.820620873874448,9.055951005172442,9.099158388143476,0,5,0,1,355.62560123089526,6.638149187835001,0,True,-0.043207382971033326
MOL00894,nuclear_receptor,535.2872638509355,3.100305767984401,0,3,37.26056096168135,6,3,-5.6485052597875125,-0.8055716686713833,4.842933591116129,1.4944651620780922,11.286090390494726,14.175884288985817,0,8,3,0,451.0389720372103,6.916602417383648,1,False,-2.8897938984910905
MOL00895,kinase,345.981273907208,3.646546746021264,3,5,74.11573715422705,8,1,-6.098231324262779,-2.4484048891589474,3.649826435103831,3.1521845426092323,12.236784278607665,13.293463499157511,2,11,1,0,506.5068349954687,7.192823717663471,0,True,-1.0566792205498459
MOL00896,epigenetic,355.1475614281873,2.0898790172731303,1,6,76.74418238952715,8,0,-6.008096077517932,-1.8207664571029298,4.187329620415002,4.2681466887470725,10.798126340662758,9.870522102981642,2,4,0,1,405.345043027354,7.143995404948432,0,True,0.9276042376811162
MOL00897,ion_channel,397.3659236525131,3.204358301375328,1,4,59.695965029143345,7,2,-5.629545038953572,-1.754821454398685,3.874723584554887,1.72320066601832,11.987999683991275,13.958268156426094,0,7,2,1,472.6839550489598,8.205734937298358,0,True,-1.9702684724348192
MOL00898,kinase,384.8557930682725,4.168962668786968,3,3,29.82476327796621,4,1,-5.993620032878906,-2.0992058429244564,3.8944141899544493,2.360738222179961,10.126919047564362,13.15168034425285,0,6,0,0,347.7464683137847,4.258582245378955,0,True,-3.024761296688487
MOL00899,GPCR,361.37319941474044,4.478511481829838,2,5,76.35530621966733,2,1,-6.183769717030297,-1.546485008896292,4.637284708134005,2.887030108654003,10.203698608843283,9.753475991898465,1,7,2,1,350.1528327700072,5.052452460321614,0,True,0.45022261694481713
MOL00900,epigenetic,438.13186792174554,3.5492726874873566,0,7,73.92619857349088,0,5,-6.278923711980052,-2.0980495118445934,4.180874200135458,1.9302808106814136,10.644637958115302,10.955820630108045,5,5,4,2,341.9057619256258,8.19725160307699,0,True,-0.31118267199274285
MOL00901,GPCR,291.57583988065846,2.09545419208275,1,4,62.81567958280607,9,2,-5.963558023884879,-2.6038139619193474,3.3597440619655314,3.458219969389769,11.587778016458165,12.195470170282707,1,4,0,0,291.40271023259584,6.821878374371178,0,True,-0.6076921538245426
MOL00902,other,429.8268664734344,4.088634507380344,1,4,45.62609150299342,5,1,-6.308946013448729,-1.1924927510383747,5.116453262410355,2.2557776478391167,10.513976276225717,11.966146379756266,1,3,0,1,339.42810511099844,5.30682866804542,0,True,-1.4521701035305483
MOL00903,PPI,367.93419271963717,3.4929559623498894,1,4,49.7560721380548,4,2,-5.442240895085753,-1.6901443442661803,3.752096550819573,3.2047290899476897,10.360917655046546,11.222822202306277,2,6,2,1,448.75717658129304,8.160619422552108,0,True,-0.8619045472597318
MOL00904,protease,503.74705184304526,1.6866931505660963,2,12,137.6631320924092,6,3,-7.074779933961539,-2.7473953286720114,4.327384605289527,5.492281758682418,18.082588225740896,18.472847794614456,0,3,2,2,344.16992800384094,6.499022651059081,2,False,-0.39025956887356017
MOL00905,kinase,284.40329099186215,3.3434161201508035,0,5,84.35595326811358,6,2,-5.9771370928723435,-2.26063144188085,3.7165056509914933,4.222025746037842,11.287478634184634,13.736623358667654,1,8,1,2,343.95796893849507,6.479497306007821,0,True,-2.44914472448302
MOL00906,epigenetic,247.39240258235407,0.7441124754230866,0,2,40.82900600412661,6,3,-6.831242631729218,-1.860007278433609,4.971235353295609,1.736139623598333,9.182537251132953,11.746638251131468,0,3,3,1,275.03249119723785,5.897797372058927,0,True,-2.564100999998516
MOL00907,ion_channel,426.35116407027806,2.3125513123207795,0,6,60.34306180121942,4,3,-6.577269646756816,-1.3608540812048173,5.2164155655519995,2.007712800827994,10.984097111402653,14.07194419982052,1,6,3,1,486.7241259256799,6.192559350222157,0,True,-3.087847088417867
MOL00908,GPCR,473.72112759153396,0.7969649262886989,0,6,74.08715949495263,8,0,-6.840241542801433,-1.7954553251081062,5.044786217693327,3.8060648002554722,12.47602633278407,10.580986129259616,1,4,0,1,412.350332309837,4.2177819705116235,0,True,1.895040203524454
MOL00909,protease,261.38304256020734,2.224231671913405,1,1,39.65226538039833,6,2,-6.615958521422747,-1.3151158566156145,5.300842664807132,0.5121797265026387,8.848134519498291,10.323229288460581,0,3,1,1,332.2798047385264,7.002575778042088,0,True,-1.4750947689622897
MOL00910,GPCR,198.42717393342878,1.4319415854745954,1,4,38.610908686485104,8,2,-6.256786636999839,-2.199143082908156,4.057643554091682,0.7449446480642177,7.898611869232506,11.360506197731826,1,4,0,0,282.55117227162685,7.267163700506585,0,True,-3.46189432849932
MOL00911,kinase,345.92113849705055,1.6974554785716807,2,5,85.27727704800826,5,3,-6.136767967580433,-3.014663871479062,3.1221040961013715,3.7019084642606126,12.499256109427058,12.874831176726708,2,1,3,2,394.51158233551484,7.505316081862178,0,True,-0.37557506729964985
MOL00912,GPCR,262.9149509183799,2.1108072696685642,2,3,64.21681417178517,10,1,-6.235555442166298,-0.9051234764936014,5.330431965672696,2.825714802132894,10.838672135437596,12.22057120361315,3,2,1,2,363.68237354670447,7.720358461926517,0,True,-1.3818990681755547
MOL00913,kinase,140.42020391666495,-0.19660328007934913,0,3,66.57145067007366,5,1,-6.7906722563165305,-2.0601034422830518,4.730568814033479,4.047455958904218,7.630819284295247,6.568773439119363,0,2,1,2,203.82261511578798,5.937058042140926,0,True,1.0620458451758834
MOL00914,protease,376.34094931518126,0.42596536481158953,2,6,83.09210805469272,5,4,-5.696575701904584,-2.3212564625223284,3.375319239382256,3.4057020668975095,13.016631800029682,13.753380552672471,3,3,3,2,292.60888662845235,7.815232422894887,0,True,-0.7367487526427894
MOL00915,PPI,308.6402422518527,2.3962904654938426,1,5,72.40994043735415,8,4,-5.399089719504931,-2.2097207872422566,3.1893689322626746,2.634845093128909,12.976715854806224,12.887207865461761,0,3,0,1,294.59884214275155,4.718064639740387,0,True,0.08950798934446347
MOL00916,GPCR,337.55705012975386,2.2653153477819394,2,3,63.537327672882064,6,1,-6.74083028342462,-1.8834160257753088,4.857414257649311,2.9535709606234075,10.18130689198283,9.293345395025424,0,3,1,2,325.66091462067476,6.540867835669551,0,True,0.8879614969574057
MOL00917,protease,247.68304566484693,3.0950083354201587,1,2,42.63595595299327,8,1,-5.884066983808965,-1.3487117123480377,4.5353552714609275,0.8549350601498915,8.423716817777137,8.197735219374863,2,10,0,2,434.44508992654016,6.800875025998471,0,True,0.2259815984022744
MOL00918,GPCR,281.06034100453286,2.669522408079841,1,7,101.390987652056,4,4,-6.098522991547522,-2.8613695933195245,3.237153398227998,3.6042915959901185,10.628225102779012,14.228594430120047,1,5,0,2,381.03505580949974,7.9559227170787885,0,True,-3.600369327341035
MOL00919,other,407.2295145913523,1.136755979515379,1,6,64.91650830226273,6,0,-6.131679508074525,-1.6183965454994624,4.513282962575063,2.6273375687884486,11.016599575125976,9.36890832833265,3,2,0,1,266.7918250205825,6.169504538572808,0,True,1.6476912467933271
MOL00920,epigenetic,267.9839865223445,2.6565100166534683,0,3,42.6995239599791,7,1,-6.333406929878106,-0.9215298447663991,5.411877085111707,1.9738854426209846,8.358070308869943,12.193768291892871,0,6,1,2,459.4123651185675,5.288610855784147,0,True,-3.8356979830229285
MOL00921,kinase,352.13989408646466,3.9363714759755624,0,7,92.13639620307818,3,2,-5.927941963508237,-1.5591725749311935,4.368769388577044,3.21107299058996,9.634696832031036,10.024904673168997,1,4,1,0,239.27712180691486,7.917831991007737,0,True,-0.39020784113796125
MOL00922,kinase,362.29988485275,3.6466745165010686,1,3,63.26805933472468,4,3,-5.844640602021299,-2.3418322601186334,3.502808341902665,1.826349619930754,10.678058455327907,12.03180060329089,1,5,2,2,385.67932172874976,8.522285012717191,0,True,-1.3537421479629828
MOL00923,GPCR,427.92281341987723,2.0896332646845996,1,5,62.565375343126014,3,0,-6.251836435732565,-1.750338599513206,4.501497836219359,3.7785384738143115,10.72348350712087,12.162695451658582,2,4,0,1,396.4990958352208,6.239525658928125,0,True,-1.4392119445377123
MOL00924,kinase,559.8944579001665,3.8344807385420103,1,5,55.495254360206744,5,2,-6.177006690909677,-2.069103465512651,4.107903225397026,2.2648500982878135,13.693637483264906,16.51513692907346,0,8,2,1,321.55812858661056,5.529751423402849,1,False,-2.821499445808554
MOL00925,ion_channel,450.68913239849024,0.7531290802065398,2,4,59.551557099689546,6,1,-6.002862512268485,-1.8470652111673813,4.155797301101104,2.9138623334525797,11.84690773380505,11.089530642789436,1,3,1,1,358.4576709468409,6.418379653170111,0,True,0.7573770910156146
MOL00926,nuclear_receptor,510.0264042647381,0.4232340516466784,1,8,76.16914884295183,2,6,-6.449363108510701,-2.696615316192753,3.752747792317948,3.608116973365106,14.820506264706781,18.066129808012846,1,4,4,1,406.20403064696603,6.5142290186545235,1,False,-3.245623543306065
MOL00927,GPCR,325.7414541305308,-0.848301587987522,3,5,76.06308095287132,7,2,-7.056033294405987,-2.5156515730006497,4.540381721405337,3.8570941395408584,12.986215571014768,13.732935051324663,3,3,1,1,340.1102802749328,4.620398470312952,0,True,-0.7467194803098955
MOL00928,epigenetic,397.07406252141794,2.517426348208112,3,7,113.96631146588638,6,1,-6.399251116992754,-1.9592143200823697,4.440036796910384,4.5279529657707,14.50773841880821,17.435953285306887,2,7,0,2,366.68913480082495,5.845656987622271,0,True,-2.928214866498678
MOL00929,GPCR,290.35748948091475,3.5818431372368593,3,7,98.4023577477565,6,0,-6.271023024112091,-1.5209355623486094,4.750087461763481,3.8840995147412958,11.417211441035633,13.205428477280492,3,12,0,2,442.3015336250435,5.477636882910117,0,True,-1.788217036244859
MOL00930,kinase,393.26888172230434,4.0498120015716275,1,8,76.38243782362696,4,3,-5.796724341260608,-1.557721454800935,4.239002886459673,3.2323639894219944,11.97141950864804,13.795996314895161,4,6,3,1,470.5831484147641,5.707469953618741,0,True,-1.824576806247121
MOL00931,epigenetic,412.0997968240669,1.7530133984733163,1,0,5.0,2,2,-5.994973122933755,-0.4538733659744352,5.541099756959319,0.0,7.63269195098829,8.133344483148718,1,5,1,1,260.32457356423504,6.923051158723536,0,True,-0.5006525321604283
MOL00932,kinase,237.04233297657578,0.9956619984033037,1,3,50.63984005779366,6,2,-5.705744899945134,-2.653833506329745,3.0519113936153888,2.44668691415859,8.904526324622047,8.82489988981159,1,6,0,1,371.32537462287786,5.876132507423012,0,True,0.07962643481045717
MOL00933,GPCR,414.16031015250155,3.9099716979988566,1,5,87.07907815525601,3,0,-5.806220850570084,-1.9623583505341886,3.843862500035896,2.55608187528618,10.237098973467551,12.689562970924584,0,2,0,0,206.29351149625984,6.024142055981191,0,True,-2.4524639974570324
MOL00934,nuclear_receptor,400.8984490022511,2.1201790344467617,3,5,68.22132377762962,5,0,-6.408613993540932,-1.7040009153547504,4.704613078186181,2.7420233125639224,10.676182262067824,9.516991316048532,1,4,1,2,326.80819153635105,7.336160028286098,0,True,1.159190946019292
MOL00935,other,396.0562561110056,2.852604768316065,1,7,83.46869485068403,7,2,-6.507164794851152,-1.9640115740444586,4.543153220806694,2.3130723992433957,10.2102656726027,13.574790300490895,1,9,2,1,491.0126655753487,8.53945864434062,0,True,-3.364524627888194
MOL00936,PPI,392.34661108702767,1.530035264065594,1,6,70.65072358462868,10,2,-6.329903716875251,-1.4843901419855643,4.845513574889687,2.103084277948927,12.79751000550981,12.920523782967734,1,7,2,2,382.4529323135879,7.887718430577885,0,True,-0.12301377745792408
MOL00937,nuclear_receptor,448.3366144762741,1.4696855588264681,0,3,24.070584350324246,5,0,-6.563535333188889,-1.3533304458205364,5.210204887368352,1.6991774233408552,9.022366079743366,11.43995474295046,1,3,0,0,189.91144716475605,6.196683642619302,0,True,-2.417588663207095
MOL00938,PPI,406.8528100158444,3.099840340985558,1,9,89.13513327295537,5,2,-5.601584938072229,-2.9137856152929227,2.687799322779306,4.197476545054239,12.709045479962782,16.066635600671336,1,5,1,0,312.4323293389992,7.409178055931977,0,True,-3.3575901207085543
MOL00939,PPI,356.03506794058353,1.5086595405198255,3,5,78.6848755201783,3,1,-6.202642275911124,-1.996402674876125,4.206239601035,2.999519659533985,10.23050425444427,13.61746393884386,1,2,1,2,249.1543264658626,4.847460170352905,0,True,-3.3869596843995904
MOL00940,other,253.37113716206858,-0.17706046448142176,1,8,108.84095827491367,6,1,-6.772850097577313,-2.2844975485030043,4.488352549074309,4.321166474463537,10.544298275158427,8.325766077026945,2,3,1,2,384.5677859592592,7.023560434161064,0,True,2.2185321981314825
MOL00941,GPCR,350.604835474987,1.1568150071470642,2,5,63.19266174632944,4,2,-6.6082011454773735,-2.0374679644860776,4.570733180991295,2.6246108958624887,10.130531452136767,12.141409334356988,4,6,3,1,528.2712963322222,6.891657776481217,0,True,-2.010877882220221
MOL00942,protease,350.3936133269763,1.4104361965399095,1,7,86.23926070565267,6,6,-6.7028713155585455,-2.8964468134614174,3.806424502097128,3.3761567718164516,13.702968021482393,15.581737814198213,4,6,6,1,535.0365606112292,7.213671997967774,0,True,-1.8787697927158202
MOL00943,nuclear_receptor,200.63645746094392,0.4533029253618679,0,1,24.753531078246308,5,6,-6.869702517455677,-1.4069804692549128,5.462722048200764,1.0101153601613846,8.486841534835865,12.505810073428611,0,2,1,0,380.67403535015,7.5671489703408685,0,True,-4.0189685385927465
MOL00944,kinase,359.6771864305443,3.2210146956867844,2,5,44.825616520592135,2,3,-6.548618103784742,-1.8355806035557878,4.713037500228954,1.560799947184597,9.128957918809327,11.594951240048287,1,5,1,2,412.3862812709315,6.158782034393821,0,True,-2.46599332123896
MOL00945,kinase,215.7406805362533,3.0792763722478935,2,5,71.85088920203111,3,1,-6.015534540121992,-1.9453303660218297,4.070204174100162,2.9548609296070603,8.556429068491328,8.53596162409124,0,4,0,2,532.9486552174826,6.2414139405962645,0,True,0.020467444400088297
MOL00946,kinase,369.63492890483883,2.5755062047302593,2,6,88.84009357505118,6,4,-6.481504876596834,-2.740568836267091,3.7409360403297436,4.124275587393434,13.691868412309448,14.934693790668549,1,3,3,2,319.4443113287868,7.660829274815533,0,True,-1.2428253783591003
MOL00947,nuclear_receptor,434.7936226306201,2.9500863255923786,2,6,77.14759092383201,7,3,-5.948549878307701,-1.8976207225500317,4.05092915575767,2.2053454725270223,12.939801620600262,13.522436877002404,3,5,2,1,329.35847980450416,5.972681480536939,0,True,-0.582635256402142
MOL00948,GPCR,372.94655991090144,3.8815961320359795,1,5,65.82741892647361,2,1,-6.454124812135697,-1.2270143065050467,5.22711050563065,3.3921888629951327,9.906415500630551,13.405990586815566,0,3,1,0,472.2144374082384,6.3614710376065196,0,True,-3.499575086185015
MOL00949,other,325.12753661567854,1.056649362853015,0,4,45.60675271282494,2,4,-5.805012980791739,-1.9014411646867435,3.9035718161049955,1.7310445832612182,9.1022170083214,10.123225943727986,1,4,1,1,408.3924018026032,7.776731996070077,0,True,-1.021008935406586
MOL00950,GPCR,193.13617154536982,1.934141123772667,0,4,69.45184640885937,4,1,-6.594928698718683,-2.2326191856294897,4.362309513089194,4.115334844626303,7.572993015162987,4.7767461721320945,1,3,0,2,320.4765098365199,6.3102618177667384,0,True,2.796246843030892
MOL00951,kinase,460.1488421185571,2.9402488760949836,3,6,84.55902233417606,9,2,-6.095666270052583,-1.5041844476068151,4.591481822445768,2.982126095422031,14.283098871574209,17.005630711996435,2,5,0,2,418.16754136651804,5.248123187193848,0,True,-2.722531840422226
MOL00952,protease,290.785687453837,3.762626984643475,1,7,80.20369954160377,4,2,-5.08201624369696,-2.380564497890069,2.701451745806891,2.1018457112433864,9.900811748907442,8.521059665480278,1,9,3,0,500.7739016554014,6.403690104878605,0,True,1.3797520834271637
MOL00953,ion_channel,220.5778640877044,1.655340043504236,0,1,20.920249482578697,2,3,-6.320838193897685,-1.6680594366991641,4.65277875719852,1.0409744959151994,7.436240153841066,9.552577833055235,2,4,1,0,345.98663311521165,3.5705644333828834,0,True,-2.116337679214169
MOL00954,nuclear_receptor,282.86757088563445,3.2356793375682673,3,7,102.0755413080409,5,2,-6.042611694787504,-2.5405469027893575,3.5020647919981465,3.115090758517163,12.13527830262258,14.990100402930157,0,5,1,1,323.6994220363502,5.962012165012262,0,True,-2.854822100307576
MOL00955,PPI,362.1110419904268,2.427334674513511,2,4,75.96033655415282,9,1,-6.649400108695427,-2.462165817509744,4.187234291185683,2.64869221288993,11.898409279970824,14.980012584914295,0,8,2,2,491.82382179811924,6.350501450675633,0,True,-3.081603304943471
MOL00956,other,467.334273469303,4.088305690302835,1,3,64.40771377166622,5,2,-5.5522345083596365,-2.2992534983120727,3.252981010047564,1.569277903299553,10.909083861924964,10.809125230989215,2,9,0,2,503.8567895071964,8.47350597993392,0,True,0.09995863093574897
MOL00957,ion_channel,511.69747112586043,3.4170566885174294,2,2,38.21369940954898,3,1,-6.653603401953101,-2.11962161417277,4.5339817877803315,0.27190643656174474,9.893942420866383,11.966740015872372,1,4,1,1,236.27116084291188,6.6133835018219,1,False,-2.072797595005989
MOL00958,GPCR,334.73477518187997,2.557527778405226,0,6,101.04702117591944,7,2,-6.134950147491567,-1.3570328896864767,4.777917257805091,5.129771594644589,12.715656986449687,15.467177814399989,1,3,1,1,302.7967436291634,7.113206034172049,0,True,-2.7515208279503014
MOL00959,kinase,251.3399369323791,3.5036310293003607,1,4,71.50111196798801,3,1,-5.938996459482052,-1.6180696048913064,4.320926854590746,2.563191055056144,8.229535178914436,8.55451236849328,0,8,0,2,498.50964026066606,6.923639678406896,0,True,-0.3249771895788438
MOL00960,GPCR,228.0408130258154,1.872462401274492,1,5,61.45072401107642,2,2,-6.406174335099434,-2.2188312259909804,4.187343109108453,3.388476905459523,8.322681017965369,9.508143212248527,1,2,2,1,313.5604388444149,5.227853460231204,0,True,-1.1854621942831578
MOL00961,protease,319.2829731647068,3.404475268345436,3,7,105.29802662046725,7,1,-6.21164506839803,-2.060978454487497,4.150666613910533,3.5297147130793887,13.52010825744467,16.494955525100302,1,4,0,1,280.97443239063,5.591425482919422,0,True,-2.9748472676556315
MOL00962,PPI,172.04244277344253,2.372369889102954,2,7,91.13145822721305,4,2,-6.020878884129568,-2.287591946908757,3.7332869372208113,3.928650677562464,9.606360366301665,12.2354146952064,4,4,1,0,358.54335272442694,6.6570295963187185,0,True,-2.6290543289047346
MOL00963,GPCR,391.32586149804973,2.764711901476179,1,9,111.54773120906461,8,2,-6.028337013143709,-1.5303889177892471,4.497948095354461,4.420158205725412,14.227132874231756,14.251896312902254,2,6,1,2,417.78669843816635,7.133492410795475,0,True,-0.02476343867049735
MOL00964,protease,259.6780965219469,2.941346433249345,4,5,51.975159185049264,7,1,-6.522265436945306,-1.451392974375004,5.070872462570302,2.901709210619183,11.565380497869704,11.574340830640967,0,5,1,1,352.4144474401379,5.9338682135455425,0,True,-0.008960332771263069
MOL00965,protease,390.26977581944345,2.636214829603434,1,4,58.13539890885641,4,1,-6.969499636403547,-1.975399242413176,4.9941003939903705,3.5699027246564894,10.74669750203744,9.273256568658734,2,8,2,0,475.282745350499,5.629440640225021,0,True,1.473440933378706
MOL00966,kinase,433.42863064679216,3.7037691628172986,2,4,66.11060989837117,4,1,-6.636201898992303,-1.6274113298064798,5.008790569185823,1.343432155158021,10.066915689466239,10.583503665152241,2,7,0,1,371.27875061441,6.5883793709231755,0,True,-0.5165879756860026
MOL00967,other,402.99276236695437,1.1492301252428225,3,9,134.55568873625475,9,2,-6.85593159290265,-3.2853292967544623,3.5706022961481874,5.189441259636433,16.767997804571532,17.257216807196905,3,2,3,2,472.0696306886156,5.605555739379547,0,True,-0.4892190026253722
MOL00968,PPI,348.7116847814378,4.362367063721123,3,2,38.99203753396495,3,4,-5.569215888488714,-1.7227151649445573,3.846500723544157,2.3319724808827456,10.576138101798193,11.906301520623293,0,5,4,1,416.0138475062127,5.583208089348596,0,True,-1.3301634188250997
MOL00969,other,400.49808884578846,3.262078995870532,2,3,82.7371247114815,2,2,-6.803660816709145,-1.4461101949500523,5.357550621759092,3.403591239941436,10.389367848849135,12.580850069497906,2,6,3,1,338.3383748941122,8.28636382465117,0,True,-2.191482220648771
MOL00970,kinase,380.19180205352114,3.1389260679472994,4,6,120.22740398293517,6,5,-6.212378997968899,-3.138978653213987,3.0734003447549116,3.4162056106191185,14.88345395890232,14.285120391867563,2,5,2,1,509.3060010067305,9.512711278830919,0,True,0.5983335670347572
MOL00971,ion_channel,175.0888522775563,2.508794667952629,0,3,58.773509568017204,5,0,-6.576804298234604,-2.3242304972918113,4.252573800942793,2.5746178301001796,6.945381552348015,5.399839650489237,1,8,0,2,414.5504593780786,8.146657742094472,0,True,1.545541901858778
MOL00972,GPCR,543.1717508773136,2.5878507783966183,2,6,94.87820692485143,5,1,-7.106331302556778,-2.053641501701663,5.052689800855115,4.578066443482279,14.568978694783324,14.910606701420509,2,7,0,0,314.6203328437563,6.5568961983909055,1,False,-0.34162800663718507
MOL00973,kinase,341.76634693265765,2.7065492187273184,3,6,115.52045899125949,3,4,-6.932164217490161,-2.258570100019182,4.673594117470979,4.377381924380225,13.39425712931101,11.876917313844666,3,5,2,1,398.1034982667485,9.41556470132918,0,True,1.5173398154663431
MOL00974,ion_channel,404.6644542987821,-0.05023071397579404,2,4,104.43295838575972,2,3,-6.176002777967296,-2.981610605471575,3.1943921724957214,2.8473557232861157,10.851548013159931,15.39653138709189,0,4,1,2,350.6698203070397,4.982753712305443,0,True,-4.544983373931959
MOL00975,nuclear_receptor,387.7894905184726,1.4176019853365027,1,3,54.40565598509799,5,3,-5.830258530689811,-1.9056396024928384,3.9246189281969723,1.6267678090524704,9.716303392271357,11.466878445931945,2,5,1,1,397.3462882849957,8.208591633892532,0,True,-1.7505750536605884
MOL00976,epigenetic,251.64613893758275,4.648597526598943,1,4,35.138628271009864,5,4,-5.464088266526659,-1.0368211293825889,4.42726713714407,2.323048311831174,9.853777118923603,9.701516328220015,2,12,4,0,545.1438009288564,7.206424221460119,0,True,0.152260790703588
MOL00977,GPCR,304.2494658109814,3.681372263831493,1,4,46.37321830953496,9,0,-6.215700563486297,-1.8726539023348736,4.343046661151423,1.0407489287168064,9.47186677076033,8.691485258215236,3,4,0,0,367.90152409452196,7.565058967637647,0,True,0.7803815125450946
MOL00978,protease,351.2136932974775,5.336296378325505,1,9,78.06427081895711,5,4,-5.973060276418309,-2.1771981671470546,3.7958621092712543,4.027332527606187,13.795565200856263,13.153449690279974,1,9,2,2,488.5116162216002,6.328482301437096,1,False,0.6421155105762892
MOL00979,protease,236.8120260293358,4.833691115872984,0,5,64.17235507921585,1,1,-6.198014822345153,-2.4445109203009827,3.7535039020441707,2.410356294714254,6.994312232677805,6.536878429072278,0,5,1,0,361.1045958874176,5.9375648412510005,0,True,0.457433803605527
MOL00980,protease,538.6968356603945,3.2077930059399096,0,9,127.68156413918902,7,0,-6.701028817078207,-2.6365129459307544,4.064515871147453,4.6209992344235955,13.747648689025723,15.398357600000647,1,3,0,1,459.7729245909683,7.294045899165222,1,False,-1.6507089109749238
MOL00981,epigenetic,192.4752541089728,2.3591947294103783,3,5,61.98410222429371,6,4,-6.483805514326497,-2.385678908919397,4.0981266054071,2.564909401860535,10.458112824162068,11.628515390518285,2,8,5,1,517.3958626473129,9.091160511097039,0,True,-1.1704025663562163
MOL00982,kinase,330.8163286806122,4.418621081137005,1,8,95.93544484936871,7,2,-5.854084168373175,-2.9433554194948215,2.9107287488783538,4.262813247401638,13.073066676150265,15.204732210065172,1,5,2,0,421.03743379468926,7.790159698093902,0,True,-2.131665533914907
MOL00983,kinase,427.9077576973966,1.0899603209551951,3,3,52.25502761840821,6,2,-6.0363947890243415,-1.6178385203226286,4.418556268701713,2.0955872461864065,11.587375136870094,10.896341564246784,2,4,0,0,462.06831125645385,7.831066426437719,0,True,0.6910335726233097
MOL00984,other,333.55385071129996,3.1604813352609766,1,4,61.195717345182246,6,4,-6.2993861283778845,-1.8710949435014022,4.428291184876482,2.0682866355055634,11.322237653784654,14.47254868149361,1,2,5,1,461.19458132123333,6.75443141063971,0,True,-3.1503110277089554
MOL00985,kinase,252.54414339226753,2.122033368796096,2,4,61.60519915650679,7,1,-5.808507509446325,-2.0643373762732242,3.7441701331731005,3.71748737450013,10.276387257935871,8.849397534153754,1,4,2,1,413.39163097417173,6.316916871494899,0,True,1.4269897237821176
MOL00986,protease,505.1554691217279,3.445359013534625,6,4,88.75939704343827,4,3,-5.897321235688042,-2.592539556913347,3.3047816787746953,2.616090489373776,14.634037600617981,17.83334558258042,2,4,3,2,371.62240236296236,7.824781659479721,2,False,-3.1993079819624395
MOL00987,kinase,362.60900429533694,4.4035648209452685,3,3,61.49099636729827,5,5,-6.528189611178092,-2.3215216684913558,4.206667942686737,2.115003355099205,12.209373059584289,17.115671452257214,1,10,4,0,542.5183232838461,8.015889265416979,0,True,-4.906298392672925
MOL00988,other,293.69908624027215,1.3328022545676887,1,7,67.40456766209168,4,1,-5.8656503240180005,-1.9125704784603703,3.95307984555763,3.158137651285589,9.00758703037801,9.199305153200438,2,2,2,1,299.2907852745187,4.470434703323681,0,True,-0.19171812282242762
MOL00989,PPI,410.13345022105307,3.1547576008291087,2,3,49.54659757291193,4,2,-5.7244474474623726,-1.923401646265078,3.8010458011972945,1.3950735644820804,10.869906687078586,13.725227676946824,0,4,1,1,343.9931246605653,6.276559224068381,0,True,-2.855320989868238
MOL00990,PPI,245.41383573944205,2.591513301120981,1,3,43.859524543186446,5,4,-6.24463364038353,-2.2791450872175534,3.9654885531659763,1.7311819380090885,9.355071007171755,9.205679229831311,0,6,4,2,271.2993879502611,5.1686000006712645,0,True,0.14939177734044407
MOL00991,ion_channel,190.97735313093708,3.723539947887712,2,7,99.62697385805077,7,5,-6.432015469891536,-2.9444476299914704,3.487567839900066,3.426076381132009,12.145002631307698,13.123140622877484,0,7,3,2,416.3237454946267,6.21802990006293,0,True,-0.9781379915697865
MOL00992,GPCR,484.72540085687876,1.4907079667184238,1,2,42.89095733684182,7,1,-5.941928773241928,-1.5994417141355761,4.342487059106352,2.0484468115353724,11.72136494043088,16.10853837033588,0,1,0,2,308.4040226553478,5.119221907003545,0,True,-4.387173429904999
MOL00993,PPI,337.62319316116856,1.4612241154771093,1,5,74.85135762267316,8,3,-6.543851381462128,-2.433649175513364,4.110202205948764,2.8364753688864734,11.009530976406161,15.33707418364764,0,4,3,2,315.3939725881869,5.6949941849106684,0,True,-4.3275432072414795
MOL00994,other,427.5412340530893,2.0991127238164218,1,6,51.194437651266675,5,2,-5.925944083727026,-1.433889765499149,4.4920543182278765,3.141126511304319,11.30709985246476,14.628221584679823,1,3,2,1,322.234699048213,3.387003626783759,0,True,-3.3211217322150635
MOL00995,epigenetic,487.55569203052374,1.0037099447933862,4,4,65.73467670991218,6,3,-5.950391257623614,-2.987086687542489,2.963304570081125,3.2042538968603016,15.94173924038705,19.17341157809697,0,2,2,0,365.16168903113004,5.154234905462425,0,True,-3.23167233770992
MOL00996,kinase,316.905691490286,3.7527555314871712,0,6,85.5731705008635,4,0,-6.168116102727765,-1.8996529332857186,4.268463169442047,4.035586857196602,8.877614780105027,9.926033129266626,0,5,1,1,405.92399624715756,6.258606048463174,0,True,-1.048418349161599
MOL00997,epigenetic,120.0,0.016351375232302345,1,3,61.230449863072636,5,0,-5.750688155721449,-1.4895942550349355,4.261093900686514,2.6150689828906417,6.593698230690435,6.502075265582597,2,4,0,2,377.41996603520175,6.555546990402979,0,True,0.0916229651078373
MOL00998,GPCR,489.6935951692807,1.2493931868540245,1,4,70.75303373327046,7,2,-6.776374342851098,-2.1719745296629633,4.6043998131881345,3.7775131303500262,13.468068009612894,15.425439786837467,2,5,1,0,317.9897350793033,5.71613556080236,0,True,-1.957371777224573
MOL00999,GPCR,308.4186630836648,1.1789869065633087,0,5,85.2242811523682,4,1,-5.878847948432785,-2.438328225574427,3.440519722858358,3.1583037126887046,9.236930939923107,9.159078216812084,1,4,0,2,256.34841384553795,5.70043123657189,0,True,0.07785272311102354
MOL01000,GPCR,421.60428281091515,1.4342793128436462,1,6,93.86114238718713,6,2,-6.597378812523294,-2.441448031995063,4.155930780528231,3.0837799468042375,11.812290817019356,15.40067218110122,2,3,1,1,529.3581982135474,6.864624070896441,0,True,-3.5883813640818634
MOL01001,GPCR,193.27346166511367,4.900783838629049,1,4,45.11785780708038,7,7,-6.194758275947179,-2.0220351628297677,4.172723113117412,1.4979638291913402,10.877929002122357,13.347749227571818,0,8,6,2,640.9356032200678,8.417587684644147,0,True,-2.4698202254494603
MOL01002,nuclear_receptor,203.01900151602447,3.345360384785047,2,3,62.542067348245425,4,2,-5.336677635311646,-1.2232737459361682,4.113403889375478,1.846309894994585,7.6159435456545665,10.129216142197782,1,6,3,2,509.54954106630987,7.921646365504056,0,True,-2.5132725965432154
MOL01003,GPCR,294.8508639611041,1.7552437937484124,3,4,74.31853001292872,2,1,-6.794119116305453,-1.8349826272897736,4.959136489015679,3.703726953948502,10.277769971967407,13.23239474491562,1,4,0,0,316.90353953516313,4.960680267608709,0,True,-2.954624772948213
MOL01004,ion_channel,418.83295612835286,0.6470993919272867,1,4,25.571993050304698,6,1,-6.281298847293875,-1.7621666321122476,4.519132215181627,2.2819065027157337,9.980813631463382,9.96856614623728,1,3,0,1,371.8609039015335,5.468304467562099,0,True,0.012247485226103194
MOL01005,protease,278.08680006433735,2.112387618105364,3,1,65.36073636300743,5,2,-6.023670061642164,-1.903295504169456,4.120374557472708,1.2736425004160332,8.70552575863413,11.53838569796501,0,5,1,1,419.3459049455082,5.230455607517859,0,True,-2.8328599393308806
MOL01006,ion_channel,301.4322191050435,1.6757851941348783,1,7,83.23721365834345,5,3,-6.20380248532523,-1.8207768843055598,4.38302560101967,3.4723267871003065,10.954513829619422,13.451682883620604,3,0,3,0,480.4221234650343,6.995276465325175,0,True,-2.4971690540011817
MOL01007,protease,257.1532434630676,4.18090182408891,1,5,69.28992177035511,5,1,-6.099072693155397,-2.2460895513093417,3.852983141846055,3.160351835169002,8.926500873236787,9.129623524457715,1,1,1,2,232.30897987148992,6.051919004937672,0,True,-0.20312265122092832
MOL01008,GPCR,426.6827347955941,3.72582819402885,2,6,69.26697791711356,1,3,-6.062901871420743,-2.3362189848459334,3.7266828865748094,2.742705169357439,11.23221120578401,13.018626496465146,1,10,2,1,498.69880334245727,8.264682790554998,0,True,-1.786415290681136
MOL01009,protease,410.28386851058684,3.9382251792013383,2,4,65.75765341648174,6,2,-6.020347877407362,-1.4585346146589035,4.561813262748458,1.9367415762592817,10.926280794633676,12.999618620102535,0,2,1,0,285.23552535457384,6.07196408430892,0,True,-2.073337825468858
MOL01010,protease,558.2175007744225,2.0592053280984377,2,6,83.0789944547551,8,4,-6.4948680480495895,-1.9180865165600727,4.576781531489517,4.43546421723543,17.19778295832407,19.760425413737412,0,6,3,1,348.66258584336026,6.3435349864097335,1,False,-2.562642455413343
MOL01011,PPI,325.9720952522314,2.9068778163146467,2,6,79.48919081259366,7,4,-5.958008653418721,-1.8921114504252812,4.06589720299344,2.675036838518947,11.546717917764877,13.314462028953141,1,5,6,2,591.1007894972302,6.244607240132685,0,True,-1.7677441111882644
MOL01012,kinase,562.7155474595252,2.8908945713101954,3,4,70.64554518772235,7,5,-6.189991919709322,-2.2287184198464236,3.9612734998628985,2.8891977895572403,15.590225439874015,17.29507215249751,1,2,3,1,489.0854288966248,6.402596827197968,1,False,-1.704846712623496
MOL01013,nuclear_receptor,504.30641011076114,3.0734411979350824,2,5,81.29749952806235,6,3,-5.923476821321339,-2.4147404609885212,3.5087363603328177,2.613730267603932,13.568438831895907,17.025101560171613,4,3,5,0,627.4281241244901,9.421775414310106,1,False,-3.456662728275706
MOL01014,protease,448.47592949028274,1.863131185746222,0,5,76.22001300364039,7,0,-6.266203123475408,-2.2042939304172102,4.061909193058197,2.4456351240124925,11.559156251929602,12.951151512162376,1,2,1,1,379.85412931828637,7.130174484739164,0,True,-1.3919952602327736
MOL01015,GPCR,323.29857291540446,3.3822449650706705,1,6,84.46106933421873,5,2,-5.527285287780293,-2.4574164599108514,3.0698688278694415,3.3331674781966214,10.531468422266174,11.508474835218633,0,6,1,0,499.6999016032636,6.556351648061078,0,True,-0.9770064129524592
MOL01016,GPCR,398.06318530081955,3.7473877297174165,2,3,29.14608249018928,8,2,-5.626128829230526,-1.0967487502891196,4.529380078941406,2.289285553737637,12.007477208294103,12.356609535821715,0,6,3,1,438.1072051941029,7.230082472244852,0,True,-0.34913232752761125
MOL01017,kinase,452.58849553445225,2.9436096839926256,0,2,55.825194321756754,7,3,-5.570206010519892,-1.7939973115346,3.7762086989852923,2.117799342813986,12.182197172250062,12.28698585094171,0,8,1,1,388.702885535985,7.671286100324734,0,True,-0.10478867869164787
MOL01018,kinase,312.1113628274656,3.8176029718373705,2,5,53.79292924364728,6,1,-6.419064334311609,-2.392136990809194,4.026927343502415,1.7318015487826333,9.760092332925987,13.622688223753865,2,7,0,2,432.43470588373697,6.73625739300512,0,True,-3.862595890827878
MOL01019,protease,290.6092079533973,3.204129803578251,2,5,73.08473526786238,8,5,-6.158456519315246,-2.9039400179410317,3.2545165013742143,2.7574026331939434,12.103868148820103,15.184784245397955,0,3,0,2,314.20096809389224,5.092911149734064,0,True,-3.0809160965778517
MOL01020,PPI,360.8264831797584,3.339149586704977,0,5,44.66804583591225,5,2,-5.8223051524750895,-1.6552655676458319,4.167039584829258,3.0925338991306845,10.43920369863434,12.879272018480007,0,4,1,1,376.02761002819364,5.399216890106271,0,True,-2.4400683198456665
MOL01021,kinase,361.82420003983066,3.6708986642144383,2,7,92.6923645300855,10,1,-6.048396400367781,-2.0785824232050247,3.9698139771627563,3.8513275918866623,12.723388800375865,11.348143722301224,1,2,0,0,307.0934938472411,6.724788052850017,0,True,1.3752450780746415
MOL01022,kinase,428.06208760908623,3.4649161006625095,1,2,49.10316881570718,3,2,-6.035560929961706,-1.5737313381558709,4.461829591805835,1.5043620203129426,9.844899434886923,9.872006688918628,1,9,2,1,499.32694587369434,8.013091003502037,0,True,-0.027107254031704997
MOL01023,other,249.2359087965466,2.621957607169108,2,9,94.16123848696341,4,5,-6.0490629680891495,-3.192376719001495,2.8566862490876543,3.772927518087781,13.008224115415368,13.68638630136074,1,8,4,0,453.8960079580817,7.713882780965436,0,True,-0.6781621859453715
MOL01024,protease,307.9241651118166,2.6168195003357466,3,6,84.59072718495108,6,0,-5.94402206396249,-2.136408926047411,3.807613137915079,3.641818929332489,10.999487507119433,14.162870387438511,1,5,0,1,360.16819448243774,5.889019325052232,0,True,-3.1633828803190784
MOL01025,kinase,461.2097820691005,2.6169220048604958,0,7,88.41341549508165,7,2,-5.888728687184196,-2.3969366311689675,3.4917920560152287,3.256885799510792,12.527164786375193,13.384091606577696,0,5,0,1,351.9055907192981,6.631024116519375,0,True,-0.8569268202025029
MOL01026,nuclear_receptor,312.06881729716315,2.2044907839209027,3,5,87.47494946700846,9,1,-6.617613160339606,-3.0725282455056293,3.5450849148339767,3.7201167313990258,12.574292006941059,13.19840094037256,1,5,1,0,325.6374009490879,4.62293057879518,0,True,-0.6241089334315006
MOL01027,kinase,415.3259600060014,4.639358896992114,0,10,95.1497154657317,2,2,-6.671221021838245,-1.8253569399271814,4.845864081911063,3.8702067337303787,10.098763990819826,13.087619525113407,3,5,1,2,551.244114018001,6.564346063436306,0,True,-2.988855534293581
MOL01028,epigenetic,334.7816921216472,0.44903231155634993,0,3,55.657662653699376,4,1,-6.508626655274623,-1.5948977492453005,4.913728906029322,2.7335507781172765,8.929815548767072,9.482085933356956,1,6,2,2,338.5297217509291,6.14559213808237,0,True,-0.5522703845898835
MOL01029,protease,271.55785950270126,1.5126559872369056,2,4,58.448195269303184,5,0,-6.7532148887122565,-2.101388046652961,4.651826842059295,3.1817796945645003,9.108126507468768,10.404983540786269,2,1,1,1,303.61005560857666,6.916484921481202,0,True,-1.296857033317501
MOL01030,nuclear_receptor,459.7054916409741,1.4386972397438602,0,6,68.11522604404983,7,6,-5.748656628365091,-2.8989443755221336,2.8497122528429575,3.060905272294528,14.472440841459358,17.437450310850796,2,6,3,1,555.6026417933639,6.1704075744002616,0,True,-2.965009469391438
MOL01031,protease,396.85799183871256,4.301088639736792,1,9,115.94264867869614,4,3,-6.175697804043317,-1.9693649708741692,4.206332833169148,4.834526239409782,13.891190199240787,14.154972793936333,1,9,2,0,484.5904633390135,7.831014873696401,0,True,-0.2637825946955452
MOL01032,protease,429.20968327983263,2.874295143655392,0,2,22.197270257677932,6,1,-6.209519106456665,-0.09634490203843371,6.113174204418232,0.7594432301079211,10.394475323409411,11.0986510531685,1,6,0,1,443.1586897713685,7.219283131606382,0,True,-0.704175729759088
MOL01033,GPCR,291.42048471928115,3.7316190907306335,1,6,84.5541992249597,6,3,-5.791157091300593,-1.7653662147700855,4.0257908765305075,3.2850241035144756,10.94622873281063,9.811004906089085,0,4,5,1,411.3678653290632,7.874405421590396,0,True,1.1352238267215444
MOL01034,protease,512.5577873795792,3.4109586690747298,1,2,26.730737591585232,3,1,-6.765168342505235,-1.5549750109671652,5.21019333153807,1.497173356810254,10.86196560259838,14.377831428569088,0,6,0,1,318.8591045081576,5.737208121077797,1,False,-3.5158658259707085
MOL01035,nuclear_receptor,172.77584888607822,2.5964648896342797,1,2,24.87648619721332,2,2,-5.912467664914812,-1.6431448841538887,4.269322780760923,0.0,6.1639453614715904,9.158259882301374,1,5,1,2,320.78602205126714,6.72477547307769,0,True,-2.994314520829784
MOL01036,protease,198.53779988210553,2.954596024302039,4,3,77.59268727225734,5,1,-6.121661434351955,-2.134002563307572,3.987658871044383,2.720702629688181,8.779116516470513,9.600548579960615,1,5,0,2,179.395553038614,5.75221729274367,0,True,-0.8214320634901018
MOL01037,protease,407.1181156939996,0.2509292408300494,1,4,57.82786971912375,0,2,-5.733854723877224,-1.4999317011144324,4.2339230227627915,3.3091910008019267,10.161126361665342,11.28607437655982,2,1,1,2,241.11750989772858,5.946862911809753,0,True,-1.1249480148944784
MOL01038,GPCR,258.1986390196286,3.270909163813778,2,3,51.021466459834436,4,2,-5.937419715992603,-2.26311255157168,3.6743071644209233,1.5220656487160729,9.088790101936137,11.011354570078142,1,2,1,2,334.6231565362413,7.4144387054456296,0,True,-1.9225644681420047
MOL01039,kinase,249.47324178177408,3.626273282836534,1,4,68.55981153938312,4,1,-6.308730586965372,-2.5266396079857603,3.7820909789796118,2.037876761255446,9.098443335796615,9.093426223630098,0,5,0,2,272.98187459499985,6.464858313036703,0,True,0.0050171121665165685
MOL01040,kinase,335.11277474867956,3.5339009276889053,1,6,85.42174082731981,5,2,-6.7037846880193985,-2.080897421432156,4.6228872665872425,3.066771648778451,11.301501700775097,12.447672024081049,0,4,2,1,282.2107570283946,6.860687924471387,0,True,-1.1461703233059524
MOL01041,epigenetic,183.6112344887372,2.2490552986995196,3,6,73.69558129980805,5,2,-6.183589378671304,-2.557043273863058,3.6265461048082455,4.233426573581339,10.935543043373904,11.174898818643657,2,6,1,0,374.6030347984222,8.02237672866707,0,True,-0.23935577526975216
MOL01042,ion_channel,390.06804930583115,1.9286776768515819,1,8,111.10640508104427,6,5,-6.661580587155574,-3.1959477166009145,3.4656328705546593,3.7518739318732806,14.137243913852478,18.012368479162,1,7,2,0,508.1835951687757,5.204600429015958,0,True,-3.8751245653095214
MOL01043,ion_channel,421.16679163190156,0.8601317533271244,2,5,67.08333611104293,4,2,-6.325670323653801,-1.4389899165435636,4.886680407110237,2.325598129913071,11.52825345622994,11.754721344088239,1,3,0,0,359.6821832453701,7.0987138556233385,0,True,-0.2264678878582984
MOL01044,epigenetic,313.11997993857955,0.9783705273969334,2,7,77.70455394824178,8,2,-6.343228361386557,-1.932381373856124,4.410846987530433,2.136950463808816,11.46293405492777,10.408761957928,4,4,0,0,394.2991597656484,5.697715368886468,0,True,1.0541720969997694
MOL01045,GPCR,382.0160565167495,0.7322152819190644,2,5,93.26204673739117,9,3,-6.56707592406806,-2.8538621135384146,3.7132138105296457,2.922439927273216,12.901151041082722,14.227292026982642,0,5,3,2,352.00405273848907,5.48855584025042,0,True,-1.3261409858999205
MOL01046,other,621.7079602518343,3.743220119434886,0,3,63.45763014828966,3,2,-6.444251504160257,-1.946854800011499,4.497396704148758,1.3106818234394395,12.402319840209886,14.015397344688836,1,6,1,1,503.3745450025661,6.758536364841543,1,False,-1.6130775044789498
MOL01047,epigenetic,283.14840329688576,2.329068142488298,0,7,58.103359695753454,3,0,-5.656186515965047,-1.9939775333242773,3.6622089826407693,2.809568237401638,7.809904368146893,7.5240919694104536,1,3,0,2,340.8543611551111,4.307997398960659,0,True,0.2858123987364394
MOL01048,PPI,268.40153061658214,4.561885612072408,1,5,65.94597870022704,8,3,-6.0532773844624215,-2.2993621425803497,3.753915241882072,3.7004444252902626,11.117721079141834,12.138312769965937,2,5,4,1,413.1989820241136,6.91530811697475,0,True,-1.0205916908241033
MOL01049,protease,363.95729063616255,4.524573051433631,1,6,54.488380738705416,5,2,-5.566193800418065,-1.4776690086814224,4.088524791736643,1.7956222134816802,10.145740535344205,11.53108233773516,0,8,2,2,538.6070992780501,7.398011906950356,0,True,-1.3853418023909558
MOL01050,protease,242.39899789079536,2.5696066767946903,2,9,76.40013078102771,6,0,-6.400742727012661,-2.249116075101869,4.151626651910792,4.617181212478438,10.89489081111587,11.7662610962631,3,5,0,1,410.36847403756786,6.717678047723498,0,True,-0.8713702851472309
MOL01051,ion_channel,336.3631108298951,1.2122600038916407,0,4,58.82752040506386,6,1,-6.553552885686397,-1.2823171830889732,5.271235702597424,2.108446061283927,9.050000526492203,9.7045486173392,1,3,1,1,253.33584764678812,4.324366546306468,0,True,-0.6545480908469958
MOL01052,other,456.930717149255,1.8156123735191247,3,4,38.838818761264704,4,3,-6.1189077686477855,-2.2044513222309057,3.91445644641688,3.496293302678451,13.597519483980516,15.589143428645285,1,2,3,1,452.150584026913,4.869445262738477,0,True,-1.9916239446647683
MOL01053,GPCR,191.49116242780312,1.6980393684444812,2,4,46.89438589409274,4,1,-6.457157941001705,-1.2578092626442832,5.199348678357421,2.3328284459794584,7.5605547448770904,7.224213006323912,3,4,3,1,442.3645455895789,7.09610298460043,0,True,0.3363417385531786
MOL01054,GPCR,210.79498173221901,0.9558744410516025,1,3,61.09596203865382,3,2,-6.135349930480221,-2.337651732854557,3.7976981976256634,3.2888980063279454,8.846420574371498,10.411423345325996,1,5,1,1,404.99287254881904,5.786527443249034,0,True,-1.5650027709544982
MOL01055,kinase,146.6295596384532,2.2390365155734298,3,3,43.94792274308594,4,0,-6.496530513114371,-1.288606938228077,5.207923574886294,2.356418821719547,7.028030878019536,8.991892276805563,1,5,0,1,421.1874787782971,6.41325175393232,0,True,-1.963861398786027
MOL01056,GPCR,183.38442647284558,1.8227599368070004,2,5,50.12518721436014,11,5,-6.106470544649748,-1.4606029349981606,4.645867609651588,1.4417012363965522,11.704388302599131,14.254436367863116,2,7,4,1,588.448745696235,6.854375060817178,0,True,-2.5500480652639848
MOL01057,ion_channel,540.1162981963904,1.6621438751307385,1,4,47.21283644014004,2,3,-5.569863565940465,-2.2034512471448764,3.3664123187955886,0.9783480620587104,11.559331549108933,16.368976667616128,1,5,3,1,400.7680307643401,5.852314032021054,1,False,-4.809645118507195
MOL01058,protease,207.40922575218812,-0.7953820763176029,5,4,90.36792703652458,11,2,-6.566902876726989,-2.4404852952594873,4.126417581467502,3.167072862561161,11.936967471334302,13.727285068503726,1,4,2,2,306.48516898336635,6.770451919413921,0,True,-1.7903175971694232
MOL01059,kinase,286.67248150809684,2.698063209570595,2,0,28.215789813175356,5,7,-5.808544720221868,-1.5683994714497658,4.2401452487721025,2.121640249310894,10.33866982108154,13.523685948578494,0,5,3,2,583.4202408233148,6.859438579899675,0,True,-3.1850161274969544
MOL01060,kinase,303.785683596931,0.9704748773815546,3,1,51.78900850121396,1,3,-6.105607741316185,-1.3457431222014775,4.759864619114708,2.419890255416743,8.408967097007093,9.901441453304422,3,5,1,1,477.8811351381393,7.517496075772283,0,True,-1.492474356297329
MOL01061,protease,360.1864248831423,3.9044627571524204,2,4,78.72963909383196,9,4,-5.796861896586086,-2.18015105717183,3.616710839414256,3.96952487310494,14.014946230191763,14.986228406554325,2,6,1,1,314.7594477079998,6.55864148861724,0,True,-0.9712821763625623
MOL01062,GPCR,514.6085618221673,3.28064798740161,2,8,103.11156390015137,3,0,-6.568761772630962,-2.02723022005807,4.541531552572892,3.7393347121770155,12.75941284329618,15.381555413224609,3,5,1,1,410.84187578722594,6.578521984643755,1,False,-2.622142569928428
MOL01063,kinase,466.45209812965015,0.103543185558431,3,3,41.01263840410731,3,0,-6.729748285673303,-1.539694139961323,5.190054145711979,1.764503258933425,10.60292223204858,10.694737621907171,1,2,0,0,336.66500333942315,5.388920068910897,0,True,-0.09181538985859028
MOL01064,GPCR,396.3162843675335,1.567315580444864,2,3,49.973676661149284,10,3,-6.591092063103386,-2.0904080053622938,4.5006840577410925,1.6082255566493326,11.607829060623928,14.936076087243805,1,5,3,1,526.6679554716085,8.548873646275174,0,True,-3.328247026619877
MOL01065,kinase,452.56374099460896,2.636820420711755,2,6,57.20657897899727,7,1,-7.145556874235525,-1.280935078658318,5.864621795577207,2.2496020300198385,13.641893382234194,15.65015902223927,3,7,1,2,529.6271811460382,5.789555458173897,0,True,-2.0082656400050762
MOL01066,GPCR,329.66832176849726,2.6990400720620635,3,9,110.4289527986373,2,3,-6.283920438263633,-2.1924780883860495,4.091442349877584,4.039180638674248,12.617358470406037,16.187583026625045,4,5,0,0,450.1846010051958,6.194342634960685,0,True,-3.5702245562190082
MOL01067,nuclear_receptor,419.79765991695405,0.5807946452734729,0,3,26.693048422852954,7,5,-6.243065676746388,-1.6227117891134912,4.620353887632897,1.4768513532192555,11.932285138127932,12.050023376047761,1,6,3,1,346.9755532064887,5.824025028564669,0,True,-0.11773823791982885
MOL01068,GPCR,291.4136174888887,1.4475379934706567,4,6,120.0160621239128,1,3,-7.033166600880539,-2.8023604820077463,4.230806118872792,3.877497612754394,10.753339284595999,11.280828272840616,0,10,1,1,481.0825221688117,6.602401172040529,0,True,-0.5274889882446168
MOL01069,GPCR,308.1496746408363,1.5461694002845896,0,5,48.76309618272928,7,1,-6.967972788622907,-2.1320199011176553,4.835952887505252,2.220761497727822,9.397474794715555,12.350637554902248,2,3,0,2,343.96583370575706,6.54832379920808,0,True,-2.953162760186693
MOL01070,kinase,329.48754182992275,4.320584068467825,1,7,71.15685158854112,2,5,-5.768004144993591,-2.4471141887054935,3.3208899562880974,3.6939614879043727,11.664771934630124,14.72376289857965,3,4,2,2,275.8778386175578,7.372129013963502,0,True,-3.058990963949526
MOL01071,kinase,250.5229969351724,2.8800937345135487,2,5,54.49557197240165,7,1,-5.863823955434515,-2.246230038341156,3.6175939170933584,1.3355865830090865,9.39369881336989,9.189641194290749,0,3,0,2,282.54870804113636,6.3385242856805535,0,True,0.20405761907914055
MOL01072,GPCR,198.85899306328997,1.6345334914618426,0,5,55.260723064722065,9,2,-6.681431557390883,-1.7729489035237982,4.908482653867084,2.7210479421703555,9.394611327334536,9.266358760442984,1,7,0,1,509.25272724702444,6.920508280350343,0,True,0.12825256689155218
MOL01073,GPCR,400.19514184740797,5.294419342342136,1,4,40.075100839603884,2,1,-6.053714526544994,-1.5433694830543452,4.5103450434906485,2.280381267094655,10.170220414042838,9.09262995465446,1,3,0,2,215.37795622894112,5.844213936816783,1,False,1.0775904593883787
MOL01074,ion_channel,255.09601767289308,1.2210270966855308,1,8,93.56535332786301,2,0,-6.555621341613243,-1.863615744558681,4.692005597054562,2.609765632946841,6.197341306303969,6.665628706199299,3,6,2,1,556.4353486869517,7.784980959193889,0,True,-0.4682873998953303
MOL01075,kinase,425.0348830054318,3.692513115003052,1,8,97.78875854423343,9,1,-5.805713174596691,-1.692354269464068,4.113358905132623,4.133047705172345,12.949785290959051,15.949767136162603,1,3,0,0,332.30022086955927,6.5247009941851175,0,True,-2.9999818452035516
MOL01076,ion_channel,391.29513386936696,-0.05000872360252373,0,5,73.96381940763735,6,2,-6.12362628492971,-1.8794667756781394,4.2441595092515705,3.660387864120018,10.779784318260877,12.970468862872243,1,3,2,2,355.90620659048733,7.391071405759202,0,True,-2.1906845446113667
MOL01077,protease,405.27100837902486,4.073148600352036,3,7,103.38510975233892,1,1,-6.09798586399038,-2.4893123606354166,3.6086735033549635,3.456181202095919,11.099216963389203,12.788445301325863,3,6,1,1,423.27003308611023,9.18409346370502,0,True,-1.68922833793666
MOL01078,kinase,324.7045203346518,3.6923487640356503,0,6,81.98196401295976,5,0,-6.758157144956908,-1.2862386486456747,5.471918496311233,2.384523485873207,7.865159278805947,9.511621493264286,0,7,1,1,434.6911735653415,6.524120114690308,0,True,-1.6464622144583396
MOL01079,protease,393.511822721968,1.806013187866585,0,7,70.48568384553565,5,0,-6.688055520199863,-1.827146581646484,4.860908938553379,2.1897394310716507,8.9837294913674,12.014432047483748,0,4,0,1,237.55278662218666,6.441042338172165,0,True,-3.0307025561163474
MOL01080,kinase,188.5074752700351,4.066005736615871,1,5,78.67414584945094,6,0,-5.8667727535715635,-1.9889716163300424,3.877801137241521,2.893943537477632,8.357823419545351,6.2817789299546565,0,9,0,2,528.786711835633,5.728320451065846,0,True,2.0760444895906947
MOL01081,kinase,318.98994138596447,-0.11989294182671628,3,3,62.286608922226996,6,1,-6.565122211394548,-1.8989489654978209,4.666173245896727,2.5567775454469017,10.134771047234844,9.060234119338055,0,3,1,0,407.15644004602353,6.77830331387551,0,True,1.074536927896789
MOL01082,kinase,369.1637445078937,2.2252412781855435,2,4,54.70411968144585,7,2,-6.532815036677995,-2.0328085619820846,4.50000647469591,3.060926865112233,11.618407542882784,13.382645728088175,1,6,1,0,459.14183559285556,7.586255285726284,0,True,-1.7642381852053912
MOL01083,other,376.9430426256708,1.9850677345889192,0,3,27.40436924734882,8,2,-6.644599643442459,-2.11140157391578,4.533198069526678,1.894059552842209,11.048464761651237,10.873188334971342,1,4,3,1,373.873007800653,6.463567429574686,0,True,0.17527642667989518
MOL01084,GPCR,212.0675812396714,2.5724459846699115,3,4,62.163656271283905,8,4,-6.2603187595552505,-1.7079965155387802,4.55232224401647,2.4828968545757713,10.378107172795696,12.111240532953783,0,4,3,1,430.40076011593277,7.641175925547894,0,True,-1.733133360158087
MOL01085,kinase,176.11845442989454,-0.9964942909327594,0,8,80.77923292472107,2,0,-7.057685789160736,-2.5802525806713583,4.477433208489378,2.9570427400270716,6.5954314359224835,4.321808108676416,1,6,1,2,431.06105218431486,6.572671387708205,0,True,2.2736233272460673
MOL01086,ion_channel,230.77394643986196,3.261602446849759,1,8,103.6069186586148,7,0,-6.549883381651097,-2.1406709165113793,4.409212465139717,4.6463495334799605,10.737363469842261,9.912507390140382,1,3,0,2,236.95727730499175,8.706114082359427,0,True,0.8248560797018794
MOL01087,kinase,310.4231995684317,2.45032879336565,5,2,43.14789896855924,5,0,-6.116892040893602,-1.8245989104074178,4.292293130486184,1.7184211326530647,8.978976958815089,8.186387389326091,1,6,0,0,275.70587279792585,8.082420272396691,0,True,0.7925895694889977
MOL01088,epigenetic,200.57753596614555,1.588514544068418,1,0,5.0,8,0,-6.627657912753848,-2.002127742676646,4.625530170077202,1.291727835568008,7.600999097952741,9.595744076388177,1,4,0,1,256.44330279587984,5.367926868698778,0,True,-1.9947449784354365
MOL01089,ion_channel,277.6362251384137,4.1917386749372545,1,6,77.99495040583629,5,1,-6.150765198016311,-1.4784039287236206,4.67236126929269,2.920432513311104,9.066774111022696,10.264043389086273,1,8,3,2,583.6307330496018,6.363363814403469,0,True,-1.1972692780635779
MOL01090,kinase,176.116980414195,2.353115170056188,2,3,42.01866515044531,1,3,-5.772563868444241,-2.047945248036566,3.724618620407675,2.8389897653363634,6.32717992543037,5.1187997856236045,1,4,0,1,276.9627233258686,5.604302976234552,0,True,1.2083801398067653
MOL01091,nuclear_receptor,385.04758971832234,4.035742047435888,0,5,51.61287049156701,1,1,-5.820309171151829,-2.4214961816267437,3.398812989525085,1.6424103711108253,8.472699730364292,11.311027902969672,2,9,0,1,471.1992527717487,6.38264461274663,0,True,-2.8383281726053795
MOL01092,kinase,363.21877107003905,4.574652663142594,0,11,98.94073464974127,4,2,-6.299507326334343,-0.9486588029797742,5.350848523354569,3.3219655090274935,10.778798244942255,14.814740712287499,3,8,1,2,592.5684561666022,8.748706000705287,1,False,-4.035942467345244
MOL01093,nuclear_receptor,177.77091301960917,1.3343698084652147,0,3,43.33807755311643,8,0,-6.916480543854803,-2.0081848300098364,4.908295713844966,2.2437867555026405,7.319924212246118,7.475197425180517,4,4,0,0,394.26486657572883,7.9891601024475785,0,True,-0.15527321293439922
MOL01094,protease,441.4242369835406,3.536699020236885,0,4,53.46470347406743,5,3,-6.554152633621726,-2.4465375112208725,4.107615122400853,2.486571633010981,10.825632516849264,12.274527879476192,0,10,2,2,612.6761058271743,8.946274441087867,0,True,-1.4488953626269279
MOL01095,GPCR,327.43406488713583,2.0718463249956978,1,6,95.46496097273817,3,2,-5.584722976252567,-2.65196036994097,2.932762606311597,3.1192285741407617,9.955657956202192,11.484058719125184,0,4,3,2,463.9020658584249,6.403467608223814,0,True,-1.5284007629229919
MOL01096,kinase,442.9310106601686,1.3694849212213074,1,4,58.87685431732269,5,2,-6.325302516491161,-2.031092966137976,4.294209550353185,3.7678879450238534,12.676929623676997,12.186719869263012,3,3,0,2,342.457340049137,8.133792311219882,0,True,0.4902097544139856
MOL01097,GPCR,340.82497690648216,2.4898514373536553,1,4,54.368467951394784,0,2,-5.731805553031362,-2.356243570647242,3.3755619823841196,2.2131304821291145,8.505833605310105,10.056837827564856,1,11,1,1,532.9635777546471,6.9242673055518855,0,True,-1.5510042222547504
MOL01098,PPI,237.89432322183302,2.7516401331192446,4,1,29.20638215974599,7,2,-6.123430751223671,-1.8804427563615174,4.242987994862153,0.0,8.30155506531544,8.027625076854124,2,8,1,1,580.3729534695889,6.505269652413624,0,True,0.2739299884613171
MOL01099,ion_channel,612.5770375695864,1.668586812814703,0,2,10.805991059483027,3,2,-6.4875177984259995,-1.4831538488759264,5.004363949550073,1.479451812044085,11.40862486340926,16.818070101228567,0,3,2,1,433.09715345592434,5.994460593836243,1,False,-5.409445237819307
MOL01100,GPCR,236.29698024492006,0.5930362260536284,5,5,83.26237787256125,5,3,-6.378434946780775,-2.2237935191944542,4.154641427586321,2.5118553699200254,11.629639114501261,13.10363836249898,0,4,1,1,285.2239936329387,7.1993960291593835,0,True,-1.4739992479977193
MOL01101,kinase,333.74914014591724,4.34303333879436,0,7,79.75834146261963,9,1,-6.709310969525987,-1.934017613507307,4.77529335601868,2.803084477966993,10.649521219063432,12.142069530245355,1,5,0,0,367.76391457553456,6.616287425303247,0,True,-1.4925483111819222
MOL01102,protease,306.1421582931286,2.9252432831453343,0,4,81.22344298854104,11,2,-6.194645034227043,-1.5292567436285176,4.665388290598525,3.192381860539596,11.4308319153073,10.801775113680218,0,5,1,1,293.68835536157724,7.0168409761295365,0,True,0.6290568016270814
MOL01103,kinase,163.144626182394,-0.9576352135531949,1,5,86.49158081074901,7,0,-6.853018630622661,-2.2540820137579205,4.598936616864741,2.9004463494796564,7.289308884031524,9.813080839685016,0,1,0,1,247.7852976739544,4.6602711387100175,0,True,-2.5237719556534923
MOL01104,protease,341.42753718849116,2.832174623936475,2,3,74.83596892513138,7,1,-5.7195008328807155,-1.6714041535709034,4.048096679309812,1.284820654993801,10.046957841914084,12.542972187661842,1,6,0,2,379.6424797740594,6.456108504786307,0,True,-2.496014345747758
MOL01105,kinase,411.8429188634339,1.2960586540738257,2,5,72.56809028890632,3,2,-6.87070181824496,-2.259504716915087,4.611197101329873,3.8138013544552014,11.80436131705337,12.241319945193524,0,3,3,0,357.8087726617453,6.664150784880534,0,True,-0.43695862814015385
MOL01106,GPCR,417.7540660970126,0.3191712447565802,0,5,70.46621829298788,8,4,-6.846294426239268,-2.594754343737221,4.251540082502047,2.733096779794372,12.61822013380876,13.766606533785522,1,1,3,0,381.6044475801887,4.954305084109225,0,True,-1.1483863999767614
MOL01107,protease,217.1167202657217,5.058405616145848,2,2,57.37151642718204,10,3,-5.376559710797896,-1.903331133134719,3.4732285776631775,2.6295054324062894,11.392357820669966,13.002192446028317,1,10,0,1,485.77261207377893,7.081397957102669,1,False,-1.609834625358351
MOL01108,kinase,190.74839171666193,1.372609393968938,1,4,40.974604287651196,4,4,-6.456873008084447,-1.732437737665836,4.724435270418611,3.018291714300525,8.480391442969914,9.768740001381799,0,6,2,1,411.81019200943115,6.232952067295252,0,True,-1.2883485584118848
MOL01109,protease,454.3269397381531,3.1365064889499177,1,4,72.22713017549059,5,3,-5.645046121678641,-2.943358343123317,2.7016877785553244,2.9109955248427,12.943871259969377,14.04174889911474,2,7,2,2,515.5889533048611,6.466506448405337,0,True,-1.0978776391453628
MOL01110,nuclear_receptor,538.6790449951798,3.5359221549160504,3,0,29.12183845327884,5,1,-5.879511050627587,-2.615092726068329,3.264418324559258,0.8539319652777014,11.512173757967956,15.413812312980646,0,5,1,1,291.65225959290433,6.394034445362864,1,False,-3.90163855501269
MOL01111,epigenetic,497.3972432864296,2.1855408496047417,1,8,87.54372362283331,5,1,-6.499869970904375,-1.5761864550277853,4.92368351587659,3.8187500799405587,13.42423505213892,12.887842489163793,1,4,0,1,347.2055936180085,7.3663077050406525,0,True,0.5363925629751272
MOL01112,other,357.8895788321654,3.35197214675615,1,2,41.86621169234685,5,1,-6.226874570994828,-1.5441191481414536,4.682755422853374,1.2665019354836626,9.22700061840021,11.492489062032027,0,6,1,0,391.405129574586,5.466567570124221,0,True,-2.265488443631817
MOL01113,kinase,264.79066614896135,2.8256869766391794,1,8,93.53738096235953,3,4,-5.638264988607801,-2.3650341122015397,3.2732308764062616,4.039124976046515,10.453153896700751,10.696271657921855,3,7,5,1,461.4086056948462,7.524165112775734,0,True,-0.24311776122110373
MOL01114,epigenetic,281.2539237904296,1.3909225805257805,1,2,24.970126642260944,6,0,-6.499977677602331,-1.1102712449271317,5.389706432675199,1.1283718951744401,8.353978732762165,6.743459970743572,0,3,0,1,266.08969760369223,5.747850100096106,0,True,1.610518762018593
MOL01115,ion_channel,407.33359333670955,1.7225235411367557,0,5,64.20567748230356,4,1,-6.433183931117379,-1.30976310487263,5.123420826244749,2.893196554615732,9.907043783947717,10.65130724712551,1,3,0,1,388.864488324255,5.280321357986609,0,True,-0.7442634631777931
MOL01116,protease,374.17502312133195,2.80255547069864,1,3,68.009145001676,6,2,-6.090856458358534,-2.4623975269580063,3.6284589314005276,2.3717988671997037,10.842843240860873,12.198208332529413,0,7,4,1,382.11814503206864,6.579068284510693,0,True,-1.3553650916685402
MOL01117,kinase,409.110855014442,4.199106746930323,6,6,88.44628230897568,7,3,-6.346965007978104,-2.1408600456981834,4.206104962279921,2.851449005562949,15.16535752248089,16.43375228014701,1,5,1,1,398.98151023336635,5.364125167859188,1,False,-1.2683947576661208
MOL01118,ion_channel,445.10233786116333,2.9119951355714897,0,3,44.60842070257357,7,3,-6.250269167290967,-1.3225357689023625,4.927733398388605,1.1309755893819635,10.72433204633968,11.755927353233258,2,6,1,0,364.7605528888124,6.9732439142437554,0,True,-1.0315953068935784
MOL01119,kinase,361.17723724279205,0.973275292104997,1,9,124.47493209990675,3,3,-5.885631894838301,-2.4877367976688203,3.397895097169481,5.889001430156711,13.536784215392498,12.342520980511416,1,8,2,2,537.7733472770503,6.645101359795186,0,True,1.194263234881081
MOL01120,kinase,340.3693965697501,1.1771668055852387,2,5,67.24313195554014,6,4,-6.116991675215308,-2.427386548812496,3.689605126402812,2.471491791478545,11.485927977619259,13.286954737409866,2,7,3,2,436.8995103717198,7.009919689783076,0,True,-1.8010267597906076
MOL01121,ion_channel,230.69949422487315,6.9041909844424865,2,6,109.48370911673278,3,1,-6.101506696162251,-1.5707125848001826,4.530794111362068,3.5429979618226737,12.230119591979957,11.492498023709828,2,11,0,1,500.5828818542965,8.194655540575399,1,False,0.7376215682701286
MOL01122,epigenetic,530.3773351907373,5.198948848487767,0,4,53.5284207494006,2,0,-5.592301750144814,-1.4356205107530886,4.156681239391725,2.8158890309123414,12.03666309128915,11.70291035271314,1,9,0,1,434.74190674844954,7.046912793029678,2,False,0.33375273857600973
MOL01123,other,322.9189926982805,3.866614273298589,1,8,90.12378583220621,8,2,-5.661433537605138,-1.8930747224439632,3.7683588151611747,3.8167256469683886,12.167524026541068,15.233618611775725,2,9,2,0,349.59601052981293,7.309934563724996,0,True,-3.066094585234657
MOL01124,other,295.5559050966845,1.3679067236890166,1,5,67.87349095445072,4,2,-6.505841482873769,-2.255650037720734,4.250191445153035,2.45269770750775,9.470116141170744,8.267497092195777,2,1,1,1,429.386907647465,6.565662996558358,0,True,1.2026190489749666
MOL01125,kinase,477.6605390913674,3.067983830719458,1,5,82.04331872786328,2,4,-6.044811105076016,-1.920524271534357,4.1242868335416585,2.429822245183675,11.641073722439803,14.215416628561076,5,2,2,2,378.66479743966374,7.364209689293805,0,True,-2.5743429061212737
MOL01126,PPI,363.4650401132687,1.8843745985416984,2,7,69.30323564981154,5,1,-6.666614717883028,-1.05548885968667,5.611125858196358,2.6210778882143897,11.783662447616326,12.96180003234719,0,5,0,1,368.26062941743476,7.677049430567752,0,True,-1.1781375847308642
MOL01127,PPI,176.21410814640512,0.8769927854760062,0,7,62.61484695114956,5,2,-6.050470175183273,-2.276299044187616,3.774171130995657,3.377127639544594,8.335147806640634,11.145303487882764,1,3,0,1,329.3317302479344,5.061064442597726,0,True,-2.8101556812421293
MOL01128,GPCR,312.7328598900559,2.5867270020559734,0,4,35.45622762302577,6,2,-6.115492632200816,-0.6520754487525637,5.463417183448252,0.888736981299882,8.910085461411601,9.132264134001451,3,4,1,1,379.8069547386191,8.140164662020371,0,True,-0.22217867258985002
MOL01129,nuclear_receptor,435.6266290213872,1.439443793737497,3,5,78.13154313296832,2,5,-6.363895899956199,-2.353739375548682,4.010156524407517,3.7581496447069407,12.677832787650008,17.257752673673956,3,8,3,0,432.70836196041125,8.246634777060136,0,True,-4.579919886023948
MOL01130,GPCR,377.09930254168165,4.216176818167673,0,2,64.94916216616463,5,4,-5.873978965239866,-2.2408202212750417,3.6331587439648243,2.289053927339458,10.970522679276739,14.007638452426505,2,10,2,1,540.0772163357449,6.299051858920907,0,True,-3.0371157731497664
MOL01131,protease,338.1687987836812,3.427490157939885,1,4,92.46291481957908,7,3,-5.6891769225505096,-2.802622475576567,2.8865544469739426,3.4133771406462734,11.85787819610894,14.464945659487702,2,5,2,1,369.14790053537564,6.923233663875604,0,True,-2.607067463378762
MOL01132,epigenetic,374.7736672557901,5.078305668062933,1,7,88.70337768600977,4,0,-6.086176783080426,-2.35574516233401,3.7304316207464163,3.0135738639703757,10.868489376630896,9.367951508555068,0,1,0,1,240.77749826967974,5.897777710757668,1,False,1.5005378680758277
MOL01133,PPI,377.3995219542652,3.303162800545916,2,6,75.1498984353675,3,2,-5.7997300562023915,-1.8439948801543131,3.955735176048078,2.9122873550064803,10.850475458587493,12.202699473438857,1,6,1,1,371.9795067430197,5.328918117632435,0,True,-1.3522240148513642
MOL01134,PPI,439.602010084725,3.757841680168087,1,6,101.79152445032365,3,3,-6.364741200977072,-2.3991666713699655,3.9655745296071063,4.928583658972003,13.792262450046612,17.74264880511215,2,8,0,2,499.69034998083873,7.77370622100222,0,True,-3.950386355065538
MOL01135,other,332.35203765665887,0.19486892506410314,2,5,61.87686887679597,8,1,-6.679302120137098,-1.5944002864406024,5.084901833696496,3.253297712421673,11.809947661418482,11.115571865365963,2,2,0,1,191.54715778162245,4.302370964837362,0,True,0.694375796052519
MOL01136,protease,369.46158068319534,3.4944420792742408,1,4,55.86218053793255,3,2,-6.554107064720214,-1.3632173563944083,5.190889708325805,1.961823247080457,9.193846294534493,9.58818613853626,1,0,0,2,239.6498650924617,7.22433541459172,0,True,-0.3943398440017667
MOL01137,other,386.5333210076233,1.7922492667176133,2,4,85.06405994253049,4,2,-6.344599527627813,-1.6955338880948623,4.649065639532951,2.7168120266187783,10.694061511891626,10.377467024715525,4,5,1,1,365.33275805947477,5.544170487059304,0,True,0.3165944871761006
MOL01138,GPCR,310.0697615512298,1.1117251403698125,1,7,116.94943759999441,10,2,-6.828479842988703,-2.676872536020086,4.151607306968616,5.397921910164174,14.039278297763307,15.828363726471725,2,10,2,1,481.40882558016375,8.509040881201814,0,True,-1.7890854287084181
MOL01139,other,351.3447251297609,4.202099723629626,3,1,49.84066019591417,10,2,-6.206128791507187,-0.9049019684797329,5.301226823027455,1.7015748773151702,11.136478333925414,14.108519306581009,0,8,2,1,571.769304713929,7.145089991324298,0,True,-2.972040972655595
MOL01140,ion_channel,284.07727932706746,2.5482371473525482,1,6,61.27372002124338,5,0,-6.68389272235404,-2.057469054221784,4.626423668132256,2.8227823781116057,8.656256311563583,9.118568376515286,2,5,0,2,334.0684324281991,7.859639704185164,0,True,-0.4623120649517034
MOL01141,GPCR,260.38124548681424,3.050207257563214,3,8,96.75295194965288,6,3,-6.484324896599755,-2.5767952102337635,3.907529686365992,4.017439971220505,13.538233873546204,13.427166373206166,0,5,3,1,448.0871499835313,8.019511115373852,0,True,0.1110675003400381
MOL01142,other,262.11226638749446,2.940688228076051,3,5,63.61642556919559,4,2,-5.934234974949227,-1.7453492663355097,4.188885708613718,4.125081131095134,11.481043296746197,12.30036912131632,1,7,1,2,307.049336102595,5.62299736318012,0,True,-0.8193258245701234
MOL01143,nuclear_receptor,275.6740421265783,3.8733219607027523,1,6,93.49589248141358,5,1,-5.288911509517366,-1.6930375861265854,3.5958739233907804,4.918191749243927,10.931381869195002,9.874827584757579,1,2,0,1,317.29685556083376,5.194824353749843,0,True,1.0565542844374232
MOL01144,protease,405.1839015539943,2.0520224109989953,1,5,60.89197476114562,2,1,-7.1670991507860755,-1.8388229356979866,5.3282762150880885,2.1367507853125254,9.936058586866965,12.938772570970166,0,3,1,0,316.0624592689184,6.722744517366079,0,True,-3.0027139841032007
MOL01145,kinase,581.7220711294183,3.760261465358207,0,9,87.25845496732522,6,0,-5.970041441041937,-3.104411172142205,2.865630268899732,3.313037910255383,13.154819870142827,16.69090106755685,0,5,1,2,447.1123534074966,6.701334594598523,1,False,-3.536081197414024
MOL01146,kinase,324.9034754839734,1.4737272818297062,2,4,92.91774031823908,6,4,-5.019998424779762,-1.7807314735361897,3.239266951243572,3.20877771368987,11.576082483053758,11.691383918067114,1,10,1,2,408.5972575603392,6.993700564092399,0,True,-0.11530143501335566
MOL01147,epigenetic,276.2597475966136,6.807319050594963,2,6,89.92352201822507,5,2,-5.640356493110215,-1.8149300241906692,3.825426468919545,4.165246040567175,16.42010672170233,17.645648895608044,1,12,0,1,555.7914692883893,8.186731381822513,1,False,-1.2255421739057155
MOL01148,protease,120.0,4.4969596264151175,1,9,95.72249867157225,5,1,-6.484321253641757,-3.152639305884706,3.3316819477570507,4.168229314626527,8.94575001090516,5.377369095750019,0,9,4,0,508.6990142424218,6.9928921733686815,0,True,3.5683809151551404
MOL01149,kinase,226.87962529363358,1.9441777266021216,0,8,85.15574019746468,8,2,-6.278507376046749,-1.911525547745304,4.366981828301444,3.8185436714129435,10.817951852628804,11.817271362725847,0,5,1,1,256.4296045785336,6.600678033276373,0,True,-0.9993195100970436
MOL01150,protease,351.8301663450757,3.741461109826264,0,3,44.969237508579326,3,1,-6.26593871466224,-1.6779032271254286,4.5880354875368115,2.262024844097856,8.409949196768226,10.0569580436691,0,6,0,2,396.1254691410885,5.361894115600782,0,True,-1.6470088469008743
MOL01151,PPI,453.24513780501746,4.9337168243738025,3,5,85.25478710315733,5,2,-6.232669112559005,-2.5110926509042195,3.7215764616547857,3.542974104233572,13.989380206826487,18.669531385095276,1,8,0,1,483.2822940876074,4.78038159881364,0,True,-4.680151178268789
MOL01152,GPCR,289.09467227610605,4.050257086264942,1,11,111.16020182746072,5,2,-6.353917561433178,-2.170382693816493,4.183534867616685,4.081762390692457,12.00975992471417,12.666539348339217,0,5,0,2,204.7839553396214,6.832831381047076,1,False,-0.6567794236250464
MOL01153,GPCR,156.89269362209896,0.07307760148911457,3,3,48.57032986973719,5,2,-6.347881297968693,-1.2533060177638111,5.094575280204882,1.5301868937580494,7.948896466255537,8.266739511297615,0,3,0,1,284.836660200876,6.156364779341999,0,True,-0.3178430450420784
MOL01154,nuclear_receptor,520.191316235555,3.768685688017608,0,6,106.26813148313644,3,4,-5.905237879042234,-2.8607027221838663,3.044535156858368,2.7455291296968865,12.831247224514808,14.097756183741426,2,10,0,0,416.11974404145894,7.4419891062127554,1,False,-1.266508959226618
MOL01155,kinase,298.9220086112264,4.814864795712524,1,10,112.17772095937481,8,2,-6.40134424337136,-2.524650080211086,3.8766941631602743,4.2112434408603505,13.184372448093509,14.831867754544716,2,4,2,1,419.60970888111746,6.939494711708011,0,True,-1.6474953064512068
MOL01156,ion_channel,206.78506386405044,2.861377992557244,1,6,77.32982890403359,3,1,-6.7770225918473805,-0.8531696240417543,5.923852967805626,2.904919143282981,8.831079142707486,6.27739818045695,1,7,1,1,384.4764938611759,6.711645433742781,0,True,2.553680962250536
MOL01157,kinase,231.72481309147202,2.9272284842439746,0,7,65.83250603237263,5,0,-7.0946883591116086,-1.5713395840975517,5.523348775014057,2.4406851581543303,7.406006499354901,7.873521277999442,2,2,0,1,355.509036494191,7.56035617861609,0,True,-0.4675147786445413
MOL01158,GPCR,258.09132195040115,2.6643755246280065,1,4,53.06831099565635,3,2,-6.732440643678456,-1.6912845113973871,5.041156132281069,2.9869134787596945,9.246414696318205,7.8234419488815465,2,8,2,1,400.48828175736776,7.697945528579833,0,True,1.422972747436658
MOL01159,GPCR,239.71866208890083,3.2397565225039475,1,2,55.26408514812495,4,0,-6.032252664200064,-1.5333024343269015,4.498950229873162,1.037580188738162,7.083717610123981,7.900281281203686,2,7,0,1,436.99162562577186,7.304332705034223,0,True,-0.8165636710797051
MOL01160,PPI,303.25963453808254,2.456522937858948,2,5,88.78442769522665,7,3,-5.988354100368651,-2.8866366800864087,3.1017174202822426,3.0561997094999187,11.031758731363775,13.77734258404894,3,4,0,1,421.22445917464245,5.395724585390851,0,True,-2.745583852685165
MOL01161,protease,325.0270175339907,2.2364861785000705,2,4,46.04215483335065,2,3,-6.103802528406619,-2.1203681267929904,3.9834344016136285,2.1690824774315884,10.353521763770026,13.865523187606833,3,3,2,2,348.012890647431,6.5606853729850645,0,True,-3.512001423836807
MOL01162,epigenetic,267.7422670141903,2.3321514744525924,3,4,59.15211612293784,1,0,-6.0792865546375054,-2.2496877460509657,3.82959880858654,3.2885201422027297,7.523576001386605,7.623771232919107,1,5,1,0,354.21077160005336,5.92138834071113,0,True,-0.10019523153250187
MOL01163,nuclear_receptor,334.41682038748735,0.6400971877993435,2,3,73.1866564114682,3,0,-6.309481150207931,-2.0667871041159267,4.242694046092005,2.148822402501364,8.81042439176499,7.9301872499900155,0,2,0,1,337.30838047844514,6.072910129191636,0,True,0.8802371417749741
MOL01164,other,342.8363110931805,3.691392218317004,1,4,85.49837934615388,4,3,-6.117993164541296,-2.141884629268137,3.9761085352731595,2.7555405959776516,10.49486628639837,11.821545293534415,1,5,1,0,337.27348105835915,7.231392909796362,0,True,-1.326679007136045
MOL01165,protease,257.7203930698098,4.537217339259881,3,5,87.64417059207018,2,3,-6.264934950189118,-2.3384261505773134,3.9265087996118044,1.804265062087097,9.60091073413854,11.95323005346805,2,4,1,1,356.9638940853607,7.5426246097696215,0,True,-2.35231931932951
MOL01166,kinase,441.9579600399292,5.344375179064832,0,5,68.57683282546674,3,0,-5.184518147181636,-1.6185534430956219,3.5659647040860145,1.9890269309156376,10.122790058414102,11.141425808960262,0,7,0,1,450.35804162232904,6.561805170878954,1,False,-1.01863575054616
MOL01167,kinase,205.58949435683274,4.7429977649437625,4,6,82.92877657953073,5,1,-6.496613140907791,-1.9318911066655988,4.564722034242193,4.17821390672152,11.474264468658237,12.820355510140038,3,7,0,1,420.450856735383,6.882183299085952,0,True,-1.3460910414818006
MOL01168,kinase,307.54401202116435,3.910607235190315,2,4,87.51260719573466,5,2,-5.916306481432046,-1.1584660190754832,4.757840462356563,3.2027891497774,10.36189287355635,12.345937671764263,1,9,0,1,448.49604117498563,6.192774390562235,0,True,-1.984044798207913
MOL01169,nuclear_receptor,325.3243001749058,3.7993287655641623,4,9,152.00978506373997,7,3,-6.036177822156166,-1.9344457516370759,4.101732070519089,5.68233592187983,17.081493123194836,18.859962855210494,4,6,4,1,527.8911801289953,8.197581204718714,0,True,-1.7784697320156582
MOL01170,ion_channel,346.15203564114137,3.665348823319392,4,4,83.14313829001105,1,1,-6.262268939104301,-1.3652964431514052,4.8969724959528955,3.814070853008904,10.484607694786806,14.291534784625586,2,7,1,1,377.76575625369117,6.424623264999807,0,True,-3.80692708983878
MOL01171,GPCR,367.9648915996734,2.897235053215554,0,1,31.14460359167088,3,0,-6.430581296911042,-2.094424963311589,4.336156333599453,1.812538907807437,7.80031477931211,9.969233627553677,1,7,0,0,296.9112416144203,5.323234670389864,0,True,-2.1689188482415673
MOL01172,epigenetic,296.0791632038336,3.2128560941436035,3,6,107.34139510090418,6,2,-5.980365779541082,-3.3610600846438397,2.6193056948972426,4.257899704488433,12.519851076946146,13.424085572515276,2,4,5,0,519.5924579892599,7.031457921623911,0,True,-0.9042344955691295
MOL01173,epigenetic,291.0490544361806,1.4480883972890273,2,5,84.30596905818955,12,2,-6.24137854873558,-2.6843503011246383,3.5570282476109414,3.2787758994811362,12.718528140354556,13.540946593278093,1,2,1,1,258.31600219198606,5.486805139862063,0,True,-0.8224184529235377
MOL01174,epigenetic,554.0660265224194,1.9680451284753864,1,3,86.90946737815348,4,2,-6.254042910461043,-3.206288063749177,3.047754846711866,4.200793584218326,14.294451748480634,16.26281210388069,1,4,1,2,363.48675512821586,4.724868534320694,1,False,-1.9683603554000566
MOL01175,kinase,389.6097442253092,1.095056617564922,3,5,77.9770379200949,4,3,-6.479983463979998,-3.1286450491629605,3.3513384148170378,3.0956527215309366,12.365272065140614,17.367117195805868,3,4,1,1,464.65975588457184,7.702679995922654,0,True,-5.001845130665254
MOL01176,PPI,198.91067512710205,3.1148695812392004,3,6,65.60532009702969,2,5,-6.883548554232511,-1.3511836521993401,5.532364902033171,2.079027491909153,9.680052119555356,10.5784449829945,1,6,4,0,456.65134603429243,6.39422618793555,0,True,-0.8983928634391436
MOL01177,kinase,443.2352800146965,3.8434136363431826,2,3,63.57286701629298,8,0,-5.832210546211163,-1.10878263309874,4.723427913112423,2.8182501345950706,12.02055977019003,12.229546704175545,1,5,1,1,386.51541583476427,5.845684527830549,0,True,-0.20898693398551593
MOL01178,kinase,367.2664357812614,3.4763196328563017,2,3,31.042377558654444,6,2,-5.914212197988031,-1.2615943203107534,4.652617877677278,0.20589589674407782,9.774239090190871,12.776287282057973,2,0,1,0,252.64124131429728,5.258495733833918,0,True,-3.002048191867102
MOL01179,other,415.15128359035174,4.94772646483664,1,4,33.27679770793574,8,1,-5.8713011482995014,-1.6191908286990597,4.252110319600442,0.12963202163395682,10.659698264476805,13.122312657922855,1,4,2,2,397.9618002792054,7.297307462140347,0,True,-2.4626143934460494
MOL01180,protease,204.04571954048768,4.970963778155227,4,11,120.43634550068123,5,2,-6.454806378179207,-2.597637418953628,3.8571689592255787,5.311072440555619,15.130560592304086,12.92434249177221,2,5,0,2,349.18883354504715,6.758033991480554,1,False,2.206218100531876
MOL01181,protease,390.71072144388603,2.169487273224731,4,4,55.49469245061165,6,1,-6.621218651297082,-2.221589366564146,4.399629284732936,2.993604241589621,11.867313769242244,14.99959703589491,1,3,0,0,315.8791435794136,6.103401340930259,0,True,-3.1322832666526654
MOL01182,GPCR,357.8364768406451,0.9788362210048713,2,8,113.50599771382561,6,0,-6.63425959772261,-1.8519129648306802,4.7823466328919295,5.560731658766137,13.125401891879317,14.048101917903795,3,2,1,1,375.08409217878483,6.603992210004418,0,True,-0.9227000260244775
MOL01183,protease,274.2750898460526,3.1660605359933656,0,8,111.3089849225733,7,1,-6.912687007919613,-2.0134069636612644,4.899280044258349,5.06412276422006,11.107291962161046,13.641951609805435,4,4,0,2,453.52332764562374,7.972722452412629,0,True,-2.5346596476443892
MOL01184,GPCR,301.4861462782872,2.97018530445241,3,5,112.25676388190217,6,0,-6.144609576287091,-1.8696054630497723,4.275004113237319,3.235372388858065,11.156641944333465,8.879198956191717,2,4,1,0,423.4038545309138,4.8004049591105495,0,True,2.2774429881417486
MOL01185,PPI,444.2290907648936,2.7189789650133402,2,9,135.48697579068852,2,1,-6.671773139413443,-3.4108555572619923,3.260917582151451,5.753700268872457,15.199615959533332,16.414302472697734,0,5,0,1,462.50015020407886,5.679907146816192,0,True,-1.214686513164402
MOL01186,nuclear_receptor,299.5465433900977,3.351598368960214,1,7,83.85954844405525,3,3,-6.344889808536393,-1.5791742190268203,4.765715589509572,4.880959406879355,12.008395883048042,11.448878006053578,0,6,2,2,338.0398484945202,8.648405056148803,0,True,0.5595178769944642
MOL01187,GPCR,418.40099831985276,4.845696164308016,1,8,116.41553021763744,2,4,-6.087805341984963,-2.8758383413934565,3.211967000591507,4.477047485754875,13.2753072352222,13.003227182703835,4,3,1,1,353.0478823116974,7.327329300684054,0,True,0.27208005251836553
MOL01188,kinase,308.44951929485626,4.225935151606727,1,7,104.66167992581373,5,3,-5.696457781931966,-2.73775031825932,2.958707463672646,3.00188213523575,11.402698957205388,11.84054913453151,1,6,0,2,325.82038415534964,7.016816104690897,0,True,-0.43785017732612275
MOL01189,protease,398.08172315579685,3.3048702254509825,2,6,91.24417205428486,6,1,-5.589796743252325,-2.316299793381638,3.273496949870687,4.113823223301224,12.793250587569233,11.052037696954851,1,8,0,1,438.52547447215323,4.985530901875074,0,True,1.7412128906143813
MOL01190,nuclear_receptor,326.95416072063506,3.383034334397484,0,8,74.3508508249425,3,2,-6.094677840520772,-2.14871395158236,3.945963888938412,2.57252001669491,9.023181744730499,9.509409810596773,3,7,0,0,446.6978984913588,4.698819435604866,0,True,-0.48622806586627476
MOL01191,PPI,177.95362087062182,5.212480624205931,1,6,87.96511618066515,3,2,-6.055015787231964,-2.869717968076116,3.1852978191558483,1.7994704034897395,8.699710224823251,11.159513265709712,1,5,2,2,441.0945815063857,5.7915171883342484,1,False,-2.4598030408864613
MOL01192,kinase,562.2307386238616,2.2145862508604024,1,5,73.22246873034115,8,2,-6.030665251209943,-1.549973853577914,4.480691397632029,1.9404684202224571,13.631030331134316,17.169197460502797,1,4,0,1,309.81652563335183,6.3103101159465655,1,False,-3.5381671293684818
MOL01193,other,481.1813488940911,0.2123503979013166,1,6,65.75087789318074,7,3,-6.951391169217527,-1.8045303083610253,5.146860860856502,3.447020555807716,14.294858069198884,15.996624339826212,1,2,2,0,353.62301885211843,7.067046400560239,0,True,-1.7017662706273278
MOL01194,GPCR,321.1455695950339,2.7567232156521144,1,5,43.25385681415227,8,0,-6.477363825407812,-1.7226086998374335,4.754755125570378,2.1944958980529243,9.22053559357005,11.393767921557641,0,4,0,1,229.65355951073252,2.6063876457876245,0,True,-2.1732323279875914
MOL01195,kinase,349.85801928089114,2.6741785835720426,2,2,55.50433266591554,5,2,-6.772232812548934,-1.7105175530149668,5.061715259533967,0.9838837633659858,9.179357599727112,12.428214533375305,0,6,2,1,434.96809856055967,6.250457119119056,0,True,-3.2488569336481934
MOL01196,nuclear_receptor,169.76152709405886,4.974216736486563,1,2,14.925814897302647,5,2,-5.839879114148128,-1.6745534374713429,4.165325676676785,1.58686501505142,7.652120010498877,7.639062446442893,1,6,1,1,342.32842998384297,5.713745992728828,0,True,0.013057564055984017
MOL01197,kinase,363.76216706887334,1.7712994015094154,1,5,61.431052249009646,6,6,-5.710630654402987,-2.702655904026549,3.007974750376438,3.159256617489905,13.114427930121476,15.478686544708273,0,1,3,2,409.5181576426318,5.608070859101549,0,True,-2.364258614586797
MOL01198,other,425.99718937508175,2.341852414194465,3,5,69.4263410806254,7,2,-6.0860230215346816,-2.0563899941659414,4.029633027368741,3.119702673508819,13.244183667481575,13.544611212496982,3,3,4,0,411.5630674860359,6.743097407526591,0,True,-0.30042754501540614
MOL01199,kinase,401.42204421947656,1.5966259415431845,3,5,88.08001364750466,3,1,-6.423004254991126,-2.0232309478928254,4.3997733070983,3.729576548310427,11.135852482002555,13.456445857893277,2,2,1,1,370.36510476822485,6.871347185398104,0,True,-2.320593375890722
MOL01200,GPCR,503.4549599980593,1.5820102658090454,2,6,100.76330279377522,4,0,-6.946803437944607,-1.8303659717423733,5.116437466202234,2.5203568211598926,12.038616973896708,11.307730218041538,2,3,0,1,357.7455885520013,7.37237190739124,1,False,0.7308867558551704
MOL01201,nuclear_receptor,233.64057460681582,2.7181779655677762,3,5,70.08458180451562,5,1,-5.6528846748033175,-1.366415220056401,4.286469454746916,2.142864124071691,8.730325286211944,11.27188145758062,3,2,2,1,439.28779285564957,7.2017924773466095,0,True,-2.5415561713686756
MOL01202,kinase,388.4365353845132,4.915339644633075,0,7,75.63331671879386,7,0,-6.471876278825404,-1.5393949560438938,4.93248132278151,2.954591184477924,11.706266509810652,12.826541427500302,1,12,0,1,481.1212251189386,5.914891185081241,0,True,-1.1202749176896507
MOL01203,protease,275.0221052264244,2.5102353522401266,2,4,81.92479178823949,2,3,-6.703712728492853,-1.3287272170209803,5.3749855114718725,3.1053450425284663,10.369672219294541,12.8280573917475,2,9,3,2,642.0009476721046,6.512272166678606,0,True,-2.4583851724529584
MOL01204,GPCR,354.9374841545237,5.563680718216915,2,4,63.45993772079998,11,3,-5.3076419686542256,-1.789591422131252,3.518050546522973,2.93835257591987,14.501291187015838,14.449196381848564,3,11,0,0,423.6484876702872,5.921764663872619,1,False,0.052094805167273606
MOL01205,kinase,542.6507716673531,3.4424937834957436,2,9,93.05396917041165,5,2,-7.058786806286433,-1.4599823789244963,5.598804427361936,4.383998229667509,15.392870007105953,16.725409868731305,2,3,2,2,393.99311774640256,5.969356929027982,1,False,-1.3325398616253512
MOL01206,kinase,401.89585479974,5.183289086685243,0,4,56.18041719117879,5,1,-5.671424567351142,-1.3466777457416508,4.324746821609491,1.4175387210906885,10.02137991597149,10.935448954138554,0,7,1,1,397.1349283806976,6.415907879883991,1,False,-0.9140690381670638
MOL01207,GPCR,408.284185660688,0.33186255684914423,2,5,66.92160018692253,1,3,-6.346113477654284,-3.1382182778681464,3.2078951997861376,2.690260584588822,11.191764062597136,13.305480959011119,2,4,3,0,435.2676915409365,7.372446970237044,0,True,-2.113716896413983
MOL01208,kinase,218.2574205452756,1.4902915897797782,1,5,69.7294647574262,6,2,-6.139430667352006,-2.7226176782947955,3.41681298905721,3.2111567205025646,8.947392435287691,9.816250417132583,1,5,1,1,476.33272927576127,5.996315320033353,0,True,-0.8688579818448918
MOL01209,nuclear_receptor,416.17098488651476,2.7043892676254435,2,6,92.05135699488807,2,3,-5.503259455459455,-2.1433137600095202,3.3599456954499347,3.914753319759445,12.203726131605155,13.711633871038874,1,2,3,1,217.09981088168257,6.648487745952096,0,True,-1.507907739433719
MOL01210,epigenetic,256.6511898192719,3.4573007735129915,0,1,40.33065704313368,1,3,-5.418849486151576,-2.1711498083990324,3.2476996777525433,1.3526541774339482,8.05348358661789,11.825436528106218,1,5,5,1,547.689497064121,7.747934342446378,0,True,-3.771952941488328
MOL01211,epigenetic,344.98390691036684,1.016816791350518,1,8,83.16544925272751,9,1,-6.231896657081603,-1.7198526114566068,4.512044045624997,3.6378034414803024,12.174949319314983,11.67296028084803,1,4,0,0,359.80883126720266,5.075808980189654,0,True,0.5019890384669523
MOL01212,PPI,332.1732518643328,4.659975139630005,0,2,65.22378009070499,6,0,-6.490652300090966,-1.0592348193384882,5.4314174807524775,1.1246268529240822,9.141877504935854,8.511274733078652,0,5,0,1,377.2896992656951,4.7655635897508475,0,True,0.6306027718572018
MOL01213,GPCR,468.58905866387227,2.681042542628858,4,4,86.66803689953878,5,4,-6.363204075609091,-2.869971989371586,3.493232086237505,3.208198526000541,14.411401898764101,15.531796235647358,1,1,2,2,290.6823804096425,5.7657228978973745,0,True,-1.1203943368832565
MOL01214,PPI,492.86937320712013,2.2169956498091135,2,9,137.3695299277828,6,4,-6.187356000708752,-3.324272236641252,2.8630837640674995,5.106135446167707,16.622550856932403,17.79516920472378,3,4,2,1,341.9144849689798,7.393410566597796,0,True,-1.1726183477913779
MOL01215,PPI,224.7522752759064,1.4131503207481684,0,5,63.97334464079982,4,1,-6.668787607570196,-1.8077331073234577,4.8610545002467385,1.6473637035957822,6.381949298335385,9.109011129362601,2,6,1,0,420.7831955184999,4.170510976258494,0,True,-2.727061831027216
MOL01216,other,183.3743572702517,4.137866766835728,2,4,64.53040736274272,8,3,-5.673335646306785,-1.9088574925935125,3.7644781537132723,2.8848570136243215,9.367579353317174,13.092364129760853,1,6,2,0,433.03202642763284,5.977805763024023,0,True,-3.724784776443679
MOL01217,PPI,528.5375506565932,3.3808383808635654,0,2,34.94476632548884,1,2,-6.2797626720126765,-1.8592187191498282,4.4205439528628485,0.20693341320900926,9.616457536136622,11.118817112004969,1,4,0,1,297.3933504623916,4.382006943593433,1,False,-1.502359575868347
MOL01218,nuclear_receptor,464.33211146854023,3.547775153004145,4,8,113.58287903002262,7,1,-5.798005429148876,-2.7039442334550516,3.0940611956938247,3.6136330288571,14.942115056531751,17.931619102276297,1,3,2,2,304.1302328976028,6.8849298181970084,0,True,-2.989504045744546
MOL01219,protease,338.4065692205803,3.1553446852850957,0,7,75.08102798520714,7,3,-6.674445781084147,-1.201002314327554,5.473443466756593,3.204488654050996,11.61394241127009,13.478054999683305,1,7,3,1,431.91872053654,7.145330289086742,0,True,-1.8641125884132155
MOL01220,GPCR,257.95971403243163,1.5144497733092326,0,5,73.616622981865,4,2,-6.626635889913622,-1.7470274122764498,4.879608477637173,2.402403792805626,7.220029841915069,7.2211976477500075,0,10,1,1,538.6298571406134,5.359429321525435,0,True,-0.0011678058349389175
MOL01221,kinase,381.625774310016,2.1952550671578663,3,6,73.35490224389858,7,1,-6.483767987687792,-1.9777275054146635,4.506040482273129,3.714621598985379,13.137870084218445,11.110370649677481,1,3,1,1,348.7412967810238,6.50070628760421,0,True,2.027499434540964
MOL01222,other,462.80182232984146,2.5650784964886957,0,2,26.520552313844796,4,1,-6.115706595235858,-0.9672509671039909,5.148455628131868,1.744919700220603,10.35634478968738,9.668700407620086,0,8,1,2,478.77537019106114,4.760305081976773,0,True,0.687644382067294
MOL01223,other,558.0950532179081,1.373275761082465,1,4,47.91295376730978,3,2,-6.713504168917114,-2.32280533885673,4.390698830060384,3.2210710677142296,12.683554226286143,13.093724637090368,0,5,0,2,225.32901925743613,5.012272495006267,1,False,-0.4101704108042252
MOL01224,kinase,306.5356572649905,1.1156976811053072,4,4,73.92207825917201,8,0,-6.431482083876018,-2.2798659316854533,4.151616152190565,3.6168226269164565,11.394695631149858,14.002116092414802,3,2,1,0,379.74065209737574,5.424915000854542,0,True,-2.607420461264944
MOL01225,PPI,485.39852146062117,1.1652069810689367,2,8,114.42805735111324,3,1,-7.443717157784777,-1.8812121473694337,5.562505010415343,4.285671905157844,13.788806349631924,16.32091255235681,0,5,0,1,359.8332370091572,4.463981173243948,0,True,-2.5321062027248846
MOL01226,PPI,253.47360628762345,2.221487284762009,1,8,103.44096689542381,7,3,-6.873686388715434,-2.147335114817399,4.726351273898035,4.89492760192159,12.614506858807708,12.597325514304279,3,6,3,2,290.8157957434489,7.241192212770884,0,True,0.01718134450342923
MOL01227,GPCR,442.18441286991595,0.7076767051134283,1,4,39.92039950794329,6,1,-6.428142778729289,-1.4661377275430612,4.962005051186228,2.2117541601064468,10.56080444165873,9.102653962709635,2,3,0,2,203.97981584482483,4.678659950093663,0,True,1.4581504789490953
MOL01228,kinase,590.9846055012243,4.992284137675748,2,3,53.241788109700785,7,3,-5.918545290114123,-2.2257693280917046,3.6927759620224183,1.4452232639433646,14.291443473527595,18.338966628472686,1,6,2,2,506.9526586299506,6.840042830792595,1,False,-4.047523154945091
MOL01229,nuclear_receptor,270.9316092165881,4.531309051585734,0,7,58.68629457496827,4,0,-5.691576153588829,-2.0743014760577916,3.6172746775310376,2.7900227248017977,7.8488813487006315,7.632766292217714,1,5,0,1,446.6855260139544,6.9264876316851085,0,True,0.2161150564829173
MOL01230,PPI,366.5912027573566,1.9720276864624244,3,2,68.88770762661777,2,1,-7.369317173925281,-1.7573963700859458,5.611920803839335,2.582889828021515,8.949625378249609,11.204571726214002,1,2,0,1,327.3072471171499,5.4762618787051505,0,True,-2.2549463479643936
MOL01231,epigenetic,231.68781029788886,0.05596336606972363,5,4,65.24911727948589,5,0,-6.596495290371456,-1.796835357577782,4.7996599327936735,2.9381537686059827,9.438837923685968,12.435855921120535,2,3,0,1,356.5313692486856,7.564045448434054,0,True,-2.9970179974345665
MOL01232,kinase,508.92607601352324,2.019113728234282,0,6,42.736343637738656,7,2,-6.582384856298686,-1.6846438977233615,4.897740958575325,1.8704997913053973,12.21959594107125,15.87689961583714,0,6,0,1,307.1035570340415,5.715655567065784,1,False,-3.65730367476589
MOL01233,protease,449.4756820478577,2.1391988871893894,1,7,80.82915161009312,8,6,-6.507754356898963,-2.269785045521646,4.2379693113773165,2.9887620178685688,14.639545543413854,16.527163047922276,2,5,1,0,401.6716357071025,5.290524462667085,0,True,-1.8876175045084214
MOL01234,epigenetic,356.11640823118995,3.242884040394165,3,9,88.31810425980646,2,0,-6.390555736600833,-1.5202304489552345,4.870325287645598,4.863446532022935,12.945742625987542,14.069354562869199,1,3,1,2,241.75693122869563,4.144879367701284,0,True,-1.123611936881657
MOL01235,nuclear_receptor,528.562459455901,2.7343872143306567,1,3,40.99097745954481,5,0,-5.83130662526311,-0.7103379985190235,5.120968626744087,2.0141363898525038,10.59257851760298,14.115222007649235,2,2,0,1,324.9161177404263,6.676564760936475,1,False,-3.5226434900462547
MOL01236,other,392.6271024711924,3.2353625478204964,1,1,13.664650937829954,3,1,-5.329825804217174,-2.0024268627979613,3.327398941419213,0.5416351676452278,8.860521552617934,9.480804635088107,2,10,2,1,609.0700221293637,8.055840393371822,0,True,-0.6202830824701735
MOL01237,PPI,264.2300620489101,2.1361371896466963,2,1,47.46232039397365,5,2,-6.33878891965635,-1.6626787593000902,4.67611016035626,0.903796951924521,7.970403182129408,8.030390151660388,0,1,0,2,258.69027228914564,6.013890233512216,0,True,-0.05998696953098026
MOL01238,ion_channel,444.4214710479371,2.793568578892106,3,2,63.88983690732154,7,4,-6.305251678258733,-2.2345343055980376,4.070717372660695,1.0271706895192245,11.995696202763787,16.12238678622691,0,3,3,1,396.67172974507696,8.225766927104544,0,True,-4.126690583463125
MOL01239,nuclear_receptor,367.0260553097666,3.8174603724586715,3,8,110.82630132534806,6,2,-5.891230234077881,-1.661429484125485,4.229800749952396,4.254476269477324,14.361124201257146,16.037034347237626,4,10,1,2,592.7863052896075,8.41909557692076,0,True,-1.6759101459804793
MOL01240,ion_channel,375.6436586783085,0.5551373689569874,1,3,40.583857409143434,2,3,-6.528512981039119,-1.684448929330769,4.844064051708351,2.467424897542658,10.246307537594044,12.319649425641773,1,3,1,0,359.9842908388188,5.184453315588436,0,True,-2.073341888047729
MOL01241,GPCR,403.4932124806927,2.301594652810369,1,5,43.079461306655425,8,1,-6.160217201216798,-1.2168216978353137,4.943395503381485,1.5566347623758843,10.521855636689462,11.382163889861733,2,4,1,0,381.704727129286,7.171235431050278,0,True,-0.8603082531722706
MOL01242,GPCR,462.13912401126504,4.4088165056081055,1,5,68.70669079254519,5,3,-6.835493275385232,-2.327723677922809,4.507769597462423,2.7657345819957446,11.501073746155141,13.332185804734406,1,13,0,1,503.18848026057776,5.633953199425852,0,True,-1.831112058579265
MOL01243,epigenetic,389.77842670660965,1.1036680409277413,3,7,82.24844487526437,4,4,-7.046355608391144,-2.5914138163542133,4.45494179203693,3.530068772216279,13.030532233033085,15.576912797357366,2,5,1,2,385.99498698646454,5.85524349215167,0,True,-2.5463805643242807
MOL01244,kinase,479.05981908128376,3.99577595288768,0,8,77.30700969293991,3,2,-5.804577544601924,-1.513488783548734,4.29108876105319,2.1541882315980896,10.812713318151841,12.945045052373056,0,9,1,2,495.5921693045194,7.642142578358987,0,True,-2.1323317342212142
MOL01245,PPI,417.7117814423341,2.4217232544835934,2,7,84.84623239831531,6,1,-7.197639162077392,-2.3267971320983483,4.870842029979044,4.3689936766004625,13.636863834911887,13.840025039448983,2,7,0,2,383.7547167576692,5.110863759494934,0,True,-0.2031612045370963
MOL01246,nuclear_receptor,458.3389486241741,4.793990926247886,1,3,34.42745030603926,4,4,-5.625941088871216,-1.4234646571921332,4.202476431679083,1.2808762682383001,11.528298081501466,14.840238275353556,0,15,3,1,662.4793097187232,8.633284476445994,0,True,-3.31194019385209
MOL01247,GPCR,372.43120019979557,3.487807917818226,0,4,59.779048133921656,6,1,-5.676963779417994,-1.3543492478177843,4.32261453160021,2.719508527247122,10.565285938189866,11.56569444370592,0,6,0,1,447.9409596939556,7.889500395551022,0,True,-1.000408505516054
MOL01248,epigenetic,473.3250288935502,2.4121937841347147,1,4,64.03543503772394,1,1,-5.886217768867506,-1.8640499596755795,4.022167809191926,3.3115964042774624,10.492263140638752,9.924605450879021,3,2,2,0,360.33919203154596,5.775797616700613,0,True,0.5676576897597307
MOL01249,nuclear_receptor,206.08825744578948,1.807045235729437,1,2,29.735766450287265,6,4,-6.099178161015578,-2.3974998325389616,3.7016783284766164,0.6241775667305645,9.201644230402508,11.723729010201726,1,4,3,1,334.7697238667381,5.3375229322727895,0,True,-2.5220847797992185
MOL01250,GPCR,258.1586103538143,2.440556197823859,3,5,78.42327983360701,6,3,-6.274144851123878,-2.4575984833712075,3.8165463677526703,3.29644745661548,11.624200071232774,13.174465695521093,0,5,3,2,382.43847638569696,6.402694806355341,0,True,-1.5502656242883184
MOL01251,PPI,376.7146969958305,3.126657501285837,0,6,75.26968317000193,6,2,-6.339031926070314,-2.380910100201939,3.9581218258683752,3.1322541774982438,9.70230887814415,14.100326363381338,3,7,5,0,657.580810316304,5.572022190507103,0,True,-4.3980174852371885
MOL01252,kinase,365.06981084262964,1.2102600422788334,1,3,18.917739296384173,5,4,-5.87004659738686,-0.36273279952752335,5.507313797859337,1.480491117266256,11.367214072611418,12.284767949915201,2,4,1,0,421.2737838194572,7.107653667991623,0,True,-0.9175538773037832
MOL01253,kinase,387.0803993225846,4.062231795582033,1,4,47.108858955173076,7,2,-6.231589162247998,-1.1153381161961757,5.116251046051822,2.1233131998312222,11.029844541923826,10.716713410137574,2,6,2,1,484.4533364459812,7.516901627576299,0,True,0.3131311317862515
MOL01254,nuclear_receptor,241.4561849676969,3.964817726244874,0,4,39.26085676953105,4,2,-6.433841008114665,-1.6634771936219597,4.770363814492705,2.2155835126460923,8.45104213635388,7.601740166316988,2,8,3,1,387.7122200952291,6.825187754097088,0,True,0.8493019700368922
MOL01255,protease,322.6277136985554,1.93490661856108,1,6,55.61136504185548,3,0,-6.320702401968475,-1.5469169610693319,4.773785440899143,3.085559733154634,8.876421622680411,8.636532741238947,0,3,0,1,293.4523809703285,6.134838151992708,0,True,0.23988888144146436
MOL01256,nuclear_receptor,404.6112862940176,3.157077642263535,1,4,48.13142018670587,5,4,-6.576567525879159,-1.95141423701218,4.625153288866978,2.4741158038044353,12.018258309994474,11.23215304007644,2,6,4,2,544.8400741703167,7.142732168769558,0,True,0.7861052699180338
MOL01257,protease,234.93029514992463,2.3135336602310064,1,3,24.67133922672103,4,2,-7.003477954843312,-0.8800437163467408,6.123434238496571,2.3606053414589345,8.127815128636893,9.311887766193532,1,1,0,1,249.90228058385227,6.21472240853205,0,True,-1.184072637556639
MOL01258,other,346.5163069295337,1.194411965321638,2,7,90.09563391169833,4,2,-5.877148483496289,-1.8844676948944685,3.9926807886018207,3.1044956244332553,10.961806852299908,9.9324006930939,1,7,3,2,487.8912996421892,6.093597757427629,0,True,1.0294061592060082
MOL01259,protease,426.55170157949215,3.763537811335701,0,5,80.00459482076559,6,4,-5.955055830987754,-1.940084793735862,4.014971037251891,2.515078020460043,11.425737863656014,12.409458446714677,2,12,4,0,529.924091208757,8.459818839389202,0,True,-0.9837205830586626
MOL01260,GPCR,384.8072126378989,0.7781730143466841,2,2,46.732764590994705,8,4,-5.725020283660807,-1.8639365458493027,3.861083737811504,1.0886274572635521,11.702631625611163,15.169479702759594,1,4,2,2,309.1214959223296,7.23356709613584,0,True,-3.4668480771484305
MOL01261,ion_channel,334.4992363772499,4.003233789055783,3,2,42.136189531286576,8,2,-5.6990930224871255,-1.5519735414318288,4.147119481055297,1.9425673272546755,10.11869493866149,14.66230474391266,2,1,3,2,402.03206137394096,6.140329891462826,0,True,-4.543609805251171
MOL01262,kinase,338.2000705736125,2.439540347100021,1,5,76.72577625270385,4,3,-6.985094344946424,-2.44816818357657,4.536926161369854,2.4533182586638285,9.846104809697357,12.017780025518585,1,6,3,0,384.69388525058605,7.4448781608759385,0,True,-2.171675215821228
MOL01263,other,352.79133803920905,3.5144085247320422,2,4,67.60735347924769,7,0,-6.0110493716679105,-1.6738909591056528,4.337158412562258,2.6252688531541177,10.286223997544447,12.569221937499133,1,4,0,1,445.19964242011855,6.067354132515121,0,True,-2.2829979399546865
MOL01264,GPCR,224.83672170641537,2.395539155868827,1,5,68.93081489969842,7,4,-7.199573262091634,-2.356139213445809,4.843434048645825,1.8917902667099775,10.188755869143113,12.59454539892781,0,2,2,2,330.8930443921997,6.633083264735325,0,True,-2.4057895297846965
MOL01265,PPI,350.0567371000618,4.092582670221434,3,3,38.9556940653054,3,1,-6.29188601277691,-0.7271872724681194,5.56469874030879,3.0897446586078887,10.637389535171481,8.90612153120095,0,6,3,1,294.7565951110836,7.438708727487389,0,True,1.7312680039705306
MOL01266,GPCR,200.21717901732723,3.3272038552972107,2,3,52.721265693201445,4,1,-5.885482337437423,-1.3541574878350464,4.5313248496023775,2.2623259062931655,7.379636687493786,7.999039876325155,0,5,1,1,469.24212655773636,4.905402474905838,0,True,-0.6194031888313694
MOL01267,protease,448.11432411588873,2.2287231061334425,0,6,67.83472794846227,4,2,-6.3173730776723875,-3.162400879475779,3.1549721981966083,2.8704201980583353,11.660323949414396,12.31427151738117,1,4,1,0,347.60810939543063,7.277598570826603,0,True,-0.6539475679667746
MOL01268,nuclear_receptor,237.7383955862008,1.4887115451609079,3,8,107.78015407028425,9,5,-6.369966588477759,-2.2603948737332127,4.109571714744546,4.5578312655630615,14.602476406469362,14.327556187602879,2,9,5,1,591.6147792754628,8.493434480879683,0,True,0.2749202188664839
MOL01269,kinase,438.9089692413486,4.609179887086191,1,7,58.163811055002974,11,4,-6.213849148843392,-2.0531590742612,4.160690074582192,2.001231884088322,13.802857942670435,18.098072129807797,1,7,2,0,494.7801405838237,7.900673252088824,0,True,-4.295214187137361
MOL01270,ion_channel,339.05712779818975,3.1770008276702,0,4,42.182783502224126,5,3,-6.580553484336247,-1.7397051195290059,4.840848364807241,1.6629086635235848,10.638694337989843,9.793745897212,1,4,2,0,282.46779063018323,6.440906495446292,0,True,0.8449484407778431
MOL01271,PPI,163.49229280232308,2.2263772554044166,3,4,63.81554446778549,6,0,-5.992794989828499,-1.5221434503391986,4.4706515394893005,2.8309345113024365,7.783179728427521,6.598407676206372,2,5,0,1,370.65185053151833,5.750780049796785,0,True,1.184772052221149
MOL01272,kinase,435.35026836711893,4.1927978947040625,2,4,41.98072227161995,1,2,-5.56108727454855,-1.566285585266535,3.994801689282015,2.557987377069348,9.74303454408437,10.63382784068731,0,10,2,2,551.7242985722123,7.609298266420987,0,True,-0.8907932966029399
MOL01273,GPCR,528.7949679331673,0.38640504384434315,0,7,85.959790831471,3,3,-7.301607444966438,-1.969694497878353,5.331912947088084,3.9423136841757036,13.263620574499992,14.41597747252678,2,3,0,0,432.65886770861573,6.28040372276903,1,False,-1.1523568980267882
MOL01274,nuclear_receptor,449.7085518740613,2.9441584848142375,1,3,65.56865168521414,5,2,-6.028196637643355,-2.3714792656982118,3.6567173719451436,2.5618310576237975,12.008228691023447,11.709718569217053,1,10,2,0,352.99671686164015,6.407943811870005,0,True,0.2985101218063946
MOL01275,kinase,476.7349116446021,2.400678384006676,2,2,39.711812745745526,5,3,-6.610816850004327,-1.739790738570163,4.871026111434164,2.3873023069111543,12.128767485919875,14.410555682255676,0,4,2,2,516.1735907638122,7.584457763908066,0,True,-2.2817881963358015
MOL01276,protease,318.08991774817736,3.627821335778424,1,7,87.92974286714215,4,3,-6.6671104338882925,-2.74493741341347,3.9221730204748226,3.490262727870063,11.539235395540338,14.142247693648637,1,8,5,1,516.3182054215382,8.684449112773834,0,True,-2.6030122981082986
MOL01277,other,337.99299187293065,0.2758325996023534,0,5,47.930548501583814,3,1,-6.930734020926528,-1.5168904306143622,5.413843590312166,3.0052582091094875,8.836214838363459,11.363676949991662,1,5,1,0,514.4259197673888,3.148594205752828,0,True,-2.5274621116282034
MOL01278,ion_channel,357.56551914703664,1.2931024313807185,0,5,71.39720303210468,2,1,-6.366167857666583,-2.3885164268875263,3.9776514307790567,4.00066035497949,9.021724642187305,13.166979424559543,1,4,0,0,373.57387542909953,4.96020821308327,0,True,-4.145254782372238
MOL01279,kinase,444.845642280909,3.4861340113308645,1,8,69.89303465786486,5,0,-6.035082843640737,-2.1019354530546686,3.9331473905860683,3.123473122567833,11.362531574732598,8.874067282423123,1,6,0,2,342.3706193695557,8.013698900763636,0,True,2.488464292309475
MOL01280,PPI,285.38749315257314,2.517599101841001,2,7,95.36088688996921,4,4,-5.598485226567138,-1.8881022801909115,3.7103829463762263,3.9476826940549286,11.728651243522236,12.449452620920585,1,8,4,1,495.85936957770707,6.733357766849154,0,True,-0.7208013773983488
MOL01281,GPCR,439.4326874902358,3.829844656948053,1,4,26.88506543340349,3,1,-7.172260497131933,-1.229455224210069,5.942805272921864,1.2991039091576078,9.74644713640759,10.218093146441264,1,5,0,0,306.23793249361546,5.87273171057645,0,True,-0.47164601003367324
MOL01282,PPI,330.9691589884999,5.340891476676446,0,8,98.29432207654601,4,5,-5.021617721232457,-2.7879585456676215,2.2336591755648354,2.3253916470639204,11.883334554723218,11.72699683733992,0,8,6,0,540.3731740996241,7.620465463817423,1,False,0.15633771738329827
MOL01283,nuclear_receptor,368.4088801742082,4.221184383360706,2,5,63.40432588780029,2,4,-5.349124975373342,-1.9562504214771792,3.3928745538961627,2.6607850023614232,10.052396054319182,9.856872396504052,1,9,4,1,485.20057458549536,8.617062442314147,0,True,0.19552365781513004
MOL01284,kinase,342.7259932207664,2.361851368076157,3,4,60.66296624843763,6,3,-6.486440219128233,-0.9615866711424603,5.5248535479857726,1.8399322989063607,12.791170391635813,12.893118983629705,4,5,2,1,420.5135908708708,7.4461755956200815,0,True,-0.10194859199389228
MOL01285,PPI,376.76758123953306,3.5763225387474304,1,5,50.54318252217844,2,2,-6.186427447764851,-2.1685568789970713,4.01787056876778,3.33621739700322,9.848152019205118,9.839493785393971,1,7,3,1,497.42551926663816,7.438893036715253,0,True,0.008658233811146943
MOL01286,other,491.02091482998696,4.295586221206722,1,4,37.33163813658186,5,2,-6.503395446956776,-1.9641027595111977,4.539292687445578,2.3475458701294025,12.745902009847779,14.92690201113467,1,10,2,1,508.5174530787841,7.253150542433913,0,True,-2.1810000012868915
MOL01287,kinase,280.771020723937,0.8245189788527199,1,4,63.608780060881685,6,1,-6.263439501036962,-1.718497500469539,4.544942000567423,2.6281299662620397,10.360726404971034,13.898348469508592,1,4,0,2,337.3567331754282,5.401379275918975,0,True,-3.5376220645375582
MOL01288,nuclear_receptor,275.18198224395974,4.548209894208153,1,6,61.6049329283246,7,2,-6.361830136053817,-2.04563457910722,4.316195556946598,2.4843600763483584,10.351509368726726,12.158478923126747,1,5,3,2,421.7474276239203,7.748908725733491,0,True,-1.8069695544000215
MOL01289,protease,430.2944626312563,0.4580770317569849,1,7,98.9782921736248,8,0,-7.076526926053251,-2.4890710484457155,4.587455877607535,4.554807979352965,14.057555642369218,14.870142962236788,1,2,0,1,336.0646727903173,4.0363093830275005,0,True,-0.8125873198675695
MOL01290,epigenetic,400.7349316991837,3.1467375671789792,3,9,125.40561327030073,4,2,-5.396840299249182,-2.8306545177127655,2.5661857815364164,5.492897871190291,15.778778579152599,17.688048718989265,1,11,3,1,559.8708612254158,7.078113959597212,0,True,-1.909270139836666
MOL01291,GPCR,310.0313061980642,4.567265165381229,4,1,47.00406280234204,2,2,-6.173509185442124,-0.9694104306708464,5.204098754771278,1.4692946186775828,8.842863053321036,9.505178891124512,2,6,2,2,394.33505523520387,8.302864366174385,0,True,-0.6623158378034759
MOL01292,ion_channel,274.0331047034201,0.9851351211602111,0,4,23.21507146735166,7,3,-6.220309858683639,-1.80527782538861,4.415032033295029,3.239945443634463,9.891967798825998,10.905212511729545,0,3,2,0,294.46236083516743,5.635539619687908,0,True,-1.0132447129035462
MOL01293,GPCR,300.35146844064445,2.313419048225449,1,5,94.1467325287965,8,3,-6.049111136618093,-2.6423524161673155,3.406758720450777,3.590498073508078,11.723247188140496,11.03214945428993,0,4,2,0,386.42131111422333,7.435438941177625,0,True,0.6910977338505653
MOL01294,kinase,337.58097620144696,3.1548564693606114,3,5,107.1627847354332,12,2,-6.566810162071691,-2.208938930767912,4.357871231303779,4.183415693756855,14.47450952014385,14.00062594980572,1,3,2,1,371.3106729100058,5.952086356590276,0,True,0.47388357033812945
MOL01295,kinase,436.86321637377176,4.034675072025236,1,6,90.32260051407448,4,4,-5.962455445109748,-2.4517828229264467,3.510672622183301,4.70635752142891,14.443630287747173,17.109576582887616,2,6,2,0,456.1097485162467,7.34331451705526,0,True,-2.6659462951404436
MOL01296,PPI,545.327731776556,3.104227657937601,1,4,68.65273236370356,7,3,-5.657318428523315,-2.748689396493679,2.9086290320296357,2.0217084298726866,13.382639156598342,17.926637415177055,0,7,2,0,518.8286007574216,5.3926532348817515,1,False,-4.543998258578712
MOL01297,other,392.6763068804584,2.8522891774989785,1,3,61.152264067012155,2,5,-5.996875319821547,-2.160549006160046,3.8363263136615013,1.8885066634802177,10.324349414143786,10.026965203271446,0,4,5,1,433.01170696094096,7.019540400739107,0,True,0.29738421087233924
MOL01298,kinase,348.92700481552333,1.98544208953254,2,4,48.36278085464552,5,3,-5.8181893884765525,-1.991362718487157,3.8268266699893956,2.7628515827524263,10.528530646974042,10.04506407301992,0,4,3,1,445.21526522163197,6.8509480685309105,0,True,0.4834665739541215
MOL01299,nuclear_receptor,570.7943351927524,0.6254190349165831,2,3,69.69980191436309,5,2,-7.349022356607434,-2.516069041044635,4.832953315562799,2.2616708496561597,13.252324750594783,15.93793876717779,1,4,0,1,371.36424898482966,5.2507449805604,1,False,-2.685614016583008
MOL01300,nuclear_receptor,187.44287546172026,0.41114093959217435,3,1,57.51767859039259,5,3,-6.248032670826355,-2.208520759399415,4.03951191142694,3.6314875103317763,8.4752455896392,6.1016256205172885,0,3,0,1,259.49136296196815,5.964499862363586,0,True,2.373619969121912
MOL01301,protease,528.7619051337522,3.037741350113925,5,7,107.96461497416459,8,2,-6.471928913977892,-2.0773989555999965,4.394529958377895,2.435894124192804,16.69726519130767,17.89461619468964,1,5,2,2,333.0151844288142,6.595687067231494,1,False,-1.1973510033819679
MOL01302,other,606.5006394683879,3.1926068026716212,2,2,52.73855528401552,5,2,-6.019871681993141,-2.230804997286462,3.7890666847066794,1.8764679547872851,13.737574685762123,17.520400368593886,2,7,0,1,524.8886314648026,7.943864691699997,1,False,-3.7828256828317635
MOL01303,epigenetic,277.11062063046063,5.014968616634933,2,5,83.48410428287627,5,2,-6.022967653064116,-1.5826396303626242,4.440328022701491,2.321538674185541,10.099044977218185,9.33032781830885,0,5,4,1,494.49736559138915,6.601982726918598,1,False,0.7687171589093342
MOL01304,nuclear_receptor,324.9764096065472,2.7926186778182145,3,1,39.41855136995598,4,5,-6.397434000788623,-2.2802638855278534,4.11717011526077,2.1593968670688786,10.676483852694435,14.775779600469802,2,4,4,0,491.46805693641056,7.990872174625471,0,True,-4.099295747775367
MOL01305,kinase,391.43680880272706,1.9003923496384012,2,8,121.98329124168583,10,1,-6.101504235067985,-3.230117354735321,2.871386880332664,4.575873180784323,14.770503028434232,15.816212146236044,0,2,3,1,300.4366259587295,6.004452531660538,0,True,-1.0457091178018114
MOL01306,kinase,388.86773049554427,1.5368787719501067,2,5,61.67244067917866,6,0,-6.891166093967158,-1.6568018242044373,5.23436426976272,1.7102541237032785,9.647866415209611,11.424940672666061,0,3,0,2,374.3126459511206,3.7050848023229674,0,True,-1.7770742574564498
MOL01307,kinase,363.726530559876,4.642469536027381,2,4,63.61600230441111,3,1,-5.817842237297632,-1.3869872292956935,4.430855008001938,2.4010522339371723,9.485429490702142,8.996136625766734,0,8,1,1,532.5912796073358,6.610479409352175,0,True,0.4892928649354076
MOL01308,GPCR,421.3149184472195,4.45279112610009,0,6,45.67858807021902,5,4,-5.90365613632438,-2.490706126182662,3.412950010141718,2.0529745010185274,11.405144467303522,11.827296223059845,0,8,1,1,359.5792515184424,8.268722857690532,0,True,-0.4221517557563228
MOL01309,GPCR,443.3729413139116,1.5136365129467824,2,6,109.40166036067491,6,4,-6.066960813580034,-2.4918177372616706,3.575143076318364,3.1509508315889474,14.603753512895413,14.851074976564407,1,3,3,2,329.24270159681134,8.265458720581126,0,True,-0.2473214636689942
MOL01310,kinase,120.0,2.900365487327336,0,0,32.74731301847687,3,1,-6.038619318773935,-2.132450305987092,3.906169012786843,0.8485256558545197,4.983282897550933,5.439542670089564,0,6,1,0,396.79662256063176,8.098185889969823,0,True,-0.4562597725386306
MOL01311,other,491.604989958805,3.015255921109833,2,5,58.78561359935009,3,1,-6.474286447250007,-0.6479471368915912,5.826339310358415,2.3414593996876016,12.073855266853172,13.391922963629561,3,6,1,0,451.62239395700493,5.649547562626583,0,True,-1.3180676967763887
MOL01312,GPCR,348.1234670158092,3.0544914293640004,2,3,36.175652414765835,6,1,-6.004641170109603,-0.7812236375333492,5.223417532576254,2.4181513552877405,9.660251963315512,12.547544733069845,4,8,1,2,494.6645743634725,7.715062010260283,0,True,-2.8872927697543336
MOL01313,kinase,190.03323152367906,1.1443045224483943,1,3,45.739163272128344,5,1,-5.899998382853098,-1.4796487657524282,4.420349617100669,3.609050946780804,8.277991216554435,10.793439546091907,2,1,0,1,198.36301534923177,8.581603023765371,0,True,-2.515448329537472
MOL01314,ion_channel,662.3221739996966,5.334711204394086,1,5,70.23734098050295,5,2,-5.116520844943488,-0.9454964191765647,4.171024425766923,1.4782943466917924,14.361289789805644,18.93320276895057,2,8,3,1,387.22503464120393,7.321502501053166,2,False,-4.5719129791449244
MOL01315,kinase,371.82806367712675,4.296085753766245,0,9,90.02192597470331,2,3,-6.833987667061572,-2.0268630261628524,4.807124640898719,3.895939386775259,10.704181476848657,10.769812962283146,2,7,3,1,511.4004516860351,7.460338503662252,0,True,-0.06563148543448882
MOL01316,kinase,413.62533104040097,3.4745164128985726,2,2,65.26859073881849,4,2,-5.90681604166913,-2.1645924610759963,3.742223580593134,1.824034441135157,10.339006270148925,11.67916729017512,0,5,3,0,330.7806667846594,6.3066327962023205,0,True,-1.3401610200261942
MOL01317,kinase,343.4547802679426,3.2828538472383864,2,4,62.8344055653923,4,3,-5.716480620597895,-2.1903506762485088,3.526129944349386,2.958369713288563,11.602433768203559,13.036247186376432,2,9,4,1,549.7054283362892,8.249455027398078,0,True,-1.433813418172873
MOL01318,protease,339.1586239573508,1.8045995174465652,1,3,62.02829933786651,9,5,-6.4864102679313556,-1.95055392067505,4.535856347256305,2.5580704425141882,12.226478162992358,11.76369512316216,1,5,4,1,634.7296238457523,6.860089494508688,0,True,0.46278303983019775
MOL01319,kinase,318.4193221666195,2.832158330588478,2,6,88.68092476920476,7,4,-5.3047672076343595,-1.7660432626710758,3.5387239449632837,3.7808265023393974,13.589633676887475,15.678290922540079,1,5,1,1,322.80727561808385,7.179313840340231,0,True,-2.0886572456526036
MOL01320,kinase,234.26590252157808,4.579147835868522,2,5,63.83804403252492,6,3,-5.76337754768586,-1.503274093440633,4.260103454245227,2.5329027339496495,9.45443017434103,9.318584219099524,3,7,2,1,391.0965382125342,5.919285311154103,0,True,0.135845955241507
MOL01321,kinase,212.53690127110283,5.000051412970116,1,6,66.67594945754286,4,5,-5.835232697604008,-2.114494093964494,3.720738603639514,4.202323021086424,11.487420844374915,16.63680664528102,1,4,2,1,375.8107849231419,6.107877035925018,1,False,-5.149385800906105
MOL01322,protease,541.9373672974071,2.217434576085301,1,6,80.98595577641312,6,2,-6.2174087405011855,-2.119453636096469,4.097955104404717,4.417621811612804,14.717091499840617,16.94196501723604,1,8,2,0,426.73506363546505,7.381278879017807,1,False,-2.224873517395423
MOL01323,PPI,409.0797411276774,1.3590139485189399,1,9,100.19427269809513,7,1,-6.527894266006484,-2.159785168119564,4.36810909788692,5.080400989168932,14.302452047909826,16.430116638710878,2,4,1,1,335.1638190684338,5.508911194857115,0,True,-2.127664590801052
MOL01324,epigenetic,419.11801803927375,2.273531699380777,1,3,54.966844588183356,3,0,-6.388969267304811,-2.1190708724803167,4.269898394824494,2.041645628645081,8.954403100159956,11.815207134263574,1,3,0,0,339.82578443962444,5.83176044198138,0,True,-2.8608040341036176
MOL01325,other,182.27858675925617,5.762684574307071,0,10,96.7151807938583,2,1,-5.679050746251328,-1.5985190648813385,4.08053168136999,3.6872372525379915,8.365510385912746,9.190740711739256,3,3,1,1,284.53937474719646,6.829996548674066,1,False,-0.8252303258265101
MOL01326,PPI,233.07665714209355,3.018837916962862,1,5,85.01049649373407,7,5,-6.104076269695902,-3.3237797646754585,2.7802965050204436,2.55155703984377,11.56156003497348,11.56682384325864,2,6,5,2,453.08619587541705,6.222973942643335,0,True,-0.005263808285159044
MOL01327,epigenetic,426.41302637640985,1.4883619045730363,1,10,137.6431451147988,4,3,-6.4559763663794865,-2.893651612764273,3.5623247536152136,4.37961575905551,13.203700376242654,16.32296669657407,3,2,2,1,347.64125854647745,6.601263473722685,0,True,-3.119266320331416
MOL01328,protease,307.239323594424,4.057505358536553,1,4,44.44505204443381,6,1,-6.100030480107945,-1.7728758269787066,4.327154653129238,2.8160287106223976,9.050941352616455,9.039543528799555,3,10,0,1,440.6894290270722,8.249456771382832,0,True,0.011397823816899688
MOL01329,epigenetic,284.73699001996243,1.568263428975811,3,3,43.638469954855225,3,1,-6.27744529383573,-1.8402413013117884,4.4372039925239415,3.6905063374240417,9.437927396028666,11.859522807497228,1,7,1,1,393.3001671933599,5.245093374321604,0,True,-2.4215954114685623
MOL01330,other,309.6392674009194,2.7227045350278334,0,7,99.31911924427867,4,1,-6.096199028615248,-2.345984441722113,3.750214586893135,4.445413184725105,10.278789880549157,14.20025739684062,0,4,1,1,330.4282399854726,6.4137139359156725,0,True,-3.9214675162914627
MOL01331,nuclear_receptor,411.1413764121969,1.2190361303331034,3,4,51.04435125323612,3,1,-6.692998607865579,-1.5814657506239806,5.111532857241599,3.4920554069305947,11.767988164594819,15.175641580227289,1,4,0,2,395.42015286600065,6.610731180884148,0,True,-3.4076534156324705
MOL01332,nuclear_receptor,430.004297967158,0.7319052356331797,1,3,58.26576682390153,3,2,-6.802102049544282,-2.6509408717619865,4.151161177782296,2.538806456437271,11.102790504061211,13.225052361730894,0,3,1,2,373.51888829321297,7.117215992349221,0,True,-2.122261857669683
MOL01333,GPCR,305.06283758570027,4.672585982911185,1,2,46.69414534557364,8,2,-5.961178744973678,-2.205764746691751,3.755413998281927,1.4630023359635094,9.746902669225735,8.434175388413964,1,13,2,0,555.5744398820218,9.103137480081948,0,True,1.312727280811771
MOL01334,protease,471.2554346168408,2.673057155536245,0,5,49.06313780810682,8,5,-5.894044488289284,-2.691239664214128,3.2028048240751557,1.8374552315011874,13.635126239856875,15.753377856599258,4,9,1,1,410.1521356669755,9.337078006997546,0,True,-2.1182516167423824
MOL01335,nuclear_receptor,308.9036310150684,3.023655585161636,3,9,129.23849319645146,4,3,-6.1683980650160715,-3.777312584478871,2.3910854805372006,5.813604420186183,15.738737645426896,15.938508540784875,3,4,3,0,300.7067511933612,6.946805387115988,0,True,-0.19977089535797887
MOL01336,PPI,230.38877178069512,2.432082564836792,1,3,33.494448917408974,5,1,-6.114359294083766,-1.4001983512562237,4.714160942827542,1.9942817075086028,7.442675448499399,8.381327247930123,2,6,0,1,443.7290738428239,6.654125729564394,0,True,-0.9386517994307244
MOL01337,GPCR,231.28113561125508,0.7651211450201074,5,6,112.45485701045652,1,1,-5.7316352238080395,-2.267463418332606,3.4641718054754334,4.1892370469235765,10.604179497287591,12.798103186262747,1,3,0,1,363.46412089040433,5.991036143307249,0,True,-2.193923688975156
MOL01338,other,298.11261718963544,4.808136838357084,2,6,82.85826955622701,6,4,-6.3239860070777265,-2.0539751045583374,4.270010902519389,2.8248174246574265,12.803272031057444,16.146189436462826,3,9,1,1,553.664591741915,7.534269954382204,0,True,-3.342917405405382
MOL01339,kinase,448.359752494875,4.906341462056929,1,4,44.18197189118232,3,4,-6.0704692306572525,-1.4556077017389772,4.614861528918276,2.2506827199111283,10.522796877307256,10.913899548056062,4,6,2,0,408.190871442181,7.251935511644178,0,True,-0.3911026707488059
MOL01340,GPCR,251.22660224724635,0.7263502952277769,1,1,39.871250084790084,8,0,-6.398278015342497,-1.2381931182907273,5.16008489705177,1.2506320212101847,7.272548970805043,6.005222453211501,0,4,0,1,296.1588446604318,4.805995872537185,0,True,1.267326517593542
MOL01341,protease,332.2389320003162,1.864337991972306,3,3,95.44011426052822,10,1,-6.337604512902498,-3.290519985093627,3.047084527808871,3.7849591426265254,13.377755139091033,12.097983695325171,4,5,1,1,525.4839454912807,4.648779314146661,0,True,1.2797714437658616
MOL01342,ion_channel,283.7770096578669,2.9444477329928076,3,4,61.16828314833758,5,2,-6.809092879777725,-1.9315230486261834,4.877569831151542,2.9314572647132926,10.445337509988498,8.719122788335998,0,6,2,2,425.68518872667926,8.576794616434828,0,True,1.7262147216525001
MOL01343,GPCR,432.27787142601017,2.033401173081735,0,3,44.569690519273536,9,1,-6.492141717843862,-2.1658247601026295,4.326316957741232,2.940085218441048,12.195842131992926,11.006915809559322,0,2,1,2,360.56825069209555,4.855688824883626,0,True,1.1889263224336037
MOL01344,ion_channel,346.10165885091885,1.5553087755507244,0,5,55.31622889085865,5,1,-6.416366045445237,-3.2265456146160454,3.1898204308291915,3.4951820844510735,10.203699578892829,11.11589246871848,0,5,1,2,342.02022579166413,6.977646183104237,0,True,-0.9121928898256506
MOL01345,PPI,536.5756260508787,3.140714889727911,2,3,51.28970048892038,7,2,-5.913715361709655,-1.6879602873830226,4.225755074326632,2.1046548665630422,12.50688072885807,13.790533157132105,1,5,1,1,383.319651614694,6.429782045474717,1,False,-1.283652428274035
MOL01346,protease,535.1415524653394,1.1583602473960046,1,3,51.9849497664175,7,4,-6.397404899439083,-2.1231682282077884,4.274236671231295,3.5075151826688353,14.462802224717603,16.47345560624862,0,6,1,1,456.5309437821767,5.939022685741139,1,False,-2.010653381531018
MOL01347,nuclear_receptor,463.845707083168,3.806495264739193,0,3,12.601188769062954,4,0,-6.439316305443284,-1.1865084322626152,5.252807873180669,1.1255689103199435,9.760058272906292,12.910288562272191,0,6,0,1,304.69130237246014,4.276963426752354,0,True,-3.150230289365899
MOL01348,PPI,305.42547875557204,3.56221035811926,0,5,65.37179787904094,5,3,-5.7594734379829875,-1.544687874293147,4.214785563689841,2.2157137666072306,9.998579371559325,13.383171800279198,2,5,4,1,568.9609743256541,7.569616122938534,0,True,-3.3845924287198734
MOL01349,nuclear_receptor,354.2455371172831,1.5893396748859394,1,5,68.04128540673742,12,3,-6.39387418490678,-1.9731074200479168,4.420766764858863,4.458053914088099,14.150698187567572,14.088808805976074,2,4,2,1,475.4004836451926,6.879154226427047,0,True,0.061889381591498704
MOL01350,kinase,219.18719296745408,2.1452446681007244,3,4,67.03442883031593,3,1,-6.353330052290537,-1.4051596698770843,4.948170382413453,1.9209524506829234,7.48929699969204,6.91467174560062,0,8,1,1,425.59328162851943,7.176471676952652,0,True,0.5746252540914201
MOL01351,kinase,250.99202676812035,4.0253901889101185,3,8,75.96454853885322,8,2,-6.60219846265243,-1.8803757435109387,4.721822719141491,3.3536665605260527,12.94151817434436,15.964162261877235,1,9,3,1,469.1537330187846,6.566232729768852,0,True,-3.022644087532875
MOL01352,ion_channel,454.39434571247045,2.52182355161169,2,8,93.97575476378225,4,4,-6.834178983851186,-1.8755877890463988,4.958591194804788,3.5297384146385213,13.927006954211379,16.501529227046667,0,3,1,2,344.4825455775564,4.4017633586992595,0,True,-2.5745222728352886
MOL01353,kinase,310.3239987621723,1.8184356263737613,2,3,29.26514775516273,5,5,-6.41685383724003,-1.9493803930942968,4.4674734441457336,1.6954295325595934,10.158254147729346,9.915757922868455,0,8,3,0,368.79454384158714,8.627290739859818,0,True,0.24249622486089173
MOL01354,ion_channel,413.8735484277155,2.78308554391651,1,7,54.69978675021951,4,4,-6.743978775127929,-1.4301760710462044,5.313802704081725,1.95817292112202,11.910394388853247,15.417084581902685,0,7,3,1,410.88984505145686,5.489760462855565,0,True,-3.5066901930494385
MOL01355,PPI,338.3376446184637,0.8918028908413287,1,4,70.38152526157134,4,1,-6.150084825236712,-1.8626455297535807,4.287439295483132,3.461342076848169,9.58748412897372,9.271626337391616,0,1,1,0,314.4368023952634,6.554499313679022,0,True,0.31585779158210414
MOL01356,GPCR,397.8482641221828,3.5550684003721607,4,10,128.87518587081237,7,1,-6.365260566608276,-2.8624922352808464,3.5027683313274296,4.985794060489378,16.810454302503388,19.747623341077706,2,4,4,2,452.9498571334153,6.915856442533795,0,True,-2.937169038574318
MOL01357,epigenetic,376.9814741717331,3.761129796084461,0,8,114.68625158002646,8,2,-5.962038896369452,-1.912011055860201,4.050027840509252,3.826083195009012,11.749564300867359,12.811618706359358,0,5,2,1,214.20911113885873,7.369305539870846,0,True,-1.062054405491999
MOL01358,kinase,442.6199791065511,3.5800892441511487,0,7,75.54582358232514,4,5,-6.142336408847464,-1.9152965837862577,4.2270398250612065,2.322982936673406,12.032067652696103,14.566976927531076,3,6,0,2,289.78159902382623,6.9905149027270985,0,True,-2.5349092748349733
MOL01359,protease,463.99254928444935,3.939058055954204,0,4,72.75719622450639,3,2,-6.15249412551166,-2.625764279293816,3.526729846217844,3.5137991073112027,10.829554105658993,10.690896198849815,1,6,1,1,303.2288131860558,7.971157461639862,0,True,0.13865790680917733
MOL01360,PPI,352.64975586717327,2.2179274725839804,0,5,46.025080875248236,5,2,-6.577817572309178,-1.2676436187875404,5.3101739535216375,2.0991684755896602,9.324288538465714,11.456305851987025,2,0,2,1,395.9956617085593,7.159638088909282,0,True,-2.1320173135213114
MOL01361,kinase,297.54450273362346,2.2280941498056572,3,9,149.61672096189164,8,1,-6.518247760524428,-2.767304834275409,3.750942926249019,6.2509220657509825,15.958031918693434,16.905163564322095,3,4,1,2,454.6532740379378,8.943801887808663,0,True,-0.9471316456286605
MOL01362,kinase,526.6371709321336,2.8814543381714257,2,3,48.896140050916145,5,3,-6.173987138414513,-1.4998119285398248,4.674175209874688,1.710989056456665,12.69227185787884,17.90652559672684,2,7,2,2,401.12679695787546,5.338975500311511,1,False,-5.214253738848001
MOL01363,GPCR,487.0812064277642,2.7013711080548197,0,6,73.01508400456417,3,2,-5.646723522188701,-1.6664941194107952,3.9802294027779057,3.103100398766811,12.058963674058889,14.724264947663253,1,1,2,0,397.45849565583654,6.12016750046746,0,True,-2.6653012736043635
MOL01364,epigenetic,176.35211470211217,5.063501573022843,0,2,34.52134253559257,2,4,-4.958633097038197,-2.245224965617788,2.713408131420409,0.0,7.737801858004999,7.581606252468412,1,8,0,2,351.5370021776836,6.471522752852596,1,False,0.1561956055365865
MOL01365,nuclear_receptor,210.67391246257802,1.9558090706289062,1,5,48.779594957069015,10,2,-6.036932204668965,-1.8336374739594272,4.203294730709537,3.2089680030483305,9.882913274624185,11.7955556890822,2,4,2,0,405.8644092392079,7.229814662598465,0,True,-1.9126424144580145
MOL01366,other,346.24177130193937,3.2525415925404686,2,2,52.397441236870456,6,2,-6.054011834729227,-0.49702899388054744,5.556982840848679,0.8535590622364042,10.37311575489536,10.075405107649122,2,3,0,1,302.86222347903487,4.389280381285164,0,True,0.2977106472462392
MOL01367,ion_channel,444.7389776169502,4.695091104466439,1,5,66.57235370414236,7,4,-5.7868607676335175,-0.5933844150750449,5.193476352558473,2.6398956243077873,13.305796175517871,17.14975125531875,3,5,1,2,461.39776812597324,7.787654944516034,0,True,-3.84395507980088
MOL01368,protease,151.91505911849336,4.001195903652997,4,8,106.71030232142138,5,0,-5.953867061684766,-1.81165591952878,4.142211142155986,3.771631249168446,9.782835817852513,8.083823402877943,5,3,0,1,386.1643205490581,8.408661024654338,0,True,1.69901241497457
MOL01369,ion_channel,347.8565367600539,2.913612398759989,0,5,63.729340745149315,4,2,-6.187672857478282,-1.3766819116438334,4.810990945834449,3.3498771808948957,10.563325855892788,7.679958717445908,0,6,2,2,357.30476507422645,6.60486587534014,0,True,2.8833671384468804
MOL01370,protease,431.96808924934214,3.0398531616585927,1,5,67.84576283311536,6,4,-6.475716967989341,-2.867812395553735,3.6079045724356065,3.7438506932195645,13.603584899060774,13.289843317907376,0,7,2,0,425.1078572013785,6.909986349079016,0,True,0.3137415811533977
MOL01371,GPCR,234.5861232312359,2.615061019464975,2,3,49.53106400853582,7,4,-5.6660087793992,-1.5982321648569173,4.067776614542282,2.636250654319345,10.192271649868347,15.295737507701979,0,7,4,0,463.3136359252566,6.67424813998581,0,True,-5.103465857833632
MOL01372,ion_channel,401.8711296963053,4.234866457219196,2,3,52.699421497926984,6,1,-6.4089658774330225,-1.7078943740213388,4.701071503411684,2.5790904475394507,11.244073880672634,11.387001043844702,3,6,0,2,341.45575053233955,6.980659689423117,0,True,-0.1429271631720681
MOL01373,GPCR,440.5229276851436,5.749822497127134,2,5,66.7035834739747,5,0,-6.101195194202806,-1.1105269303782646,4.990668263824542,3.0223318949073583,12.167322395713384,14.955258961130944,1,9,0,1,354.62288881220167,6.091467575753471,1,False,-2.78793656541756
MOL01374,other,273.8305818227261,2.220001208992269,1,3,78.08356244517717,2,2,-6.325991428368613,-2.354289353679895,3.971702074688718,2.9212767189922584,8.593285578813324,10.086740413121632,1,4,3,1,536.4755349868753,7.968696036611441,0,True,-1.4934548343083076
MOL01375,PPI,271.1692789494783,0.7438190230286521,1,5,57.43658723314843,6,3,-6.161193640313705,-1.6022646425274467,4.558928997786259,1.4187350131212344,9.386315344192873,12.167458141227913,1,5,1,1,361.19757271404427,4.8699190192193615,0,True,-2.7811427970350397
MOL01376,other,410.7381305994913,2.4418881995524018,2,4,63.426229574554974,6,1,-6.924637513288882,-1.9491866739833488,4.975450839305534,3.048510396330229,11.742565771795846,11.504806372021221,5,3,1,0,325.92751109492076,4.76482531904615,0,True,0.23775939977462457
MOL01377,other,519.6466093508483,1.1287889343948503,1,11,147.2408242113188,3,0,-6.872660917386859,-3.462638456123989,3.41002246126287,6.013079587024068,16.880051829227014,17.36711187795489,0,4,0,2,451.7505907500489,6.021667496199345,2,False,-0.48706004872787645
MOL01378,nuclear_receptor,255.01829130303202,-0.9067283548322038,1,2,50.52129866589469,3,2,-6.310598814492203,-2.275670363912196,4.034928450580008,2.101549041581454,8.144207738588683,10.884618504446028,0,2,1,2,258.4109115650375,7.007907165557322,0,True,-2.7404107658573444
MOL01379,GPCR,544.3974567889146,0.9940526000865477,1,9,95.11551167217283,3,4,-5.983050624252716,-3.6181887814007943,2.3648618428519215,5.486371169794742,17.665142273517265,20.360913712629056,0,8,2,0,372.7381542738349,6.875073782269969,1,False,-2.695771439111791
MOL01380,GPCR,476.66233916077533,2.6697833623649143,6,5,103.36597021145546,6,0,-6.811789527512676,-2.223582432181313,4.588207095331363,4.240557098718051,14.502414986500627,15.487729303822213,5,5,0,2,374.29154220030307,6.708580397631753,1,False,-0.9853143173215866
MOL01381,PPI,417.62618810774165,2.3170375958986718,1,6,86.08514552483663,4,3,-6.040789198786272,-3.1829666652124073,2.8578225335738647,4.2437139237306285,13.539773245262303,13.05718223205486,1,4,1,2,396.2172977609906,4.776467445037774,0,True,0.48259101320744335
MOL01382,GPCR,418.94438996167145,1.3281091257471827,4,5,88.90236727816466,5,1,-5.89944646474611,-1.4189791739016309,4.480467290844479,3.090237911622312,12.695954788017183,10.51855356342476,3,3,3,2,295.1144445385557,6.090770495631381,0,True,2.1774012245924226
MOL01383,protease,306.1236382614433,2.0175479544659405,2,3,46.53559548946774,11,2,-6.512729231921107,-1.9103118603389884,4.602417371582119,0.7026925366817014,10.543185818388757,11.720036434145909,0,9,0,0,392.91783318664267,5.744922719108433,0,True,-1.1768506157571519
MOL01384,protease,229.82475580585321,1.8174934503796596,3,4,88.56976000169766,5,2,-6.6738102446320005,-2.1838141039520593,4.489996140679941,4.257782469655288,11.161907224036613,10.391029481221947,2,1,3,0,287.1407928601224,6.802906593050426,0,True,0.7708777428146654
MOL01385,protease,325.08893465955975,2.6239281228809292,2,4,46.776050162033016,5,5,-6.269567251587755,-1.3198148016571918,4.949752449930564,1.5202766737654445,10.869603692742722,13.681097855338532,2,5,1,2,433.45055590152793,7.704739765070723,0,True,-2.8114941625958103
MOL01386,other,463.7331653910061,2.3748871357747086,1,6,76.24678157686624,7,2,-5.89739362053604,-1.8908099812471495,4.006583639288891,2.8666177539636353,12.561734193488082,12.70316666959201,3,7,0,1,493.4666891896986,6.846656482677906,0,True,-0.14143247610392784
MOL01387,protease,373.6451121404381,1.1071025922055169,0,7,68.78307480559356,2,4,-6.231764204553851,-2.52793320011825,3.7038310044356013,3.3320575325562958,11.007149780440074,14.12183911994705,1,5,3,0,398.2393284639099,6.378396947629238,0,True,-3.1146893395069757
MOL01388,epigenetic,332.7275489440608,1.5808480498024444,2,4,91.7553794883562,2,3,-6.514311781196894,-2.823336408928168,3.690975372268726,3.1178435235583177,10.541304738621106,13.399955369520713,1,6,0,0,502.26872116361733,6.023739547425881,0,True,-2.858650630899607
MOL01389,epigenetic,550.2497014677767,3.491172083214269,1,6,83.18956766141818,4,4,-6.117905981098726,-2.1577557536802447,3.9601502274184814,4.1329966925956745,14.976874707599064,17.93285979263443,3,6,5,1,407.7174349629834,6.668014768831906,1,False,-2.9559850850353673
MOL01390,kinase,366.3846977015582,1.9636806133340194,1,4,40.18673707712465,7,3,-6.145228042860352,-2.6263186741660527,3.5189093686942994,2.483968100335484,10.833999811823537,13.756365206971557,1,4,0,1,310.8290158459705,5.945516719429955,0,True,-2.92236539514802
MOL01391,kinase,541.7644452110419,0.6229094042228953,1,2,28.61338725335819,2,1,-6.593063761289729,-1.1243991233002342,5.4686646379894945,1.5455537060919164,10.42625783295691,8.53682928027477,0,2,1,0,370.6759824496967,2.9353548630422606,1,False,1.8894285526821406
MOL01392,epigenetic,621.135168199944,2.3764644260657217,3,6,128.25550303394743,4,2,-6.386586239878268,-2.653123990575955,3.733462249302313,4.701270341315277,16.426730900399882,19.82490022835096,3,1,1,2,343.96754625098924,5.391080607945909,1,False,-3.398169327951077
MOL01393,nuclear_receptor,224.00466351835504,2.8432667522321093,1,5,77.88258934692483,6,2,-6.41343216978469,-1.127028745716387,5.286403424068302,2.8633482134985697,8.642152003050565,9.829796486025597,1,5,3,1,442.48852018825374,5.953268463362455,0,True,-1.1876444829750312
MOL01394,epigenetic,411.6500099872447,4.7738031862159644,2,7,110.42606018022596,4,2,-7.051918042004362,-2.1181497996607384,4.933768242343624,3.2520494505429647,12.259715589963898,12.74926836204098,2,5,2,1,409.53487331819633,7.745255642479268,0,True,-0.48955277207708114
MOL01395,other,390.8760034804854,2.7303955618998135,3,5,75.2860038437282,4,1,-7.24231827846956,-1.7250424309590646,5.517275847510495,3.183359932054608,11.747598833628187,14.02390375973496,1,5,2,1,407.2824755439695,6.136578190013517,0,True,-2.276304926106773
MOL01396,other,228.6471707737806,2.3005729684552545,0,5,82.43638374783839,2,1,-6.734910298244122,-2.240820433928535,4.494089864315587,2.4006783937992777,7.690347849214667,10.187157495849771,2,3,2,2,444.6134738519235,6.608545938882507,0,True,-2.4968096466351044
MOL01397,epigenetic,486.98365017667766,1.809034444555297,0,3,54.53738847126286,6,5,-6.331241490787984,-2.201765760918641,4.129475729869343,3.7736961730259955,13.972345997186487,19.16485188662328,2,6,6,0,570.2183359561197,7.090133775287292,0,True,-5.1925058894367915
MOL01398,ion_channel,344.8486381660068,4.413978848503229,3,3,64.88763005573375,5,1,-5.852567495289256,-1.8995682929142803,3.952999202374976,0.9448967871714564,9.334652455822342,9.829948973855869,0,8,0,1,550.2928688182704,6.711677152888381,0,True,-0.4952965180335269
MOL01399,GPCR,402.3177687116009,3.8239226338201995,1,9,118.13106423770827,3,3,-6.3985478461538525,-2.4159694638021434,3.982578382351709,5.701188610079762,14.826139070084324,16.98910438304164,0,8,1,2,361.6981455847591,7.981183968416181,0,True,-2.162965312957315
MOL01400,GPCR,378.3335136518191,2.378441019017193,1,3,57.35159831082794,6,1,-5.901770512461604,-1.6173785629991584,4.284391949462446,2.4209980664243482,10.512312959824433,10.803065868939093,1,3,0,0,329.20879732438505,5.530630222547478,0,True,-0.29075290911466034
MOL01401,nuclear_receptor,377.05957737421835,2.537797738391309,1,3,80.25311223693073,5,3,-6.113884909694142,-1.8348033048042522,4.27908160488989,2.7173357385569683,10.49826091334012,15.225902282609702,1,6,2,2,395.859051784956,5.6987132420088855,0,True,-4.727641369269582
MOL01402,GPCR,531.0121826219479,2.965836653796539,3,5,73.59663170338358,9,5,-6.328401601557124,-3.2419112313617755,3.086490370195348,3.3698085370969624,16.57949476419042,19.74778850569204,1,5,4,1,452.7488259850399,7.984503751340682,1,False,-3.1682937415016177
MOL01403,nuclear_receptor,277.55775331686436,4.795028277191115,1,1,21.518775932608392,5,2,-5.869902359008289,-0.9322547227772948,4.937647636230993,1.2313087603961281,8.338136089858029,11.214457799754319,0,6,2,2,418.86329006035,7.593683211787349,0,True,-2.87632170989629
MOL01404,epigenetic,210.4886017998849,2.8018764657055315,1,6,82.80026637153767,3,5,-6.161888985277734,-2.276055074889626,3.8858339103881083,3.1898198513597804,8.869335689184625,9.529195924203473,2,5,2,1,506.6739353626868,7.934437519656573,0,True,-0.6598602350188472
MOL01405,GPCR,227.16810411770933,1.7144959186189013,3,4,62.348736022351844,6,2,-6.3964097599234995,-2.5161204017126,3.8802893582108995,1.954925262150677,10.002778999955588,13.973098977278696,3,6,0,2,513.4810593372679,8.021429591741049,0,True,-3.9703199773231077
MOL01406,GPCR,359.0555471452512,0.9487838458156554,1,2,43.32074674637984,6,4,-6.288618158383148,-3.145486624991018,3.14313153339213,2.836387478004977,11.618687989047514,10.773567023201506,1,4,1,2,479.8588089475414,7.066911333908921,0,True,0.8451209658460073
MOL01407,GPCR,370.53806947293884,1.6092588734876339,2,2,34.0122004786374,1,1,-6.294513606375214,-1.4305773987488528,4.863936207626361,0.0,7.354359116147417,8.81274549804979,0,1,1,0,219.61674357860971,5.116058560999472,0,True,-1.4583863819023728
MOL01408,PPI,191.85519522795494,2.928077425499271,1,5,64.84343337655606,3,0,-6.252845564058989,-1.592822413009698,4.660023151049291,3.186847716403959,6.791177687150169,7.11580752060544,2,8,1,1,374.5664792206097,5.594277296915281,0,True,-0.32462983345527086
MOL01409,epigenetic,260.7833377861316,4.529401693748157,0,4,44.1333127418488,8,4,-6.316370747466778,-2.029945099775409,4.286425647691369,3.1788267543695428,10.714766171537708,12.496309586554837,3,6,3,2,544.8261407939967,9.202966856406562,0,True,-1.7815434150171292
MOL01410,PPI,256.9004150332988,2.349106385300702,1,5,78.73027188780772,5,2,-6.660991437228485,-1.9945257885839502,4.666465648644534,3.119364737899587,9.41287838035949,9.64803808198021,0,5,0,1,273.5719780574581,5.987884700843476,0,True,-0.23515970162072009
MOL01411,PPI,285.1279812452876,0.9573685837615014,0,4,36.17148181141471,7,3,-6.694473670067371,-2.2706567732648284,4.423816896802542,2.1699841620259295,9.77941682436401,10.938829951570886,1,5,3,2,405.5003805767,5.740734184168121,0,True,-1.1594131272068768
MOL01412,kinase,560.3824171089161,4.397459392166562,5,10,131.86722477935396,6,2,-6.621995170599064,-3.463384769629698,3.1586104009693656,5.286827422434695,19.65295498774034,20.444740405023264,5,9,1,1,469.33977606767087,8.419419975912838,1,False,-0.7917854172829237
MOL01413,other,282.9994835884057,0.5323151927920762,1,7,91.26290245370784,4,1,-6.300063280083425,-2.8055230027328637,3.494540277350561,4.466077262960836,10.488867963193732,8.815663109964122,0,3,0,0,287.7253946563335,6.639171192481555,0,True,1.6732048532296098
MOL01414,protease,582.7927073423917,4.478036488515918,1,7,67.00129755786338,4,3,-5.742809195598666,-1.394252843930341,4.348556351668325,3.281545669103513,14.167849462500964,19.308088515317475,3,7,2,0,461.3777773834114,7.85266030122897,1,False,-5.140239052816511
MOL01415,protease,288.82157578181636,3.7194422023041573,1,4,88.41514453425602,4,3,-6.262248283101222,-1.916857951842048,4.345390331259174,2.490585425405385,8.90948742732799,10.489867594837342,2,5,0,0,284.8817782427061,8.107647722617548,0,True,-1.580380167509352
MOL01416,epigenetic,482.02580212940734,0.1341056574306303,1,3,47.84316692709563,6,4,-6.2352423707844,-1.8364338959049913,4.3988084748794085,1.6127884353688393,12.10071853501564,18.20454877301103,1,3,4,2,505.6781738972495,5.605824843378407,0,True,-6.103830237995391
MOL01417,protease,480.33383827661055,1.4225599784608236,3,5,91.92199845045087,6,3,-6.80088315628297,-1.581391185078728,5.219491971204242,4.169346079312485,14.996758686218014,19.91360088705794,0,4,1,0,396.57214728566487,5.940184604971306,0,True,-4.916842200839925
MOL01418,nuclear_receptor,354.54772876157523,1.8091207024328497,6,4,72.95005316365666,8,1,-6.36155855227938,-2.0205760222974662,4.340982529981914,2.425365135940446,12.866958998594699,14.756679159918368,4,3,1,1,422.55005094761475,5.86212229615095,1,False,-1.8897201613236696
MOL01419,kinase,411.691647949482,2.5481206426973246,0,4,85.26609294555085,8,2,-6.528998410262794,-2.640196036884459,3.888802373378335,2.3964690216792173,11.193583071751695,14.844451640672336,3,6,0,1,391.17942901305776,6.029877959411855,0,True,-3.6508685689206413
MOL01420,epigenetic,309.8975707006569,1.0677020862563171,0,6,68.37556909612621,2,3,-7.028401569758193,-2.944617715067434,4.083783854690759,3.705699459565989,9.633419855260117,11.00757673720959,1,3,2,0,305.57067022320916,5.968514950472498,0,True,-1.3741568819494727
MOL01421,kinase,301.31816159258284,5.2010652286847865,5,3,87.36791199890071,4,3,-5.941648176228096,-2.9499646451786723,2.9916835310494236,3.0873156370152564,11.250397195879998,12.169961209679656,0,4,3,0,352.09898524812286,6.686120377394074,1,False,-0.9195640137996577
MOL01422,protease,242.70693995252174,1.246072490209585,3,6,100.85428434283185,4,2,-6.579065977371579,-2.258639952690695,4.320426024680884,3.0720396698177126,10.267314490444887,10.954743347701417,0,6,1,2,534.086384793942,8.874102833433462,0,True,-0.6874288572565295
MOL01423,protease,341.47920652798086,2.4685333747695073,3,6,88.80615890652875,5,1,-6.463776274252054,-2.047986047838885,4.4157902264131685,3.7397959147699815,11.85711665107794,13.061589636392226,1,4,2,1,337.47439508725546,8.129602983149683,0,True,-1.2044729853142861
MOL01424,kinase,430.8073544515496,3.06890038831333,2,3,44.554590438579666,3,3,-6.057524741775019,-2.208532288904999,3.84899245287002,2.1259193100226477,11.213558501664918,15.298384416707957,1,3,2,1,279.69977366619395,7.515664327613178,0,True,-4.084825915043039
MOL01425,epigenetic,479.92933474529184,2.0765433563611615,0,4,39.85248153248408,1,4,-6.292939212504272,-1.7987958751312134,4.494143337373059,1.9966549451969824,11.335613019712062,14.7154849579173,0,6,2,0,393.8403805754898,7.616615216177045,0,True,-3.3798719382052376
MOL01426,kinase,311.7979591626315,1.4511820440017271,1,9,114.64151641386148,2,1,-6.53583102210948,-2.7078594864307513,3.827971535678729,4.937761069336237,11.212108390952572,13.707725508235649,2,6,1,1,469.5537641716822,5.741531968677585,0,True,-2.495617117283077
MOL01427,epigenetic,428.1410280171202,1.012967907600789,1,9,105.63883704530457,4,1,-7.236865862723987,-2.0745869428150936,5.162278919908894,3.939275916592974,11.608517562325275,12.16639025386846,3,1,0,1,318.6896711339005,6.626508721221276,0,True,-0.5578726915431851
MOL01428,kinase,401.33479760141273,1.1141682973425473,1,2,54.10335243396895,2,2,-5.547782207969416,-2.7382429389066694,2.8095392690627463,1.267261568561917,9.949400985366905,11.758483613990553,2,2,2,1,266.2358543952911,6.931673329796461,0,True,-1.8090826286236474
MOL01429,other,327.59474938892765,1.8070767366824627,0,3,26.037219738785446,7,3,-6.330494877809567,-1.1525093750212296,5.177985502788338,2.4228738107505245,10.456968987411795,13.013933112833497,1,4,2,0,385.96130077641845,7.514373537738607,0,True,-2.556964125421702
MOL01430,kinase,448.54173555503337,2.8686274731485675,1,7,75.95659292254288,2,2,-6.0153780350327,-2.3254246451951235,3.689953389837577,3.3452497157261014,11.59473621380851,14.089764208525073,0,6,0,1,461.15850968227164,8.442659638647461,0,True,-2.4950279947165637
MOL01431,ion_channel,526.3169377549877,4.450044328403505,2,3,43.84512986848625,5,2,-5.860598627965505,-1.559507757234613,4.301090870730892,3.1572998838284825,12.018450780742201,16.53559645725003,1,4,2,2,402.30300958289547,6.756715032745546,1,False,-4.517145676507829
MOL01432,nuclear_receptor,392.68937048987215,2.7499762380981085,0,5,72.41765427316724,7,3,-6.456336411641275,-1.4147778123548882,5.041558599286387,3.491642635176177,12.43713051167627,16.328830354816525,0,7,2,2,368.71189029514517,6.734021793215348,0,True,-3.8916998431402554
MOL01433,kinase,262.78011852855394,1.3345694752940636,2,4,56.08765581630444,5,1,-6.567692964358282,-1.1706796627448193,5.3970133016134625,3.32816165144617,8.775950160391766,9.735705229498576,0,4,3,0,239.8877507642622,6.82439011588922,0,True,-0.9597550691068104
MOL01434,kinase,123.31181564946004,3.0688473895888633,1,5,58.384960882154225,3,3,-6.355392294018688,-1.7963776007667513,4.559014693251936,1.7351018229505806,6.561880749697383,7.0112645636805375,3,4,2,2,434.6573323123612,7.880979439711881,0,True,-0.44938381398315475
MOL01435,kinase,441.9101942832585,3.0503909192294585,2,6,71.6720308958737,5,1,-6.505732834367122,-1.5299454136383317,4.975787420728791,3.243489128998096,11.775937965519951,12.694535533975557,1,4,2,2,484.878497646141,6.781380666587924,0,True,-0.9185975684556063
MOL01436,epigenetic,498.5598838740805,1.5612933214914104,1,2,69.99776187519049,8,2,-5.619830212095082,-1.8848132977769818,3.7350169143181002,1.5626589386848324,12.548038930063552,12.674896577434424,0,9,1,1,543.9947600713549,4.991581807367952,0,True,-0.12685764737087268
MOL01437,ion_channel,525.3024656730336,1.6344861787028568,3,11,146.75619207361763,4,3,-6.232927255449348,-1.9428018803596618,4.290125375089686,5.71238520916727,18.65694027749723,22.46844358687305,2,4,3,1,409.5301033183699,7.140981961803246,2,False,-3.8115033093758193
MOL01438,GPCR,481.7699762336907,3.327718270877719,4,4,45.209771677472396,3,3,-5.781511519022424,-2.290217549738955,3.4912939692834692,1.3223798597857477,12.86390978696452,14.921950594248466,0,5,3,2,388.47563666845866,6.961528809259511,0,True,-2.0580408072839464
MOL01439,other,200.74921721981602,0.5365718450192838,2,4,58.23245075623563,3,1,-6.0793988673263435,-2.1178740671591036,3.96152480016724,1.811446895652658,7.056350714301396,6.899105378017092,1,6,1,0,333.9269157068326,5.619814300502243,0,True,0.15724533628430404
MOL01440,GPCR,354.732779703902,1.4164413483030995,1,8,87.21148508715737,7,2,-6.517803573855348,-2.356140305660093,4.161663268195255,3.2870054014835524,12.121895580407386,14.456067887071775,2,2,0,0,311.01136783423203,6.436887678738288,0,True,-2.3341723066643887
MOL01441,protease,242.5887545024047,2.4600047472153808,4,6,98.25784331696573,9,1,-6.794147731759265,-2.456159376360277,4.337988355398988,3.8940976023365264,12.74510150457084,11.775877497646839,2,5,1,1,313.7543595360884,6.802703468929211,0,True,0.9692240069240015
MOL01442,epigenetic,358.59195056363035,1.4152461684305178,2,7,119.28134102376566,5,3,-6.2548655590637905,-2.2968922651976804,3.95797329386611,5.390182279342978,14.572755556209753,17.769015589922386,0,7,3,2,521.164513304273,8.126693123981227,0,True,-3.1962600337126332
MOL01443,protease,379.1625877133361,5.270672568885663,1,5,61.971524116093555,7,4,-6.2818573832364155,-2.5807314570696063,3.7011259261668092,2.9996247224547665,12.816920963389796,15.384418778943434,2,6,3,1,376.5068457391629,6.736098266844887,1,False,-2.5674978155536383
MOL01444,PPI,227.09836425559223,5.761619585791067,2,3,43.1699376217599,3,1,-5.359510232845977,-1.403753148161882,3.9557570846840955,1.5672131298663459,7.869411808563978,9.028148625635344,3,15,2,2,666.1020256438212,7.3714138141068615,1,False,-1.1587368170713663
MOL01445,nuclear_receptor,302.95349806628514,4.073267751488649,0,5,37.79643590061226,5,1,-6.273571362807968,-1.1227836400974591,5.150787722710509,2.770869291931935,8.401698243264969,8.696215614561275,0,10,3,1,582.1032643831672,6.3220372789392405,0,True,-0.2945173712963065
MOL01446,protease,480.0233544494416,1.5670107453650335,2,6,69.0367209205687,3,3,-6.146208732049803,-2.0616244921209357,4.084584239928867,3.8246617836309698,14.132367745970678,15.606339731110523,0,3,0,2,360.479336444616,6.883316442097657,0,True,-1.4739719851398458
MOL01447,kinase,322.0147481396971,2.244816394054686,1,4,75.02979864384262,7,3,-6.545628117095127,-3.0653344022401026,3.4802937148550246,3.4726936731196245,11.226627811226912,12.03795082044959,0,2,0,1,268.7893659167155,6.08119836385643,0,True,-0.8113230092226775
MOL01448,GPCR,285.1873248901334,1.0050204982896938,1,6,53.52375309106337,8,1,-5.902493313578585,-1.7717690539418702,4.130724259636715,3.6109709541175947,10.645957297529982,10.823993095323907,1,8,1,2,486.8575447283333,7.127181688058663,0,True,-0.17803579779392464
MOL01449,nuclear_receptor,235.13874859363304,2.358520598552216,1,6,90.15949932969141,2,2,-6.214600415761715,-2.950837462119659,3.263762953642056,4.380805917248937,8.568267672101745,8.640973994377562,1,8,0,2,574.4320006353271,6.396910207716827,0,True,-0.07270632227581686
MOL01450,other,472.8313929741693,0.5297642764328798,1,4,74.94618324550505,4,2,-5.71969449808745,-2.1600025355093635,3.5596919625780865,3.085138927323944,12.080479599277105,15.192802870292606,2,1,1,1,313.21621852363097,5.99719043934177,0,True,-3.1123232710155015
MOL01451,ion_channel,143.17568533008608,4.358304141655711,0,6,83.87945398935354,4,2,-6.342604502946218,-2.359904090857368,3.9827004120888496,3.990695622928047,8.799076882873633,9.252252308049457,0,5,4,1,510.57734401768676,5.0375711307203055,0,True,-0.4531754251758233
MOL01452,protease,446.1210866700261,2.636100959218282,0,4,70.76734744098636,5,5,-5.828348415043627,-2.9424383697473195,2.8859100452963076,2.537218404141743,13.750741163036393,17.88645162715869,0,8,5,1,436.7493171053853,6.424835402721627,0,True,-4.135710464122296
MOL01453,other,484.58944157399515,2.3977501351685198,0,9,85.12852093125366,10,2,-5.662076228000357,-2.6652871082403076,2.9967891197600496,2.5276397360216225,14.258203739011709,15.343696729009407,3,2,1,0,261.6176335179829,7.421582342539564,0,True,-1.0854929899976984
MOL01454,epigenetic,309.68327211137455,2.08785892098789,1,6,70.672008476241,10,2,-6.030613876500352,-1.8210248983565176,4.2095889781438345,4.022938527448153,11.69317126111099,14.196427387113104,2,4,4,2,492.8078737702954,7.091466042939826,0,True,-2.503256126002114
MOL01455,other,204.9451612090842,1.9483975839540273,0,10,85.33913313128042,7,2,-6.457218409054093,-1.377218530333478,5.079999878720615,4.43962051526359,10.117416851450102,11.66018453112963,0,2,1,2,307.7421060027534,6.49791392256324,0,True,-1.5427676796795282
MOL01456,GPCR,382.2656051908813,3.2609868879349335,0,5,58.1318299551823,8,1,-6.260679337792751,-1.4471316454928536,4.813547692299897,3.323403208885753,10.610203265139136,8.538370922755515,2,5,1,1,249.8632448345436,7.165408003235794,0,True,2.0718323423836207
MOL01457,protease,294.92826273992097,1.2041515010660508,2,4,75.91857916001948,1,1,-6.225145010304113,-2.0448344543905335,4.180310555913579,2.356314745905843,8.123963540840647,9.186289296807585,0,7,0,0,412.6059368111474,5.243203159429106,0,True,-1.0623257559669383
MOL01458,kinase,128.687845865498,0.4635869394666283,2,10,129.55873381130397,6,1,-6.596142108857961,-2.0035868830655286,4.592555225792433,3.7325590887620397,9.20441769525497,7.369130915766577,0,2,4,1,307.66781432951734,6.21132177039214,0,True,1.835286779488392
MOL01459,kinase,408.9038709465028,2.9350184078463584,2,4,72.76048797102493,2,1,-6.286987685702809,-1.0284606141931705,5.258527071509638,2.0278119723756474,9.24182959573974,7.946901779591521,1,6,0,2,395.5746761397303,7.012902370542607,0,True,1.2949278161482187
MOL01460,kinase,322.00087888633954,1.605732866886942,0,5,75.64816257034832,6,5,-6.077810881999083,-2.7510613974687486,3.3267494845303345,2.293519150347814,11.1383571926896,13.250000769302535,2,5,3,2,553.2566567520233,8.360359017355085,0,True,-2.1116435766129342
MOL01461,nuclear_receptor,255.55788499841697,2.271810133789783,3,2,63.26860019368142,5,2,-6.100503501199483,-2.145289492924372,3.9552140082751106,3.3020702394657837,9.3465066988654,12.575227754199314,2,4,2,1,419.7870249019281,7.481333293974159,0,True,-3.2287210553339136
MOL01462,epigenetic,200.75570557864702,-0.5738287109456794,1,5,79.87379342678629,4,1,-6.8882111602227765,-1.2825849615448521,5.605626198677925,5.050213429379595,10.397915244524446,9.293152483241387,0,2,3,1,284.0483146725619,6.069398642170539,0,True,1.1047627612830588
MOL01463,ion_channel,352.3913507996962,2.9167044001104525,4,11,146.13382507917166,3,0,-6.0973784638648,-2.788984125495962,3.3083943383688377,4.913108646386573,15.330493631720174,16.678620376914942,1,5,2,2,386.22270252370436,6.390413334265112,1,False,-1.3481267451947687
MOL01464,GPCR,222.84270689576718,-0.4476553116212285,1,5,61.37842542109139,4,1,-6.56244712763497,-1.7128594727354236,4.849587654899546,3.962588448884059,9.122584581402956,9.694373587630384,2,1,2,1,337.1918227724162,5.6625993248194995,0,True,-0.5717890062274282
MOL01465,other,232.51997699313546,-0.5856534924948629,1,1,53.56298204042308,3,1,-7.252443746325336,-2.01128736079719,5.2411563855281464,2.7489413612464864,7.253782139041413,4.467392673337884,0,4,0,2,323.40608319173987,3.9235628017705264,0,True,2.786389465703529
MOL01466,kinase,244.14801845339198,3.2240102137494002,4,4,105.7647178738736,6,0,-6.208023259729437,-1.8778424467914239,4.330180812938013,3.2651983312830906,9.256058046227976,9.61243352663613,0,9,0,1,478.51451908679655,6.035238509761695,0,True,-0.35637548040815403
MOL01467,kinase,309.39417727549335,3.489879383436323,2,4,57.42989090354681,7,4,-6.2715010220704,-1.7427008960800976,4.528800125990303,3.7075238243924624,12.382536913852036,13.758490306669197,3,8,2,2,515.6701995824974,7.75490300267866,0,True,-1.375953392817161
MOL01468,kinase,377.053503149531,2.304827023570244,1,7,99.24773640523227,5,2,-6.214765752165397,-2.4874493177355164,3.727316434429881,3.6303567396127647,10.980227779569551,9.695442594972338,0,9,2,2,469.4477181353244,8.004960608805554,0,True,1.2847851845972134
MOL01469,GPCR,333.0857833803115,3.9784094010903575,2,7,91.91071952439029,3,1,-6.635639487017943,-1.723855652823094,4.911783834194849,2.9192933114932362,9.54854475542872,10.422494160182563,2,9,2,2,514.6818244956496,7.877973389094269,0,True,-0.8739494047538425
MOL01470,GPCR,408.5567124010473,2.1120855862778685,3,1,25.71362259993229,3,2,-6.265683044293368,-1.0754409525995148,5.190242091693854,0.4879712327303338,9.680450865653752,12.676236752374152,1,1,0,1,243.64798504681434,6.004959868216882,0,True,-2.9957858867204
MOL01471,GPCR,284.4659036577531,1.3171660913938639,2,4,65.91669527417811,6,2,-6.216187156424178,-2.1134597620739344,4.102727394350244,1.9987707119795768,9.768746886453586,11.588362776454659,1,2,3,1,442.83725536900727,5.351456661611498,0,True,-1.8196158900010726
MOL01472,ion_channel,458.54550981849167,4.196617261440717,1,6,85.22719094450493,8,3,-6.390696658687432,-1.477303415689571,4.913393242997861,3.6229138857960352,13.997481687950163,17.458483648027997,1,8,0,2,438.262728029075,5.924994566151836,0,True,-3.4610019600778337
MOL01473,other,260.090661605014,2.2248661210752347,2,8,106.21210580033498,3,2,-6.588271691243258,-2.2275263339513462,4.360745357291911,3.948996586872822,11.10880241717598,11.392589951832408,3,5,2,0,494.75466586434993,5.889777543839992,0,True,-0.2837875346564278
MOL01474,GPCR,191.28505877182937,1.0477945858988302,2,9,96.8112426459066,2,1,-6.97446424388169,-2.781740277931086,4.192723965950604,4.477099310588728,10.23898753859727,12.241035601973799,1,4,3,2,335.4813697894321,6.210188047190947,0,True,-2.002048063376529
MOL01475,GPCR,529.4763773879121,4.075951806292247,0,7,59.50640070520851,6,2,-6.471579228981773,-1.5227333504508604,4.948845878530912,3.6262400721775974,13.789418192269565,15.151262871499727,2,4,3,2,351.86541782784485,6.340730799093293,1,False,-1.3618446792301615
MOL01476,protease,498.3489040776899,3.4707540526922394,1,2,32.06397186418049,2,2,-5.793833663877683,-1.8543041516084844,3.9395295122691985,2.0632663262361035,10.404483603861015,13.15113663501337,1,5,1,1,366.0243085991757,6.800154848706036,0,True,-2.746653031152354
MOL01477,kinase,496.8212068527931,0.8210617131658673,1,2,50.81368536354667,4,3,-6.755865284113231,-1.3969424591855248,5.358922824927706,3.2680771505750124,12.769571860383078,14.409007303844419,2,4,3,2,375.4405811261557,7.96841302453557,0,True,-1.6394354434613412
MOL01478,kinase,120.0,0.4337598739249011,1,7,111.65994491620205,5,3,-6.43342241680117,-2.8897564875983965,3.5436659292027732,4.118063989431297,8.873403230112606,8.24094833618468,2,1,2,1,331.6086541427499,7.57938273044074,0,True,0.6324548939279264
MOL01479,nuclear_receptor,525.5877545951537,2.399898509533654,0,4,25.209452925194284,5,2,-6.067630790400039,-0.9952581928992609,5.072372597500778,2.6929722008492005,12.713675697200522,15.17568603023858,1,3,2,1,427.4698836956971,7.656023676876283,1,False,-2.4620103330380587
MOL01480,nuclear_receptor,276.82242752493454,2.3608340110786106,2,4,54.0471287736134,4,2,-6.131089391228883,-1.8630396765715607,4.268049714657323,2.919542609073449,9.465809854712083,9.221000669684898,0,5,2,2,391.61520386722617,6.921126918959635,0,True,0.24480918502718474
MOL01481,other,342.2350673635716,4.012276630780442,4,4,83.7750971143501,7,1,-6.516771084670649,-2.014820416291185,4.501950668379464,2.7948510369243316,11.875730270812284,16.46671841887523,0,9,0,1,458.7032589193867,6.112119498204065,0,True,-4.590988148062948
MOL01482,GPCR,357.612817745267,2.0939485811504976,0,5,57.4730261126641,4,1,-6.176637900307098,-2.704711317956135,3.471926582350963,1.6090075411253304,8.721689525396059,12.14089734857194,3,3,1,1,361.685005629288,5.8203552676127615,0,True,-3.4192078231758813
MOL01483,epigenetic,336.66254393401965,3.2993509520225537,3,2,31.43228299031997,2,4,-5.684114173970129,-1.7746184144418564,3.909495759528273,2.3036252812169034,10.22408258962522,9.056259682959869,3,3,6,2,375.9187705851798,7.917392411503621,0,True,1.1678229066653518
MOL01484,other,538.6125289207318,3.291209381121146,1,5,67.06563126348998,3,0,-5.971676002433713,-2.518381383131649,3.4532946193020644,3.3847794021693973,12.478754783397944,15.699481557987468,1,1,0,2,357.3723291026552,6.905701621729083,1,False,-3.220726774589524
MOL01485,protease,405.56377608162904,3.4349409373962487,1,4,56.498934586780074,3,2,-6.142685959125967,-2.4495792319187903,3.693106727207177,4.213145448427197,11.79009212975077,13.864390586412535,1,1,1,0,383.314458139754,6.808816765540076,0,True,-2.074298456661765
MOL01486,kinase,386.42070511012577,2.416153020780998,1,5,99.58046677966614,6,2,-5.824013941173514,-2.6520954141297057,3.1719185270438084,5.285942338610728,13.950271463662643,15.701828339257526,0,5,1,1,386.5184044320799,9.197256198310415,0,True,-1.7515568755948827
MOL01487,PPI,493.3596641771903,1.3001219830918724,1,5,54.70599029582305,5,2,-5.806201318351263,-2.948032165468658,2.8581691528826054,2.658319185059379,12.202196681193717,14.106687424279134,1,4,2,1,393.34148382849304,6.026671246418669,0,True,-1.9044907430854163
MOL01488,GPCR,397.4090923645625,2.767196853344202,2,5,86.69161377529815,6,2,-6.403925676628489,-1.1317744436576327,5.272151232970857,3.360565332991664,12.209788609208097,14.182009456490515,0,4,0,1,261.8296744438146,4.085740574313604,0,True,-1.9722208472824185
MOL01489,kinase,133.61108079250008,3.0724264236984107,3,2,39.23229533731792,7,3,-5.742888664406941,-2.8301806829638245,2.9127079814431163,1.903085649406948,8.745059495432095,8.419050904099498,2,3,2,1,442.25320622943366,5.97184581406667,0,True,0.32600859133259696
MOL01490,nuclear_receptor,533.4825078515802,5.5066126304003875,2,6,81.21412888955803,4,2,-6.064527054798844,-2.753447229857893,3.3110798249409505,2.81545308293437,14.12185458311502,14.437421603903594,0,9,1,1,312.18492696595035,7.562134360868541,2,False,-0.3155670207885741
MOL01491,protease,545.226721752038,1.8059069540365549,4,5,99.67628613405677,6,2,-6.322190510687172,-1.8423888318956485,4.479801678791523,4.349383432362909,16.06622524070588,18.09148826436041,3,3,1,1,385.51454097844754,8.006566626592933,1,False,-2.0252630236545315
MOL01492,PPI,444.43320288902396,2.3114109673955436,0,5,69.32043401880527,4,4,-6.524743092880127,-2.143246293113323,4.381496799766804,1.9311097364598107,10.692014939710507,14.434158814656474,0,2,4,0,434.1484643244677,6.905843598342183,0,True,-3.742143874945967
MOL01493,kinase,607.5610491127522,2.5119383908681425,0,4,70.69224846181075,5,1,-6.640069382456538,-1.9102529021470982,4.72981648030944,3.3219747004269538,12.878561806072957,19.06437360659306,0,3,0,1,392.8170104802466,5.818305440752763,1,False,-6.185811800520101
MOL01494,kinase,457.2819692426065,3.6769662964133842,1,4,61.48603413656103,4,3,-5.93130141775501,-2.0719123299495714,3.859389087805438,2.9285338554557643,11.506701800146306,13.942655727258966,2,7,0,2,426.5416226840375,8.856701111718536,0,True,-2.43595392711266
MOL01495,epigenetic,215.298970543656,2.899292236816565,0,7,99.23196187748701,3,0,-6.324382205483841,-2.931186614399268,3.3931955910845724,3.4488287337728827,7.745949373521156,4.86929511999274,1,2,0,1,271.3577338595941,5.376376012530148,0,True,2.8766542535284154
MOL01496,nuclear_receptor,511.3875185765602,1.1181391654615866,2,3,54.818334070470605,3,1,-6.252915290294938,-2.241519476515542,4.011395813779396,1.2035756600388108,11.117417163931872,13.372736152748054,0,3,0,1,369.65556149023416,8.903202060245377,1,False,-2.2553189888161818
MOL01497,epigenetic,619.7275101165214,2.5833982792645283,4,5,97.53610188882551,2,1,-5.866230866155817,-2.4132171531901734,3.4530137129656437,3.301707700062268,14.663480870349392,16.8908809491852,0,4,4,1,445.9539477468164,5.652707200862343,1,False,-2.2274000788358066
MOL01498,PPI,568.1619527200618,1.9402480148742367,1,8,104.35540997220346,6,0,-6.511991545900414,-2.087105653993672,4.424885891906742,4.439501277530019,14.449887812169058,12.961250817128725,0,5,0,1,341.1249146627958,4.650192125394893,1,False,1.4886369950403324
MOL01499,protease,364.0888745755707,2.904738269307387,1,4,81.7773298984523,9,2,-6.388473746596663,-2.5367622242859036,3.8517115223107594,3.468093889804269,12.08672666957085,11.97761919975093,0,1,1,0,373.7399174491384,5.640615828173709,0,True,0.10910746981992148
MOL01500,ion_channel,283.7901812348462,2.609344739358833,2,4,66.15715755266264,4,6,-5.937839749003267,-2.4407597693423235,3.4970799796609433,3.005171220939197,11.929581634659092,14.649343050235837,0,5,1,1,445.1351728983873,6.827156346544244,0,True,-2.7197614155767447
MOL01501,epigenetic,263.2232147867497,3.7393526150835967,1,3,19.76268749988968,6,2,-6.297621781469856,-1.2020331185294626,5.0955886629403935,0.7891091799358264,8.198035687441735,8.3735230662743,1,10,1,0,487.40306508168294,9.178140426056597,0,True,-0.1754873788325657
MOL01502,GPCR,151.38857785796932,2.286846846496373,2,3,80.46746605937899,8,4,-6.624321450400256,-2.1821240370722443,4.442197413328012,3.7599512991300723,10.558674367704077,10.470116312217609,1,3,2,1,469.850214116704,5.096822229489678,0,True,0.08855805548646778
MOL01503,PPI,335.4652346201469,3.796271276266529,1,6,95.7486240634865,3,2,-6.96031351241325,-2.6012213181061656,4.359092194307085,3.1089617017758036,10.225797854836571,10.786728274533825,2,6,2,1,482.8167417199829,7.100108101447588,0,True,-0.5609304196972538
MOL01504,kinase,418.00904577959204,2.418684169391987,0,7,83.65881016634822,4,1,-6.592085647187172,-1.6245832065886576,4.967502440598515,4.687205016876896,11.373648433740472,13.691822276261886,2,4,0,2,414.42636109725396,7.680241763531397,0,True,-2.3181738425214142
MOL01505,kinase,571.5259949228455,3.5439526823368808,0,6,52.398119988288265,6,1,-5.58746735326055,-1.1263764856249012,4.461090867635649,3.051928406943343,12.566642155347381,13.589637863533731,2,5,2,1,400.9482961267081,6.197982252829099,1,False,-1.0229957081863503
MOL01506,ion_channel,410.1525878669659,3.6525968970126947,0,4,46.95892143404826,5,3,-6.422901797740163,-1.162769223905597,5.260132573834566,2.7515688646727994,11.457987274451057,14.024854487643012,0,11,4,2,506.17184741627085,8.08013049385685,0,True,-2.566867213191955
MOL01507,GPCR,271.49303085715127,4.169253501299947,0,3,45.41363260639839,5,4,-5.497420901734443,-1.8181380610449576,3.679282840689485,1.9338359020881108,9.42058532211392,10.097541135261816,0,3,3,2,412.94625144637894,6.8548113956244645,0,True,-0.6769558131478952
MOL01508,epigenetic,389.040458011435,3.2571877161179805,0,2,50.510508964660424,6,3,-6.4161156315431755,-1.2582770382158452,5.15783859332733,1.4562468490519074,10.931561137949027,13.699228819973678,0,7,3,2,425.9053078873099,6.719617508213687,0,True,-2.7676676820246513
MOL01509,kinase,438.8842007804409,1.1259544865210533,3,10,113.95742638029408,5,0,-5.964336904512487,-2.2765092718180417,3.6878276326944457,4.721770181484923,15.434138525996252,15.890683471671753,1,5,0,1,305.20767333216344,5.514097852513523,0,True,-0.4565449456755015
MOL01510,kinase,339.2697248985954,1.6635272048839145,3,2,19.803320432698946,4,1,-6.255723785112244,-1.4199538017193245,4.83576998339292,1.9917002825074028,9.154990953968582,9.901399075211739,1,5,0,0,316.7433950293683,7.9146050366997045,0,True,-0.7464081212431566
MOL01511,PPI,277.18296191454704,4.202702052601404,2,9,105.48846214048099,1,1,-6.640878300907049,-1.4326104899208485,5.208267810986201,5.004928827536636,11.920946954267565,14.627800051150452,1,4,2,1,347.9241701434158,5.6679344836664365,0,True,-2.7068530968828863
MOL01512,GPCR,283.04305154195447,2.1560422001985273,2,5,83.14361512179619,4,2,-7.203230111746516,-3.0681411346344567,4.1350889771120585,2.6890562448335533,9.94142831254015,12.848702107309565,4,5,2,1,423.44675742917093,8.05799998298511,0,True,-2.9072737947694147
MOL01513,protease,316.3683782708962,4.791336281352747,3,4,90.52035406058656,6,0,-6.4399598158666285,-1.0894440406755201,5.350515775191108,1.9815784137897785,9.63849347429527,12.714776350707423,3,8,0,2,483.04340108477777,8.238391416840512,0,True,-3.0762828764121526
MOL01514,other,177.62906712106786,1.7982508194625506,1,7,96.49492224740017,3,2,-6.179798671530563,-1.8414459688012346,4.338352702729328,3.294259272338419,8.411728515465889,10.908926193737756,0,3,0,2,242.36270316877335,5.71404639567285,0,True,-2.497197678271867
MOL01515,ion_channel,316.82447866559863,2.1964369134450763,1,7,75.35554075072669,6,1,-6.927010473878047,-2.1053247806972126,4.821685693180834,3.616681839293462,11.530961518830724,12.65558015636277,0,8,1,1,412.50781053142623,7.299071227436076,0,True,-1.1246186375320466
MOL01516,kinase,368.4864255811747,0.8530791872073933,0,5,74.69405937270808,3,2,-6.705459329109619,-1.9763250812608044,4.7291342478488145,2.4026825079229863,9.908811360759735,12.422891356312817,0,2,3,2,431.0582368645022,5.635190983564004,0,True,-2.5140799955530824
MOL01517,epigenetic,522.9110727653418,3.3077319416225635,1,7,83.17402560946115,6,1,-6.428561782379731,-2.2548666641716983,4.173695118208032,2.345841284870788,12.035916179154666,13.467995440668721,2,5,0,1,512.0973560041322,6.50180116023795,1,False,-1.4320792615140547
MOL01518,kinase,498.3419267648252,3.262079030646437,2,7,105.4195047805768,3,2,-6.359897959525987,-2.144075748653031,4.215822210872956,3.2719602688134186,13.543969293247377,16.125102642358048,2,6,2,1,478.7459068228539,6.750000718837897,0,True,-2.5811333491106705
MOL01519,kinase,561.347758136299,3.7669954861446646,0,7,74.83691706201684,6,2,-5.953325523154313,-2.0602084122075954,3.8931171109467178,2.8164762735838393,13.14177038333238,15.430436942999492,2,12,4,1,579.9649523393573,6.839217128676498,1,False,-2.288666559667112
MOL01520,PPI,318.88864378632553,2.184805304613052,2,4,48.882234603770435,2,3,-6.171935816486354,-2.0239868898335134,4.14794892665284,2.207406599422593,10.163342581564883,12.236549456114462,1,6,3,1,402.3011927327032,5.479638121157787,0,True,-2.0732068745495784
MOL01521,GPCR,467.323923512528,2.662652403062106,1,3,76.49737816464577,17,7,-5.825831481106492,-3.117244411717243,2.7085870693892495,2.3554952889223113,17.659082174843086,24.777581839651713,0,5,4,0,508.08641741844446,7.157053098912427,0,True,-7.118499664808628
MOL01522,kinase,298.77038185176883,3.797393136419722,2,9,112.63703732696452,6,0,-6.377271398527186,-2.369901664212135,4.00736973431505,4.075666398447848,10.757067257350286,12.868329073834616,5,3,0,1,402.9870905146644,5.8144951894840595,0,True,-2.1112618164843298
MOL01523,kinase,215.47216774274662,2.360096385239151,5,1,35.84091780535534,3,2,-5.161221953267458,-0.8228407917654809,4.338381161501977,1.8017032263695258,6.470989772190672,9.435787261048983,2,3,1,2,391.6295078312619,5.877197865728156,0,True,-2.964797488858311
MOL01524,kinase,374.6339033490328,2.1883671989431797,2,5,73.01983388919186,8,2,-6.778381898125613,-2.0055282017856495,4.772853696339964,3.4240160868682348,13.232114603861751,16.687467367221977,1,2,4,0,422.0713187589146,5.952288689969891,0,True,-3.455352763360226
MOL01525,protease,120.0,2.6214367720473057,1,8,103.87808047489591,5,2,-6.277338389550854,-1.8027500772490799,4.4745883123017745,4.359136753177398,9.306909131760541,7.633542381428109,1,8,0,1,402.8461678857645,8.883188641590294,0,True,1.6733667503324323
MOL01526,nuclear_receptor,405.3549186519467,2.995178497932389,5,5,117.95386756501671,10,2,-6.424682270771529,-2.5344359346854004,3.890246336086129,3.0240597933342563,14.250063030925768,15.739078590338652,4,4,3,2,432.50152948501864,6.168001245130465,0,True,-1.4890155594128842
MOL01527,protease,120.0,2.598811877978522,1,5,33.39984661298562,8,1,-6.3511954750286455,-1.0805441166164045,5.270651358412241,1.3166416053419592,6.820720922129112,5.04947442563377,1,2,1,1,322.97354503198324,5.713869023673017,0,True,1.7712464964953423
MOL01528,protease,259.95401390338077,2.3417663572581953,1,6,83.88549724678872,6,0,-6.19572467387636,-1.9132042493412045,4.282520424535155,3.249385431371083,8.519379074342513,13.293541068798682,0,2,0,0,379.59874239353724,5.4132067516790725,0,True,-4.774161994456168
MOL01529,protease,341.04694340076327,2.90101262268369,4,4,89.83463715832282,8,0,-6.120683697979215,-2.5752894807200892,3.545394217259126,2.5627672833777497,10.87591812283092,12.154301851878959,2,5,0,2,342.647358885687,6.8322701050693055,0,True,-1.2783837290480395
MOL01530,nuclear_receptor,252.88043847293875,2.1698072158193877,2,4,73.10225643508151,6,5,-5.96962481349079,-2.5771519969369985,3.3924728165537914,2.3183258404673723,10.885846568290612,13.131717745060572,2,3,1,1,461.38695363424483,7.989019963159554,0,True,-2.2458711767699597
MOL01531,kinase,349.8643331623575,1.2798994157186268,1,3,63.76837590452952,4,3,-6.654675024295025,-2.545752986771001,4.108922037524024,1.9913686736244798,10.362870215829659,13.005681242162794,1,4,1,2,455.6245619543782,8.280222031725232,0,True,-2.642811026333135
MOL01532,protease,332.6241315043635,0.3660016126520955,1,3,56.77484809465754,8,3,-6.527959764504366,-1.8736033094665556,4.65435645503781,1.6831433839463992,10.691347550173461,8.94238776324939,0,4,2,2,502.24334197942625,6.5265247608272645,0,True,1.74895978692407
MOL01533,nuclear_receptor,392.6016921893952,3.148576147405235,2,5,64.37372623705703,3,6,-4.709817045756834,-2.3047024496991098,2.4051145960577243,2.755305161038075,13.370374149244217,16.899810062046928,1,9,1,1,448.55003809097377,5.360065112411993,0,True,-3.529435912802711
MOL01534,other,377.6665561356372,2.1018102282370874,1,4,42.645059573981136,4,1,-6.37266029073161,-2.2866953547290496,4.0859649360025605,2.056568941452589,9.161977589758381,11.390125035813291,2,7,2,2,351.2525312352631,7.111298190940285,0,True,-2.22814744605491
MOL01535,other,311.12478819742154,1.9274224581041333,1,2,53.133469123203845,8,2,-5.555777070586898,-2.725800682483268,2.82997638810363,2.5967133315635342,11.365933119527968,13.061311463701943,1,2,0,0,264.51732980097114,4.151062070766478,0,True,-1.6953783441739745
MOL01536,epigenetic,347.04529238040914,2.2006282300485416,3,3,65.46531842096097,8,3,-6.0337601997681745,-2.198859868938944,3.8349003308292304,3.312121390260647,12.987374373682767,16.056186366171918,3,8,2,1,503.53475582517365,7.407742025488552,0,True,-3.0688119924891506
MOL01537,epigenetic,382.06644516989235,0.36933092993929684,1,3,69.00020509775285,6,1,-6.519138733762523,-2.241778433699838,4.277360300062685,2.1931785832351283,9.423702542197386,10.598366309624199,1,4,2,1,547.4108584250326,4.4985145655549035,0,True,-1.1746637674268126
MOL01538,protease,337.95347381931,1.2784504091833941,0,7,62.624650111011825,5,1,-6.520380028879337,-1.9516517591325517,4.568728269746786,2.4575466167652595,8.458709239888503,7.606977005532668,1,4,0,1,337.44324974541985,4.852345790617857,0,True,0.8517322343558344
MOL01539,protease,471.90436605085824,3.010358427887774,1,3,55.778142792423836,10,1,-6.591748709533629,-1.1400161468674752,5.4517325626661535,0.6560638033379329,11.788252329404946,15.175176661903782,0,6,1,0,468.0089442166748,5.200948208228328,0,True,-3.386924332498836
MOL01540,kinase,263.2608964313872,2.144768339215787,1,8,114.05370791386402,5,3,-6.732806712904143,-2.7358192312483043,3.9969874816558386,4.481348321199668,11.988708593703272,11.823289645742086,0,5,0,1,379.25324805895747,7.4618052367808545,0,True,0.16541894796118584
MOL01541,ion_channel,161.28745564567367,3.665694279384428,1,4,61.11779401536452,7,3,-5.809796121179174,-2.2346142298642713,3.5751818913149025,3.566681056038653,10.280945353930797,9.985960223377436,0,1,2,1,488.8394059754677,6.972901740816731,0,True,0.2949851305533606
MOL01542,other,263.80627160867334,1.8250247677864553,2,2,56.88578982702355,5,4,-6.3242173661315215,-1.7287510128833996,4.595466353248122,2.036720757217346,10.583149915308724,11.587594000189203,2,6,7,1,641.0076122692446,8.9360317107077,0,True,-1.004444084880479
MOL01543,other,253.08414914130952,2.825066035270122,0,5,73.92866170030612,4,1,-6.52671131894149,-2.0561073077867005,4.470604011154789,3.7314259647514674,8.680836891343374,11.705948888211664,1,5,0,2,303.8023037438371,6.675377486468572,0,True,-3.02511199686829
MOL01544,GPCR,348.8850320395144,1.6503466232793127,1,7,97.11583372637612,4,0,-6.948202167773617,-2.856259589219799,4.091942578553819,3.132201497423746,9.991150427206088,14.661039588182998,1,4,1,0,323.57463870279065,6.7535945625726335,0,True,-4.6698891609769095
MOL01545,nuclear_receptor,301.7208176590601,4.823209116688064,4,3,27.128422700528347,3,2,-5.9866823830176275,-1.3583179221808672,4.62836446083676,2.0434321708414815,9.015715788497308,11.847975587133915,3,8,1,2,455.7640551807927,6.662269317414493,0,True,-2.8322597986366063
MOL01546,GPCR,348.16133330231435,-1.5,1,6,84.78844438053473,5,2,-6.837344432136705,-1.8104779868515792,5.026866445285126,2.765087898412723,10.725772242031292,8.719898898255334,1,3,1,2,322.34259852975117,6.9955705913533786,0,True,2.005873343775958
MOL01547,nuclear_receptor,222.51572793355479,1.7922408920418533,3,5,54.822934900515435,3,1,-6.096328842767711,-2.3003688295115827,3.7959600132561286,1.5457568157707262,7.719041612674297,9.687708385161166,2,6,0,1,480.08855893358634,4.875966579671442,0,True,-1.968666772486869
MOL01548,epigenetic,352.1811981755914,1.7457778496159495,1,7,73.93796708043706,2,1,-6.378088869058017,-2.6690628546934363,3.7090260143645803,2.888080979690903,9.928096738334455,11.291602782316174,1,8,0,1,433.1049771019642,6.93405676922258,0,True,-1.3635060439817188
MOL01549,PPI,367.21516074030677,2.122903977636752,1,11,113.3479499243459,6,0,-6.302727828231118,-2.182778410657706,4.119949417573412,5.190974041503284,12.947315755992229,11.18861869903075,0,2,0,2,446.25678645128187,5.59441796647395,1,False,1.7586970569614788
MOL01550,GPCR,222.7459182360704,3.2969836015610823,3,3,55.67534605914506,6,2,-5.422487651395034,-1.6110895670740115,3.8113980843210227,2.5531936744737562,9.97868995714101,11.15072201770551,2,6,3,2,340.247460959822,5.885560534140762,0,True,-1.1720320605645007
MOL01551,kinase,214.93525125178027,0.7220111109488152,0,5,70.26852356675023,6,1,-6.626061002503323,-1.9354174934507453,4.6906435090525775,3.001310142266693,7.990098175638474,9.682322028226885,0,2,0,1,413.01496959944797,4.063367181027735,0,True,-1.6922238525884108
MOL01552,ion_channel,384.7473765163896,1.2701064444429613,1,5,71.93515694046616,3,4,-6.811869785877405,-2.957737940949755,3.85413184492765,1.453585962142669,10.453973170948842,11.602648579599302,1,8,3,1,484.88821097063664,7.294609524639722,0,True,-1.14867540865046
MOL01553,kinase,285.1199668063657,0.6982898492298892,2,6,76.81037433147111,6,1,-6.614124902903861,-2.3037711662989224,4.310353736604939,2.437280866108658,9.669769549198174,7.130544593393382,2,7,2,2,404.2761124586227,6.071538240843748,0,True,2.5392249558047917
MOL01554,GPCR,572.7712479578827,2.2893512971126033,2,5,89.7444040593468,4,1,-6.7034269984851305,-1.6943913265265538,5.009035671958577,4.169414579256215,14.616707794967839,16.390653461135436,2,5,2,2,360.6532772994842,8.147497149737431,1,False,-1.773945666167597
MOL01555,kinase,236.22998208656537,0.3452110970786606,2,4,59.52205463261987,6,1,-6.804573158497197,-1.5836374652756593,5.220935693221538,1.9084547233846387,8.726863514721071,11.06063395078932,1,3,0,0,352.35818501285075,6.324122658729114,0,True,-2.3337704360682494
MOL01556,epigenetic,465.53339241060246,3.226911190742609,2,9,131.04302916694917,3,1,-6.69286644820661,-1.9529829169678266,4.7398835312387835,5.257995986176707,14.479790358643948,12.738684842553141,3,11,1,1,564.177486659783,6.963177458460559,0,True,1.7411055160908067
MOL01557,nuclear_receptor,212.8845370549703,5.732670894724798,0,4,67.80048979041722,7,3,-5.985270642392281,-2.5011568567996765,3.484113785592604,1.5393219920463335,10.151226132537753,10.710308653076488,1,5,4,2,446.20841114935223,7.666871057271241,1,False,-0.5590825205387357
MOL01558,GPCR,286.0445967949561,1.4500721395293408,1,2,66.05237756402929,2,1,-6.366881534406117,-2.1584625207228765,4.2084190136832405,2.500324562186265,8.51190812141516,9.563864128128294,0,4,0,1,418.1109097901654,3.9073572284629767,0,True,-1.0519560067131337
MOL01559,PPI,214.68982414758017,2.5330610804244893,1,7,78.29180836831299,3,1,-6.416443909593283,-1.7883095727129916,4.628134336880291,3.176991571343902,7.853435234500032,6.824973992835261,2,3,2,1,467.33524041085195,6.545946182647187,0,True,1.028461241664771
MOL01560,kinase,374.2048549354374,4.240371966432129,0,0,16.08257077824268,7,3,-5.356212720184782,-1.3859076700264468,3.9703050501583355,0.9736496992410504,10.92804662786242,12.785577681669409,0,0,5,0,347.42125977113443,6.040899142107562,0,True,-1.857531053806989
MOL01561,kinase,495.6125579065829,0.9567073581818903,1,6,76.85997244734541,8,3,-6.379424504048686,-2.6354924308946353,3.7439320731540504,3.6884788068517773,14.918400839966822,16.20048884128259,0,1,0,0,393.20425636307243,5.994774356559368,0,True,-1.282088001315767
MOL01562,kinase,327.3299365813272,2.412660310370677,4,1,70.57423094407781,7,3,-5.666122631792377,-2.4090732289924817,3.2570494027998955,2.8776875269299955,11.94956174459813,11.651074396143775,0,5,2,2,326.08433453810176,7.9732942317982145,0,True,0.2984873484543549
MOL01563,kinase,385.21058288039904,2.484032995061199,1,3,48.63231446744573,7,3,-5.89308714165247,-1.3926583854168644,4.500428756235605,2.399475558786716,11.323029122064627,13.987283384383174,0,7,0,1,363.54068347562,5.386409577708846,0,True,-2.664254262318547
MOL01564,nuclear_receptor,325.44104807939226,3.447624033948046,1,1,21.737753609575535,3,3,-5.857130552213574,-1.9313182400662097,3.9258123121473645,1.6984868119255296,8.766585927331507,10.607471318155811,2,7,2,1,384.0635133097102,8.384874989542563,0,True,-1.8408853908243046
MOL01565,nuclear_receptor,392.49075874902024,2.582404181877334,2,5,90.73200199618329,5,0,-6.614045534254235,-2.1213788365807464,4.492666697673489,2.3294218817017907,10.733037946638522,14.071776490536996,2,5,1,1,434.12891954648376,6.96179645016491,0,True,-3.338738543898474
MOL01566,nuclear_receptor,343.44771632211405,2.5330805804906866,0,7,76.81218752489393,3,0,-6.563540046988359,-1.5396480851959722,5.023891961792387,3.642528245024526,9.222963043388171,11.622638814983128,1,4,0,2,411.67085095988296,7.175379949418825,0,True,-2.399675771594957
MOL01567,protease,196.23085755352238,1.2906113625797435,5,5,84.21444650762842,5,3,-6.4550502893900745,-2.156586022946764,4.298464266443311,4.777926758649601,12.5219503206535,13.091089414475116,2,5,0,0,320.9232622446356,5.277888464670926,0,True,-0.5691390938216152
MOL01568,protease,431.5303573707222,3.81570436375329,2,3,58.26812375259214,6,2,-6.1908026355761425,-1.6540679358563952,4.536734699719747,2.0500371431801647,11.91866297545958,16.998404025596535,2,8,1,1,427.67255083362807,8.242536016179766,0,True,-5.079741050136956
MOL01569,GPCR,285.1499131879377,1.85581716105994,1,2,48.20614619075909,1,2,-6.08540087990042,-1.724048650066898,4.361352229833522,1.7621366026993321,7.365697063689588,9.901550426040796,2,7,0,2,479.98107628824897,4.327380827755101,0,True,-2.535853362351208
MOL01570,other,264.7391598392235,2.5716439208197275,0,3,57.79576620168589,4,5,-6.290193171577859,-1.8150844328784805,4.475108738699379,2.441050374247251,9.34114503811859,12.254526008835644,0,8,2,2,458.1127139096189,7.457686220792258,0,True,-2.9133809707170535
MOL01571,nuclear_receptor,413.39942671243534,3.0018961291030797,1,3,45.93066878861774,5,4,-6.167887716206708,-1.962444020212163,4.2054436959945445,2.085804199576026,11.678165002436694,14.070422529095849,2,9,0,0,499.47539512678844,6.6520985377531705,0,True,-2.3922575266591544
MOL01572,epigenetic,277.2688122854473,3.338599998665353,2,8,75.35551152819863,5,3,-6.531171666012213,-2.164933479772942,4.366238186239271,2.9545432344508837,12.422610525766482,14.8321127669629,1,4,3,1,467.461896369106,6.864353519177394,0,True,-2.409502241196419
MOL01573,ion_channel,314.03299471790217,3.7008927176773065,1,6,68.92643819262452,5,1,-5.803234229067154,-2.0709099678260516,3.7323242612411027,2.0012721196171133,8.501494082458187,12.83966644819039,2,6,0,1,355.9213469773333,5.980560286098563,0,True,-4.338172365732204
MOL01574,epigenetic,466.9214235262963,3.0437491201737927,0,6,82.75405307597796,7,1,-6.113426776239762,-2.7788195907116924,3.3346071855280695,3.0236980030495624,12.690463138729546,13.69574023186211,1,5,1,2,377.53716757704086,4.9576644180958205,0,True,-1.0052770931325643
MOL01575,PPI,471.2228369685777,4.512793774789668,3,7,103.68931337882823,6,2,-5.7961909517153165,-2.550590704284892,3.2456002474304246,3.3127961268643706,14.803638425389833,17.840696481752964,2,6,3,1,529.087503415777,6.599870332075993,0,True,-3.037058056363131
MOL01576,kinase,394.08180516737957,3.883559724558178,1,4,73.54008085452435,8,2,-5.431859448766028,-1.4253288004988849,4.006530648267143,2.0904707619129943,11.037332034519398,11.199633186599446,1,6,3,2,479.4039023545159,6.125670169463484,0,True,-0.16230115208004747
MOL01577,nuclear_receptor,386.1652484668781,4.418772906415057,2,4,46.92726443035188,3,1,-6.087722845257833,-1.6116938628667317,4.476028982391101,1.9614654610152393,9.382483660955787,9.733782652335625,1,7,2,1,421.07732234646943,5.248050945992415,0,True,-0.35129899137983855
MOL01578,nuclear_receptor,296.0513833880981,2.1960811103998994,6,2,65.97578483349736,6,1,-5.995486990623924,-0.9557809047519158,5.039706085872008,2.9707882426772745,10.917772374146852,11.131571956841677,1,6,0,1,446.8031276399678,7.733050804745691,1,False,-0.21379958269482557
MOL01579,GPCR,641.5152024417048,1.7596799475240068,3,2,57.73660946856102,4,2,-6.446582498029614,-0.960053660906181,5.4865288371234335,2.3519398822254205,14.159423687878988,15.027607286605395,0,5,0,1,265.917247298874,5.7713002833465765,1,False,-0.8681835987264073
MOL01580,ion_channel,463.03894739508746,2.1006102590779814,2,5,79.886692969688,8,5,-6.34938141863312,-1.9159260782530934,4.433455340380027,2.8175694293569356,14.482773796673134,18.967186981166122,0,3,3,0,397.4069820956289,6.921913170991002,0,True,-4.484413184492988
MOL01581,PPI,339.9531382001094,1.663209546425235,2,4,78.8308490978151,5,2,-6.782542957098922,-2.4698462983947316,4.312696658704191,3.5114090752219917,11.740761276966001,14.734600527076669,0,7,1,2,419.0370758768184,4.818114364198425,0,True,-2.9938392501106676
MOL01582,protease,180.35705258874682,4.505162392039003,0,5,78.00710499428217,3,2,-6.687426412183491,-2.5860075913424474,4.101418820841044,3.4865222474650492,8.02665900750264,5.458436835058157,1,11,0,1,428.3677646421757,7.188727411114212,0,True,2.568222172444484
MOL01583,GPCR,262.9414013582912,2.543687618016855,0,4,58.34160562652248,7,2,-5.3654931185444825,-1.6568804721713808,3.7086126463731017,2.1699729557864136,8.844224479126078,8.332044550784381,2,8,1,0,434.1529919616221,6.797781197307769,0,True,0.5121799283416966
MOL01584,nuclear_receptor,490.19042532472804,1.868953207071164,1,7,78.68834860399771,3,3,-6.547906646236632,-2.0496382687031103,4.498268377533522,2.271947802241316,11.653948996658984,12.166640011097625,3,3,2,1,367.1114008872747,4.582514456962342,0,True,-0.5126910144386407
MOL01585,other,465.2134540366636,1.3888005618806916,1,3,42.649093426530584,7,4,-5.567167840659407,-1.9760752501752734,3.591092590484134,1.553244178070069,13.600200789928907,15.033100241869077,0,1,0,2,283.6888887830626,5.785785037814284,0,True,-1.4328994519401697
MOL01586,kinase,418.68337020150403,0.8374182104570569,3,6,70.54909681086204,2,0,-6.04416875630592,-0.9435969365827884,5.100571819723132,2.5031026155863616,10.665813808540886,12.061498686883873,1,2,0,1,302.2379733712172,4.530733709782854,0,True,-1.395684878342987
MOL01587,protease,484.75514317022896,2.382726921919547,0,8,108.47761400734205,2,1,-6.477855639759411,-2.7047354332681195,3.773120206491291,3.946531336729697,11.214034459911973,15.422173248520776,1,5,0,2,321.66089016347473,4.506381528880277,0,True,-4.208138788608803
MOL01588,protease,348.0649743152677,2.275261147802429,1,7,98.31213738057895,6,3,-6.445759815649783,-3.1373448682167884,3.3084149474329947,5.163805400414933,14.966204038778386,16.413128246640614,3,4,1,2,394.0907532350482,7.4500481974790205,0,True,-1.446924207862228
MOL01589,PPI,563.3288393972921,3.4548134765242535,1,4,53.57058870088783,1,4,-5.811205983593816,-1.8898388910440775,3.9213670925497386,3.3914182399632673,13.584302775833446,16.599355747076665,1,10,3,1,477.71335403261025,8.03484138823411,1,False,-3.015052971243218
MOL01590,nuclear_receptor,312.10202748622373,3.5726542988839975,1,4,55.2292949865555,5,1,-6.392666921029525,-1.86150177138954,4.5311651496399845,1.539943184669537,8.301131268220699,10.592159170803583,1,4,1,1,409.7429311672711,5.984476007131807,0,True,-2.2910279025828846
MOL01591,nuclear_receptor,323.9523000338026,2.0711692114174856,1,5,33.74342634081474,5,3,-6.364204775732575,-0.8808172637701535,5.483387511962421,2.7347653148294464,10.621377984687193,13.353990105927746,0,4,1,1,393.89666993021484,7.637505473875775,0,True,-2.732612121240553
MOL01592,kinase,234.7512100984699,3.3244778537245927,4,4,91.71830266756228,5,2,-6.252103896809469,-2.4463339540640354,3.805769942745434,3.3190468366428445,10.310075841039387,12.288742714025453,1,6,2,2,346.80823453907703,6.955392750121223,0,True,-1.9786668729860661
MOL01593,kinase,214.50172126696646,1.6516603124362188,3,5,63.593678914436275,5,2,-5.752236983192102,-1.511231072180987,4.241005911011115,3.4308215506461486,10.05209557532449,11.193090680716892,0,5,0,2,282.3980479697376,6.915525306429328,0,True,-1.1409951053924026
MOL01594,kinase,252.54447839791032,0.644906689852194,1,10,98.41274884680946,5,3,-7.085930164142358,-2.7569300276043895,4.329000136537968,5.143642335008457,13.188272009179205,14.13210580997767,2,4,1,0,315.42144387609153,7.906023762104395,0,True,-0.9438338007984655
MOL01595,kinase,635.757318831594,5.138949817496934,4,6,92.88338354254623,8,3,-6.003714621984413,-2.6790619533762707,3.324652668608142,4.420652436712718,19.539186933963812,21.18800039642386,1,6,4,2,496.20746458557966,8.327237391612629,2,False,-1.6488134624600477
MOL01596,kinase,245.20262688160133,3.897893199310724,1,7,77.3866072384721,7,1,-5.955042414258471,-2.0551181642963154,3.8999242499621554,3.4177159788079123,9.595542236951342,9.267702464435526,0,4,1,2,260.83400073555697,5.674611716973944,0,True,0.32783977251581575
MOL01597,kinase,190.1969384586264,1.6145004864846206,0,2,31.07205014739093,8,0,-6.768024747913574,-1.4220903423617564,5.345934405551818,1.7656275034865496,7.726935864245006,6.732579585124172,0,4,0,2,367.8269710465258,4.988751517681991,0,True,0.9943562791208347
MOL01598,nuclear_receptor,396.7194230510166,5.174129418326136,1,8,93.3836801989851,6,3,-6.0026594084564024,-1.8357465661196573,4.166912842336745,3.8590229317610625,14.119046655750031,15.114498591512538,0,9,4,0,524.5342751393341,7.197634502204976,1,False,-0.9954519357625067
MOL01599,protease,435.9254723901827,2.3545904531663435,4,0,31.904275938633337,5,2,-6.203597282528591,-1.3403143130429194,4.863282969485672,1.142336494483904,10.681867412627941,13.415272293392835,1,6,1,0,464.95413100274277,7.092270831232355,0,True,-2.733404880764894
MOL01600,ion_channel,414.1860809862959,1.3186762090570698,2,4,51.43020920553296,4,4,-6.682597729412958,-2.093769598316528,4.58882813109643,2.5647796093869113,11.694306153482719,13.941221366372062,1,4,4,0,490.27757018719586,4.357799844686684,0,True,-2.246915212889343
MOL01601,epigenetic,120.0,3.3458956108704037,2,7,105.89504556785462,1,0,-5.274187361268522,-2.133168788839997,3.1410185724285253,2.730994527749208,7.003320437553952,6.875776352729468,1,5,0,0,355.191923034125,5.785597931260279,0,True,0.12754408482448376
MOL01602,ion_channel,544.9005813146225,2.6737241096004567,2,4,61.517917356792736,7,3,-6.120691607903631,-1.9159432346791336,4.204748373224498,2.8958451469408595,14.510702449392856,17.62609391209806,1,3,2,2,401.42879325087443,8.932902405012353,1,False,-3.1153914627052046
MOL01603,kinase,281.1642427915433,2.697067669165624,0,3,20.812230196478477,2,2,-5.264024542507291,-1.8089351654868997,3.455089377020391,1.9992919066549164,7.518985803121515,8.59759866482222,1,4,0,1,288.84925824926574,6.3309070617212395,0,True,-1.0786128617007051
MOL01604,epigenetic,294.13006935450943,1.044359359325071,3,4,52.99588922258119,5,4,-5.981649360967407,-1.85238808067058,4.129261280296827,1.6445492307613572,10.7248256875563,11.471342544683791,1,3,1,2,316.8891264119395,4.9103455189017495,0,True,-0.7465168571274905
MOL01605,protease,496.26064475476994,2.9071742875668405,2,1,37.0782980990838,4,2,-6.386601864548135,-1.8316478479749922,4.554954016573143,1.8784049127997406,11.161909932152323,9.752546488348369,0,4,0,1,431.21887513463224,7.504209413625674,0,True,1.4093634438039544
MOL01606,GPCR,370.0098319861951,2.4841644466143458,2,10,120.3434083962078,6,2,-6.320278365761809,-2.1869808528653403,4.133297512896469,6.588270978025614,16.40117486225729,15.637281217676477,1,7,2,0,418.9026026004973,7.181653783392334,0,True,0.7638936445808113
MOL01607,nuclear_receptor,347.32693955506704,1.3458816520366368,0,3,65.41335529625393,3,1,-6.406311890694046,-1.8758696468713791,4.530442243822667,2.304907344902755,8.391108066161257,11.316494088133371,1,7,2,0,409.11656899287095,6.352455714378249,0,True,-2.9253860219721144
MOL01608,epigenetic,358.1662427910832,3.34402613533319,2,9,121.04853749502291,4,2,-6.1229250939028015,-2.7406686149147848,3.3822564789880167,4.396515293939894,13.58143657084776,17.511018387008665,2,4,3,1,397.38329978360207,7.51796550204392,0,True,-3.929581816160905
MOL01609,ion_channel,365.5502487716842,4.098339998935275,2,6,65.1704702109151,2,2,-5.976650306508544,-1.7324612125848877,4.244189093923657,2.7366075023137073,10.243553292985917,9.190957641241413,1,7,1,1,422.15052532058724,7.523656966020088,0,True,1.0525956517445039
MOL01610,protease,373.3682527676935,1.3137455102042872,0,10,127.72627110779148,2,3,-6.26416638027011,-3.5272856746006487,2.7368807056694613,5.502117181309292,12.557021004432187,12.935069358116143,3,7,2,1,387.7069473501334,6.573764134087099,0,True,-0.3780483536839565
MOL01611,kinase,397.7271814558349,1.176249521008964,1,4,84.71898033838059,3,2,-6.023633283539983,-2.172006946395369,3.851626337144614,3.0953073824666015,10.944015216253042,11.46228405627795,1,7,0,2,269.02689012067185,6.881563719255336,0,True,-0.5182688400249074
MOL01612,ion_channel,329.7872195455403,2.9218937629979234,2,8,110.35746991993157,7,0,-6.000919714566562,-1.951739643287261,4.049180071279301,4.245762122290249,12.566150354220722,15.979895956228715,2,4,0,1,408.03476334715583,5.7837871997964685,0,True,-3.4137456020079924
MOL01613,epigenetic,313.29950940178895,4.121335748921165,0,2,26.94286143710143,3,2,-5.81561461446406,-1.856122966428087,3.959491648035973,0.6731035486442467,7.998029465123055,9.371534985600073,1,2,2,1,357.83656843553695,5.976811165612665,0,True,-1.3735055204770186
MOL01614,other,317.1092922233903,0.33089202026316755,1,3,77.33730521640332,7,2,-6.620176494941015,-2.8555586701160864,3.7646178248249287,3.7493570980954205,11.227555677801151,13.148388209193847,0,1,1,2,333.9285160084099,5.94756637172591,0,True,-1.920832531392696
MOL01615,protease,289.5023008972906,2.7636337567637095,1,8,113.39380464461385,3,2,-6.158437135684892,-3.4126461638769823,2.7457909718079097,5.018166607797058,11.532906648933274,11.779143863418126,2,3,0,1,318.50122879973424,7.239465876999539,0,True,-0.24623721448485192
MOL01616,kinase,491.45216608107154,1.145970932835015,2,6,77.00065093939544,6,0,-7.333666870026742,-1.7276995007390954,5.605967369287647,3.103477135502476,13.328593253894583,13.825137362955187,2,6,1,0,305.1841012253622,6.930432081970994,0,True,-0.4965441090606042
MOL01617,GPCR,219.06018856899735,2.4329893978000703,0,3,57.974211818008946,5,3,-5.782542782650475,-1.0233690791774601,4.7591737034730155,2.630006120642369,8.705802396358463,10.443832875988923,0,8,3,1,566.8779934616246,4.709125603480084,0,True,-1.73803047963046
MOL01618,GPCR,587.9973008355901,5.53111091680724,1,5,64.50674783219029,4,1,-6.124088501899848,-1.964486844152713,4.159601657747135,2.7767342760989377,13.935900734897858,18.392701282971366,1,6,0,1,403.86597912893757,6.847426669704822,2,False,-4.456800548073508
MOL01619,ion_channel,312.59581752545165,2.9402865837755567,0,5,76.19977156005962,3,0,-6.001211290579379,-0.955738361870029,5.04547292870935,4.516181957883565,9.740785407190534,11.84127696643529,1,3,1,2,262.483187133976,5.924935003404622,0,True,-2.1004915592447553
MOL01620,GPCR,399.6809413430203,3.965474554140462,0,5,68.52327919689607,5,0,-6.245151713577195,-2.2098004536563023,4.035351259920892,3.6504425842864556,10.162679684983237,13.406090818312864,0,8,0,1,444.0945916205454,6.301251868622502,0,True,-3.2434111333296265
MOL01621,other,414.03802829055314,2.7563808325342674,0,6,83.87197302819794,4,1,-6.001189510046544,-2.0038326609881434,3.9973568490584004,4.285799861143232,10.8602123356903,11.424463222536538,0,2,0,2,311.9838520560692,6.902203034135572,0,True,-0.5642508868462386
MOL01622,PPI,502.8494387225362,3.3657025572272907,1,7,112.80591269501952,5,2,-6.018869066162757,-1.3414973340346465,4.67737173212811,2.881016544405111,12.653091777391692,14.927444863193905,0,6,1,0,407.73083950990707,6.112338688036882,1,False,-2.274353085802213
MOL01623,epigenetic,377.66661339457426,3.4933477452250896,0,5,62.78722268454349,3,2,-6.179421683900255,-2.31381237555309,3.865609308347165,1.9775235213630156,9.566228210471637,10.848539135227117,2,3,0,1,392.9334217321191,5.7134154562283115,0,True,-1.28231092475548
MOL01624,kinase,506.0808333002889,4.570478303094424,0,4,56.30954780960204,3,4,-5.23810316560082,-1.6978626286317406,3.5402405369690793,2.296499687939978,11.779420922417499,12.181935341528094,0,4,2,1,277.88569310460537,5.987372862122341,1,False,-0.40251441911059516
MOL01625,protease,539.1260612890778,3.422009713816106,0,10,113.02104147598251,5,2,-6.199275182094401,-2.4755047291254972,3.7237704529689037,3.2881760418332817,13.167932791486729,14.455644594175858,2,1,1,0,269.2115927685089,6.0372882203380716,1,False,-1.2877118026891292
MOL01626,ion_channel,227.57086651641032,3.0844161740754146,3,4,58.89177378302123,5,2,-5.7445458215339285,-1.8194644847925663,3.9250813367413624,3.4282180182200817,10.100227180016137,12.33065850987786,0,2,3,1,368.7586847438722,7.558561692692749,0,True,-2.230431329861723
MOL01627,ion_channel,188.4366314920954,0.7028487741589429,2,6,81.8172371212598,4,4,-6.314516933844968,-2.655848258166876,3.6586686756780917,2.1907054841356772,9.253844406437068,9.540794529824279,1,1,3,1,430.20107955882634,5.80547921488866,0,True,-0.2869501233872107
MOL01628,kinase,366.6653179014281,0.7266658380503983,1,2,31.27202600697828,9,0,-6.445397933696118,-1.339709451145569,5.105688482550549,2.0871758143610393,10.091495167043362,9.951457245837345,0,5,0,1,313.8774980186602,4.755211899663606,0,True,0.14003792120601766
MOL01629,kinase,245.53707433738458,2.6820210521285843,3,8,141.10947785803563,7,1,-6.391001472575109,-2.6488879412689372,3.7421135313061717,4.511758642809211,13.149270804910694,14.812315964396877,2,4,0,1,522.0286200747623,7.089719300063435,0,True,-1.6630451594861828
MOL01630,GPCR,555.217474440019,3.7995318203818726,5,0,52.84740741142354,8,4,-5.908303464878019,-1.9232223678855425,3.9850810969924764,0.7702586057735231,13.598667335046537,12.568405998442204,2,6,4,1,484.81300014603903,8.138437614878832,1,False,1.0302613366043332
MOL01631,kinase,455.7158423468993,1.9627563062110351,2,7,88.88546963149744,10,3,-6.489149251376596,-2.1374714052328345,4.351677846143762,3.136909091990344,14.88948506691918,19.66656183816095,3,7,3,1,549.733202910943,7.8227859752089905,0,True,-4.777076771241768
MOL01632,other,409.47146925023725,3.2533006058053795,0,3,64.45957196227535,4,1,-6.048365797159028,-1.6939969836946986,4.35436881346433,2.1495665061350513,9.475771563425438,10.890763350638306,1,1,2,1,342.3511902449093,6.047607610117917,0,True,-1.414991787212868
MOL01633,PPI,263.53284262856556,0.5167548129289523,2,1,30.510839521618994,1,1,-6.238082572199899,-1.5690635578218362,4.669019014378064,2.0777997180382917,7.159730711667107,7.119140223633515,3,4,0,2,398.3000616297738,5.837178136921144,0,True,0.04059048803359211
MOL01634,protease,310.04252629242256,2.0773657005611854,1,5,57.79573896900241,6,3,-6.604211154645621,-2.3779176970940874,4.226293457551534,2.352002097242625,10.993992597912479,10.792396872556246,0,3,1,0,302.4177646675207,6.18333865382762,0,True,0.20159572535623305
MOL01635,kinase,282.3574504910121,2.5592985119748133,2,5,60.72866325706771,6,4,-6.444101482556719,-2.8058686588083983,3.6382328237483206,3.4099928254815834,11.935897486275366,13.192170080686166,0,8,2,0,555.0829736114739,8.069556641014957,0,True,-1.2562725944108006
MOL01636,GPCR,394.15797412949547,1.20399321025228,2,5,84.8669700558869,5,4,-6.258377883793408,-1.80984249652299,4.448535387270418,3.588435612016397,13.058171624669619,16.573841351946,1,1,2,2,304.8209316041589,5.492097083454016,0,True,-3.515669727276382
MOL01637,GPCR,485.1258061415814,3.350444273935696,1,5,77.11708291174607,5,4,-6.425982947779368,-2.322387506414835,4.103595441364533,3.061739939663168,13.18139801714213,14.404951120900886,0,7,3,1,371.79810695780446,7.224347943695484,0,True,-1.223553103758757
MOL01638,epigenetic,201.69734669720663,2.044103945525368,3,2,60.85892375075366,5,4,-5.8622208712899875,-2.4537413764024203,3.408479494887567,3.1033118713212238,10.55676697786127,12.30879736115704,1,8,1,2,393.19571066415176,6.061312288605711,0,True,-1.7520303832957698
MOL01639,kinase,355.24371642460017,5.148215673543184,2,6,68.72161990311346,4,0,-6.114040564915691,-1.8768362177862499,4.237204347129442,2.862714412916894,10.28819275806156,11.07975484322065,0,6,2,1,406.88325511109906,6.051173983045181,1,False,-0.7915620851590894
MOL01640,epigenetic,271.43429198210947,2.3924459660199653,1,3,57.171456357299924,6,1,-5.95649568755794,-2.4143295883674205,3.5421660991905193,3.2452721300898086,10.197902539200676,8.777473607647462,0,3,1,0,437.1235296061831,7.361811105903527,0,True,1.4204289315532144
MOL01641,kinase,183.2140264515343,4.504057070675441,2,8,59.58052592217636,8,3,-6.218941232240128,-2.5465266770383823,3.6724145552017453,2.472126364996653,10.278132877693922,9.013601945265618,1,4,2,1,386.0932459750065,8.728490428124463,0,True,1.264530932428304
MOL01642,nuclear_receptor,391.43352265968775,1.3797927227036084,1,4,69.08986596270694,6,2,-6.761536561608071,-2.413569066820023,4.347967494788048,2.718364732926862,10.774214507313296,14.192479386060182,0,0,3,1,384.0110437663245,3.77577392805168,0,True,-3.4182648787468857
MOL01643,ion_channel,431.67423576458634,3.284297731626392,1,4,49.587499404951885,5,0,-6.190843608338003,-1.1486754651760833,5.04216814316192,2.860913647767638,10.643866382766255,11.586437157942944,1,10,0,1,412.58366056147327,7.55158586834194,0,True,-0.942570775176689
MOL01644,other,401.1751797714205,1.4738702193275453,2,4,61.52007561222017,7,0,-6.307990841117683,-1.4574186121956967,4.850572228921987,3.2178882400186155,11.868148520855016,14.570693133341653,0,2,1,1,164.069607521409,5.446114531525048,0,True,-2.702544612486637
MOL01645,PPI,374.3701781472597,4.9337432739599425,3,3,56.255787924516035,11,0,-5.641485087086589,-1.361796048270145,4.279689038816444,1.5896316930037637,12.006435768133562,14.004038953565916,4,5,0,1,445.751417386467,6.5878600840112735,0,True,-1.9976031854323537
MOL01646,ion_channel,452.2082088978018,2.85552789554457,0,4,61.30782225110988,6,2,-6.257596223515609,-1.610222775676891,4.647373447838718,2.7841621231810274,11.807681758671928,12.00939416209438,0,6,2,2,373.77257784576227,7.104469718243914,0,True,-0.20171240342245156
MOL01647,epigenetic,497.9973453786004,2.0462940238331324,0,3,31.37614151499727,7,5,-6.319882385174216,-2.513399193308361,3.806483191865855,2.264366539840969,14.57619957490802,16.470549013394905,1,3,2,2,366.90919556107906,8.13781893965677,0,True,-1.8943494384868842
MOL01648,GPCR,364.4860033558262,1.8851570305245793,0,7,66.71447129665884,5,4,-5.9128211921987965,-2.237054243897718,3.6757669483010784,2.966842012638717,11.878408874419758,13.651252583303142,0,9,2,1,492.1947234215265,7.301208528934818,0,True,-1.772843708883384
MOL01649,epigenetic,284.0200584118303,0.8799078161513314,2,2,53.09533860714357,6,3,-6.454651145322259,-2.667224418481695,3.787426726840564,2.7002137860855076,10.657324159912458,12.56789497268137,1,3,0,2,237.19186710412424,5.908938721900999,0,True,-1.9105708127689116
MOL01650,other,550.3618599893698,2.3723347197168123,3,4,77.63937405385562,7,1,-6.2628975093291706,-1.1927762618124267,5.070121247516743,2.726382090823525,13.602887664638475,13.284435023177585,0,4,1,1,422.50954275768197,5.617207058770952,1,False,0.31845264146089036
MOL01651,ion_channel,338.66733893102634,1.1678471448091428,2,7,89.52818160493116,1,1,-6.112877899861981,-1.9612592739439183,4.151618625918062,4.485874728123573,11.034188681951797,9.65171170870139,2,2,1,2,377.69237960872255,6.629841236643195,0,True,1.382476973250407
MOL01652,GPCR,273.96402684581517,1.899737214683973,1,5,75.17207751532314,3,2,-6.055878142791199,-2.533257251320618,3.522620891470581,3.8495145787620477,9.461224123928154,8.334685150496465,2,11,1,2,590.160398831327,6.639705687584381,0,True,1.126538973431689
MOL01653,kinase,457.0735528137983,2.681534319728897,0,4,52.94353472923435,11,0,-6.656619228012129,-0.8586009282157856,5.798018299796343,2.064566114490351,13.2908488716619,14.900876619571665,2,3,0,1,184.50613932964308,5.565807505325764,0,True,-1.6100277479097649
MOL01654,GPCR,440.04271966420754,3.110141315495267,2,3,36.44779226313009,7,1,-6.721032912137447,-1.927145467254964,4.793887444882483,0.9061572859370373,11.3287623256688,14.314005603860684,0,3,3,2,488.8214178376596,6.607120262228743,0,True,-2.9852432781918843
MOL01655,nuclear_receptor,428.4213213201436,2.977874275491321,3,4,68.22417192219959,6,4,-5.583217984625757,-2.5270110673972472,3.05620691722851,1.5544329246930746,12.949154269375232,14.689598601402384,2,8,0,0,404.4165994894163,6.980577580409765,0,True,-1.7404443320271525
MOL01656,kinase,332.099559860752,4.0526959048289095,1,6,84.09047006322301,3,4,-6.123514906882246,-2.7729526776813915,3.3505622292008543,3.205912918588335,10.972523251498671,12.354621044778703,1,6,2,1,372.8580266743864,7.997694943506513,0,True,-1.3820977932800318
MOL01657,kinase,539.8558722310659,4.249436918948984,3,7,116.84987147086649,4,2,-5.763640286885851,-2.8820125754594814,2.8816277114263693,3.893672761646401,16.02637519570784,19.344313628267088,1,10,0,1,540.9616089082883,6.242530116279681,1,False,-3.3179384325592487
MOL01658,other,412.71872104044786,3.3299845806955357,2,5,78.07740338616627,4,0,-6.093070371930056,-2.162705073467441,3.9303652984626147,3.071773038341123,10.86369078519984,12.830161712071654,1,4,0,1,373.43413374136213,7.515344101357133,0,True,-1.9664709268718141
MOL01659,kinase,292.70399957391487,2.834779815515299,3,8,114.88471163062391,1,1,-6.551982181667725,-2.28216740514833,4.269814776519395,4.867328837889576,11.989595820810022,8.70062765294639,1,7,1,1,337.36066459408704,5.537999781246985,0,True,3.288968167863633
MOL01660,epigenetic,337.6453971197158,5.604342151742934,2,6,82.5136399287011,6,3,-6.641372231604131,-1.7938542302386629,4.847518001365469,4.006166835571123,13.838074611015228,15.363028966100131,2,9,2,1,427.74628244408075,6.826156293113001,1,False,-1.524954355084903
MOL01661,GPCR,315.6852477166092,2.224794808164524,3,1,40.03706783677827,5,1,-5.686752705055322,-1.4664735170639431,4.220279187991379,2.019749099764147,8.967694070613852,13.052137951548449,1,8,1,1,364.77003553739496,6.8039614405460345,0,True,-4.084443880934597
MOL01662,kinase,365.68934605475795,0.6802099013439278,1,7,73.08798734660459,6,2,-6.749657061621422,-2.308339947045108,4.441317114576314,4.5721078229253855,12.689577269079923,15.458357822904894,1,2,2,1,393.58686784818485,5.56221245500903,0,True,-2.7687805538249712
MOL01663,GPCR,376.9059808807741,3.026124792473528,1,7,73.18154539319633,5,3,-6.208402343761095,-1.993053127463932,4.215349216297163,4.345268338401534,12.475424635452367,13.67760493099376,0,8,1,1,404.6150842444546,7.400275508436766,0,True,-1.2021802955413943
MOL01664,kinase,550.5981842504582,3.8061590162397714,2,2,32.95154751111933,5,3,-5.822533824220493,-0.7688409783309579,5.053692845889535,2.428605317083645,12.660223251481712,16.613046133412453,0,6,2,1,434.15012080775955,7.897004587938448,1,False,-3.952822881930741
MOL01665,kinase,374.9726933663125,1.7550183058974622,2,3,53.1441411791018,5,3,-6.801183434110612,-1.8927173525705874,4.908466081540025,1.5560821397787723,10.15364737261078,11.79551070633449,2,4,2,1,477.29298185705704,6.101035675994758,0,True,-1.641863333723709
MOL01666,epigenetic,290.0329278741759,1.259592193353743,3,2,76.1753363633824,3,2,-5.548167690882715,-2.4559306350190018,3.092237055863713,3.523998647856761,9.805290470345977,9.2925121000434,2,7,1,0,540.6715642315808,5.005891103231115,0,True,0.512778370302577
MOL01667,ion_channel,353.5503277680992,1.18548279729966,0,7,65.07117566259578,12,0,-6.1696395792441585,-2.0284152662353496,4.141224313008809,3.0219455475923085,11.659822980354779,13.583271341554394,2,1,0,1,265.30446123210305,4.900737141630648,0,True,-1.9234483611996147
MOL01668,protease,120.0,2.339842174305857,6,7,114.02422408216152,9,2,-6.144348429591406,-2.0244659320089626,4.119882497582443,4.857491480914869,14.610369124868994,16.07361955088957,2,2,2,1,346.09875490101234,3.065494681129406,1,False,-1.4632504260205774
MOL01669,nuclear_receptor,313.02670261374135,3.0381540980243513,0,3,42.01080181236316,3,5,-5.816746645179858,-1.9658395673667561,3.850907077813102,2.130330409058998,10.235877957974555,10.544870413893795,0,5,3,1,441.14002074294257,6.869753135986392,0,True,-0.30899245591924007
MOL01670,protease,446.3259995255779,2.7046605400981925,2,9,115.35201573393596,6,3,-6.6138428934687825,-1.6886163229747162,4.9252265704940665,4.670783426250457,14.682609517595878,17.652574762761677,2,9,3,0,587.9388816927976,8.326796618055543,0,True,-2.969965245165799
MOL01671,ion_channel,288.2306067334942,0.05141778824998111,2,2,44.18819951689055,10,3,-7.011887698495613,-2.2875333654150953,4.724354333080518,2.5784497850079156,11.136475544980682,15.333902959069796,1,4,2,1,386.4880591159985,7.260575521868533,0,True,-4.197427414089114
MOL01672,nuclear_receptor,316.45650954122004,2.169307925354457,2,3,62.92070266993134,6,1,-5.766819701719645,-2.2682868486268033,3.4985328530928417,3.0327117810095876,9.678857840021331,10.396040695875012,1,7,0,1,369.0690131815066,7.063337551296,0,True,-0.7171828558536806
MOL01673,GPCR,203.61678791753084,3.5651483223190414,1,1,15.658804649945711,4,2,-6.08876531655285,-0.7566389258367535,5.3321263907160965,1.2722421454725215,7.305722302686659,9.240096476466258,1,5,3,0,391.60399448902257,6.846561908563797,0,True,-1.9343741737795987
MOL01674,GPCR,227.36577338261063,2.0858122741244207,2,4,67.00944954629101,5,4,-6.356353560685854,-1.4818157749063179,4.874537785779536,2.9627990494572605,11.116296056533233,8.397196534200948,1,9,2,0,449.85373299546484,7.7365741701835065,0,True,2.719099522332286
MOL01675,kinase,281.9742368388046,3.010370940475811,2,7,98.66859890076555,3,1,-6.537802523538182,-2.448711903429932,4.08909062010825,4.60683133918684,10.664195556333409,10.688080085866536,0,4,1,1,562.3010280382334,7.605320522208265,0,True,-0.023884529533127363
MOL01676,PPI,394.1561463022075,2.639698143893313,0,4,68.66708439439164,2,1,-5.926216615271491,-1.9723628394957022,3.9538537757757886,1.7357790397272188,9.027180211704133,12.272391211604065,1,3,0,2,435.5440858383309,5.038802562401193,0,True,-3.245210999899932
MOL01677,other,278.59703009268713,1.2337872794245768,3,10,107.24502483458747,5,6,-6.273443041862277,-2.8734683760205555,3.399974665841721,5.434066089165727,16.931877011441806,21.26140217719587,3,9,6,1,537.4759642740205,8.454720747696356,0,True,-4.329525165754063
MOL01678,nuclear_receptor,288.1321322132942,2.426823117927773,1,8,83.11432845526758,5,1,-6.579778172187264,-2.6506066898297886,3.929171482357475,5.037856899011407,11.466116505332437,9.832729577327866,2,4,1,1,340.73536987022,5.47117123071912,0,True,1.6333869280045707
MOL01679,protease,438.2671156468756,3.730350483071515,0,4,79.87611241766577,4,3,-6.435900104517588,-2.4044437606381353,4.031456343879452,2.9500610213421243,11.604715952013471,11.433630554678441,1,4,1,2,335.58628954938195,7.753301507650918,0,True,0.17108539733503036
MOL01680,GPCR,262.86960482584976,2.5740178577263606,2,3,74.28557009847052,4,0,-6.054410084181122,-1.2163370739787709,4.8380730102023515,0.8218079520535841,7.321581587892838,6.696062346892751,1,0,1,0,353.54927467840776,6.436498995130085,0,True,0.6255192410000863
MOL01681,other,435.92623145538,2.2456093906809502,1,8,101.11960288299507,9,1,-6.473721118394096,-2.9371039301872566,3.536617188206839,4.16248109288356,12.924686586133724,19.197174995539214,3,6,0,2,400.80381012368406,6.334054891985532,0,True,-6.27248840940549
MOL01682,protease,398.467291513286,0.6502235045588658,1,3,73.95561234956291,2,0,-6.838755496459196,-1.7639988596311185,5.074756636828078,2.7102883664747157,9.41667124251388,11.77309588483057,0,2,0,0,371.5741795267764,6.8796503258742066,0,True,-2.3564246423166892
MOL01683,PPI,486.1808493146921,1.451779327262416,2,5,58.155887843287495,4,3,-6.374634778059004,-2.065435225281815,4.309199552777189,3.2047130961543617,13.94370376420739,16.855213984635714,2,7,4,2,563.4878970743628,7.000649880740773,0,True,-2.9115102204283243
MOL01684,PPI,138.5914650608276,0.39737452602113565,1,5,72.88717558372221,4,2,-6.612301187436079,-2.8024726563504383,3.8098285310856403,2.10011493683018,6.678110221820778,7.189563578535238,1,3,1,1,292.6590981722933,5.729841986863511,0,True,-0.5114533567144601
MOL01685,nuclear_receptor,530.3395754598831,0.5132518412930951,5,1,47.574969308552824,4,2,-6.556629743958532,-0.9683773688136196,5.588252375144912,2.0873976523441846,12.228839607070247,17.364235014023357,1,5,2,1,507.7261922395172,6.36519800901527,1,False,-5.13539540695311
MOL01686,ion_channel,477.064216032372,1.6776616570766243,2,5,41.33419067312457,6,2,-6.691072338284762,-2.382464085082549,4.3086082532022125,2.5819199534695287,12.673004337991639,13.25411964147945,1,3,2,1,296.8836892048834,6.137371888214857,0,True,-0.5811153034878114
MOL01687,GPCR,300.3631868727565,5.206787994687417,1,6,98.39737171730496,7,3,-6.5230069272316635,-2.0592379411547714,4.463768986076892,3.2708320131214137,11.876301988950871,12.269571987029245,1,3,1,1,330.153008889049,6.459450052568839,1,False,-0.3932699980783738
MOL01688,kinase,380.85361000484744,2.6755309174989907,2,5,59.384448734561616,7,2,-6.599304086411997,-2.169950132214247,4.429353954197749,2.292340386120959,11.975313914762578,14.205833242649632,3,5,2,1,382.5722567421411,8.110796895417655,0,True,-2.2305193278870536
MOL01689,PPI,418.767060311692,1.6309900191103446,2,9,88.36629263347771,13,1,-6.500521125368853,-2.351583516906922,4.148937608461932,3.369352258003261,15.780216904663256,17.50702558094503,0,2,1,2,282.2928473534405,6.079021175855285,0,True,-1.7268086762817738
MOL01690,kinase,340.9125908506391,2.157175137855943,0,5,75.61346865063155,4,2,-6.668645281053819,-1.9567658748127605,4.711879406241058,3.932871367185782,10.45110340130499,13.135917581854294,0,5,1,1,455.4067460886766,7.317099074763431,0,True,-2.684814180549303
MOL01691,other,518.9349729181044,2.085606297544953,0,12,123.66820914970701,5,2,-7.028657687463578,-3.7118221183677624,3.316835569095816,6.708356599430404,16.654333305259193,14.763780521660735,2,7,1,2,485.63522931825923,5.38490970949509,2,False,1.8905527835984586
MOL01692,epigenetic,413.7014941871853,3.1309264759452047,1,4,48.883982669823624,5,1,-5.840287430834226,-1.7946394995682158,4.045647931266011,1.608179104837344,9.83262075529332,11.27227883540671,2,11,0,2,485.92301535530004,6.489557446105141,0,True,-1.4396580801133894
MOL01693,protease,418.2921403453126,2.736283844713224,1,6,66.21130073445624,2,1,-6.199123665771097,-2.428004765057798,3.771118900713299,2.8834686868497887,9.644591076741802,11.314732185683516,2,4,1,0,431.9040962995818,6.3625265822649,0,True,-1.6701411089417135
MOL01694,nuclear_receptor,343.9235101356431,3.20053938948731,0,7,85.40869163010976,4,2,-6.259790931842695,-2.3929961574649914,3.866794774377704,3.857495745399595,9.793766352233018,10.87967459456401,2,2,2,0,459.0426618678105,6.002493359844024,0,True,-1.0859082423309925
MOL01695,nuclear_receptor,222.71980644765486,1.4470571971674133,2,5,58.31296080642514,4,1,-7.184656016296891,-2.296889437413678,4.887766578883213,2.1362036650744667,7.300153797648516,8.595446391022191,2,4,0,2,310.8208875015084,7.100588090995256,0,True,-1.2952925933736754
MOL01696,other,490.62297335999244,3.5970553287400215,0,7,72.44545913278353,5,2,-6.0903302480264,-1.1665656267197644,4.923764621306636,3.6279807931497294,11.755314369229175,11.819322988682503,0,7,0,0,429.26002695249986,6.352234492557956,0,True,-0.06400861945332714
MOL01697,GPCR,336.47249819999735,2.137916086862117,0,2,39.27726580793345,4,1,-5.982886397897044,-2.0584606379587527,3.9244257599382912,2.4988928010356766,8.629512615103739,10.090024056550448,0,3,1,0,370.37195790675906,7.39663481736086,0,True,-1.4605114414467089
MOL01698,nuclear_receptor,175.6772029634798,1.0834083769229057,1,6,57.891920279538084,5,1,-6.841735527704239,-1.8976314258058757,4.944104101898364,3.0716641858807807,8.983814060995734,8.097685829669688,1,4,0,2,370.02504938654806,6.794884307440356,0,True,0.8861282313260457
MOL01699,PPI,233.53123537518428,1.8740518794615495,0,4,45.20214160955412,7,1,-6.418609521000654,-0.8510775877399652,5.567531933260689,1.933050995262321,7.166981888288565,6.432127261687947,2,3,0,1,418.7486883028404,5.653127124950521,0,True,0.734854626600618
MOL01700,PPI,311.9554115972423,1.7801315875754007,0,4,77.812686557457,6,2,-6.698335231243482,-1.6919274241517146,5.006407807091768,3.9748773371524093,10.616590901729184,13.264648781791738,4,1,0,1,340.24410691482484,6.504346654055766,0,True,-2.648057880062554
MOL01701,kinase,296.950371296528,1.1187270103243292,0,7,103.65365503751487,5,3,-6.46316707918702,-2.4642866934435923,3.9988803857434276,4.5028906303291505,10.844441033891341,11.16386332950224,1,6,0,2,341.62079609383477,6.181929659056326,0,True,-0.31942229561089874
MOL01702,GPCR,474.0618782058814,1.4438261715417995,1,4,75.67440928017659,3,1,-6.516337478566102,-1.9375313273956845,4.578806151170418,3.9346018324446117,11.748462143132027,15.07418382934179,2,4,0,2,335.70769859027575,6.103757400214468,0,True,-3.3257216862097625
MOL01703,GPCR,403.86021525343443,3.3734799986506308,2,2,32.33168500705348,6,3,-6.77703826550314,-2.436951023185342,4.340087242317797,1.5891101432545218,10.747929185277517,11.88819124167949,0,11,1,2,455.99973652817044,7.546574363630086,0,True,-1.1402620564019728
MOL01704,kinase,263.0135930840662,0.9156330531845369,1,5,45.380459034643934,3,1,-6.870838278357213,-1.7982581749652948,5.072580103391918,1.9961810699002493,8.705115747994354,9.968483692627643,2,3,1,2,422.54291184428723,6.548979571844213,0,True,-1.2633679446332895
MOL01705,epigenetic,312.03377675284696,2.0163706352084394,1,6,100.56161580316815,5,3,-6.40210425147843,-2.7067105979126573,3.6953936535657723,4.172903944799829,11.372376990712198,8.75230946106772,0,6,3,2,502.0937236857657,6.549600296620037,0,True,2.620067529644478
MOL01706,GPCR,600.8230485808979,1.4011626905712269,1,2,55.82307202001553,2,1,-6.313332238038103,-2.2692912934358693,4.044040944602234,1.8573372598322904,11.539089404316815,12.413471632138336,1,3,1,2,394.21038107857436,6.33888709290851,1,False,-0.8743822278215205
MOL01707,GPCR,368.08967249967753,3.387374580154712,1,7,75.2718663462528,2,5,-6.595656602481329,-2.7068038710402145,3.8888527314411143,4.071528131482432,12.167136754406966,11.8186869874251,2,9,2,2,461.3340555078962,8.587249733131069,0,True,0.3484497669818669
MOL01708,protease,280.9845396399553,4.777970771072592,0,5,83.55558705431523,9,3,-6.040209309883952,-2.358659722393095,3.6815495874908573,3.8027671051256275,11.941654524944909,12.694503683985092,0,7,1,1,427.30583071463303,6.721759236214436,0,True,-0.7528491590401831
MOL01709,ion_channel,196.93076069253596,4.032529163316402,1,2,54.0153113429218,9,3,-5.736486775108843,-2.649161690458618,3.087325084650225,1.1168246358744867,9.020911808956665,7.265878502416333,1,8,1,1,494.48028802961204,7.469665963631885,0,True,1.7550333065403318
MOL01710,other,121.71462280942507,1.1117584832384362,2,5,73.57501156645252,4,2,-6.580724704100563,-1.9214808628280562,4.659243841272507,3.0473246330967276,7.5081214947801325,7.414384773125631,0,6,2,0,328.8312988521828,5.495663289997064,0,True,0.09373672165450131
MOL01711,protease,360.8423387483491,0.23949243979184764,2,7,91.32990157559894,4,0,-6.649409519309009,-2.600160948640281,4.049248570668728,5.863576997446623,13.759739541899775,10.5070314999385,2,6,0,2,488.44372151683467,6.7389362995587625,0,True,3.2527080419612737
MOL01712,kinase,268.856611679561,1.7228677334882596,0,7,69.41995036759977,4,7,-6.4074332847718525,-2.155703055036075,4.251730229735777,4.246791562080325,12.06544354469503,13.735658704798311,3,3,3,2,437.42447874763184,8.4548308159021,0,True,-1.6702151601032806
MOL01713,epigenetic,290.81499962502255,4.30478360206112,2,5,87.58882560328182,4,3,-6.109699485010355,-2.7596986085975375,3.350000876412818,2.9583580304576733,10.541068803906105,12.76830389643404,0,4,0,2,294.2377074704692,7.237716711436474,0,True,-2.227235092527934
MOL01714,kinase,335.9552836480519,0.7024744123725772,0,8,76.23528603771099,6,5,-6.887332128172893,-2.456291322549577,4.431040805623317,4.7530198776732195,13.642150598297995,14.338781195172277,1,4,2,2,303.67992268881534,6.279028605863889,0,True,-0.6966305968742823
MOL01715,protease,383.2195511828285,2.0918801311209734,1,5,82.68463466482191,4,1,-5.984841818760751,-2.869799614173787,3.115042204586964,3.2464351017704334,11.237392407534415,11.897095642955348,0,1,0,1,257.7693628158165,5.05347397173003,0,True,-0.6597032354209329
MOL01716,GPCR,432.5938143161153,4.884022379401877,3,3,47.53195203880809,3,1,-5.4351243046303015,-0.861572269320272,4.57355203531003,0.6868965678845003,10.409700611321103,14.409065082357042,0,7,1,2,472.83633601861675,7.083614889173228,0,True,-3.999364471035939
MOL01717,PPI,337.86149962450247,3.0553849993878006,1,1,30.674035966863464,7,1,-5.972591577641345,-1.3845655663838126,4.588026011257533,1.928211869684083,9.091537448192035,7.57069451843924,1,1,0,1,258.5341521028667,5.965565266111709,0,True,1.5208429297527957
MOL01718,nuclear_receptor,286.5335815258516,2.3089439967577303,1,2,18.888426165597018,1,2,-6.637689647847749,-2.00824770001336,4.629441947834389,0.5841261202735227,7.246974174613973,9.172384118623658,3,8,3,1,421.511184713661,7.712735503133464,0,True,-1.9254099440096848
MOL01719,PPI,552.7843531175812,1.9196785118102682,2,7,87.14051439705581,8,2,-6.431577358667965,-1.3389238922493532,5.0926534664186125,4.035030697986679,15.65962258557706,13.093935047680727,1,4,1,1,348.9841145814527,7.625008413384039,1,False,2.5656875378963324
MOL01720,nuclear_receptor,390.38071379118406,4.583186870035773,2,5,99.05384208641016,5,3,-5.899041522202971,-2.649396291107694,3.2496452310952773,3.685138950672776,12.698993530353741,13.914160299219498,3,8,2,2,554.3664929947734,7.787199000820018,0,True,-1.2151667688657568
MOL01721,kinase,179.03893754112494,1.714146198795173,0,6,62.82253095405974,3,3,-6.553603236852055,-2.2225852801512382,4.331017956700817,3.768757910423006,8.322521340384075,11.20536723995062,3,5,3,2,454.35038727524113,7.873266308393486,0,True,-2.8828458995665454
MOL01722,PPI,375.88040107561636,4.105243612774195,2,4,74.38699246640672,2,1,-6.544352527738741,-1.8319857634581893,4.712366764280551,3.035448485438244,9.946876275417244,11.081461169018896,1,9,1,1,527.790860803399,7.373535086692178,0,True,-1.1345848936016516
MOL01723,nuclear_receptor,366.23481117937695,3.2771503521893726,1,6,76.21551242230453,9,5,-6.57484945048935,-2.590977013702399,3.9838724367869514,3.406777359570841,13.928307414721202,15.303769206885738,1,9,0,0,455.3826017372467,7.183252085921934,0,True,-1.3754617921645362
MOL01724,PPI,482.84730367491727,0.45633030681270714,1,5,54.969911647755474,4,2,-6.458492514193559,-1.5865659611849134,4.871926553008646,5.079776847960764,13.425923443741645,15.68128014152774,2,10,0,1,469.29929698340686,7.211680185901244,0,True,-2.2553566977860946
MOL01725,nuclear_receptor,155.77367334885068,1.1266744836958136,4,4,92.3756895413618,3,2,-6.310930204928825,-2.4491653795717396,3.8617648253570853,5.1658096325486875,10.643312735241297,10.460300800731229,0,5,2,2,362.87843996408657,6.2585806075424255,0,True,0.18301193451006803
MOL01726,nuclear_receptor,276.1479238542329,1.1780832240846295,1,3,45.44159070825628,2,0,-6.249082483874251,-1.9763124630810165,4.272770020793235,2.590414915013274,8.482614004033632,8.66109824215175,1,4,0,2,263.0593999134593,5.8766848737003095,0,True,-0.1784842381181182
MOL01727,other,402.1271938051445,1.967343366567932,2,5,73.70865582364951,8,2,-6.353149493962339,-2.4916933799417817,3.861456114020557,3.117256362809884,12.220458833534884,12.522207722242504,2,8,4,0,474.6593114469337,8.266830271326487,0,True,-0.3017488887076194
MOL01728,GPCR,260.5928803157284,2.1809481932642405,0,8,95.03818015200618,9,3,-6.621011415100026,-2.95015178199179,3.6708596331082357,3.6441961773596683,10.567150180751936,12.203001199153832,0,8,2,2,390.2662697083131,7.098279925011166,0,True,-1.6358510184018957
MOL01729,GPCR,350.22380212967164,1.702206176259123,2,9,151.41494800010432,7,4,-6.468578422462174,-2.988233214872723,3.4803452075894508,5.501897883282328,15.939111202838475,15.29683185610427,4,6,4,1,477.0802267045947,7.542739055923685,0,True,0.6422793467342061
MOL01730,GPCR,301.6335816097974,0.978324581612295,1,1,39.619126596958615,3,2,-6.266833671179748,-2.2035158322990474,4.063317838880701,2.245458958143142,9.110770845031599,9.074402620719562,0,6,1,2,420.956326220224,6.953375967829612,0,True,0.0363682243120369
MOL01731,protease,232.9572832059186,2.917362749091803,1,2,36.195570750074474,5,2,-5.712048718313784,-1.674211764756178,4.037836953557606,1.192739419776315,7.664503640204977,6.575235838736345,1,4,0,0,280.60857440696486,7.107239055422326,0,True,1.0892678014686314
MOL01732,other,218.79579418682334,2.9917118898926427,0,9,120.41119066696089,8,2,-6.42622547776811,-2.4311306871510356,3.9950947906170744,4.111713328791895,10.529545783513294,11.813297950818969,0,4,1,2,457.30190328181436,5.784274024600011,0,True,-1.2837521673056749
MOL01733,kinase,419.916198219318,1.527598395585767,1,1,44.910432931336025,4,1,-6.2839777611786936,-1.9390156737981143,4.344962087380579,1.9358145263055284,10.321038800948692,13.554817020912049,4,5,1,1,380.3014718877774,7.30277942316991,0,True,-3.233778219963357
MOL01734,kinase,334.702736320999,2.7541846792832767,1,6,77.50021508389284,4,3,-5.878903490023745,-1.621091944589082,4.257811545434663,2.1555685127910267,9.66244737461572,11.851128764958837,3,1,2,1,308.04501378666305,8.122688675570908,0,True,-2.188681390343117
MOL01735,ion_channel,183.60216092195054,1.5087298047848585,0,2,44.26020612568236,5,3,-6.028755991802168,-1.9512147729585518,4.077541218843616,1.8989472141396766,7.671798016290738,6.72191429011989,1,3,2,2,312.9596348423132,7.288080852058966,0,True,0.9498837261708486
MOL01736,epigenetic,350.2569882728516,3.4225231964000216,0,4,75.70601713262755,3,3,-6.23230318083801,-3.140956283900028,3.0913468969379823,1.5924140734459142,9.440368535907886,9.093834302161977,2,7,5,1,581.9515698992745,7.558717881070254,0,True,0.34653423374590986
MOL01737,kinase,281.0197902891376,3.1766658489562687,1,5,88.53030953402057,5,3,-6.189432006012617,-2.3276400436346227,3.8617919623779944,2.7559409005921847,9.081896066356181,7.523674395054254,0,11,1,0,535.1788551197926,5.665866612671033,0,True,1.5582216713019275
MOL01738,PPI,373.04085226526104,2.4447535017979534,2,10,132.703246078492,5,0,-5.956847030362912,-2.7284038819086627,3.2284431484542493,5.3052886792252005,13.514690695376819,16.542569465474134,4,5,1,1,379.16959143794605,6.966651751073586,0,True,-3.027878770097315
MOL01739,ion_channel,286.6084539924775,1.886422770490635,1,4,30.01286261498206,4,3,-6.083924466302601,-2.4618650080218627,3.622059458280738,2.8408294411506936,8.785805097433625,7.452007199172044,0,2,0,0,331.3781357630829,3.9041411671790747,0,True,1.3337978982615812
MOL01740,nuclear_receptor,262.22829260588907,3.007441707117966,3,4,77.10273475642117,4,3,-6.326204647990143,-1.8860619782270005,4.4401426697631425,4.7689022460075865,11.912720841689659,13.56474622960242,1,10,0,1,475.7128684764071,7.789820642666238,0,True,-1.6520253879127615
MOL01741,kinase,412.31307896145563,2.756312421307581,0,4,31.84342372651389,4,2,-5.694811275229897,-0.8135191181768108,4.881292157053086,3.0466575737115846,10.69930660117583,11.57142199105959,0,2,1,1,202.0163658532675,6.032795348364802,0,True,-0.8721153898837599
MOL01742,ion_channel,265.0178563079486,0.8620496186428313,2,2,45.05195164302308,0,2,-6.104148815560727,-1.5190200713721311,4.585128744188596,2.016949850919973,6.680707198231994,6.253123845052382,1,3,2,1,365.9413779276671,5.950502684453397,0,True,0.42758335317961205
MOL01743,kinase,286.816759607548,0.2150342092859816,4,6,104.88682944488644,5,3,-7.192136919393134,-2.7738693624771233,4.41826755691601,3.847381709545281,13.35274123775277,15.715025140664824,3,2,2,0,451.4741944215646,7.31180060856418,0,True,-2.362283902912054
MOL01744,kinase,382.15748055598226,3.5798230715829584,2,5,65.8343892220799,3,0,-5.9416465337797675,-2.5643568447201,3.3772896890596673,3.932173283388611,11.165428204857887,14.168962868191414,1,3,0,1,350.2994959202765,6.865126546729333,0,True,-3.003534663333527
MOL01745,protease,223.36535477897814,3.7595518609709115,1,12,125.5922136872545,7,3,-6.324083812164631,-3.325196785102051,2.9988870270625796,5.740275228160915,13.43821502894699,15.624159915585693,2,9,1,1,496.29634806085863,8.964108439213886,1,False,-2.185944886638703
MOL01746,kinase,517.0064039322274,2.1497377957126766,0,9,91.49267835538154,8,1,-6.909903794815415,-2.6136587338378416,4.296245060977574,2.824310789868595,13.101041657284537,16.07959774624599,2,4,1,1,378.8264881056549,7.500326440163004,1,False,-2.9785560889614544
MOL01747,GPCR,266.55161936097585,3.1704073694082027,3,7,76.89724401172224,5,3,-6.228196543193746,-1.392278976652141,4.835917566541605,2.9199160694427846,11.73683284062584,13.649114155028101,3,9,1,2,485.6564703738868,9.124420249305867,0,True,-1.9122813144022608
MOL01748,epigenetic,272.2862282491217,2.8170540926425622,3,5,51.426523848344175,1,6,-5.482656753360437,-1.9778841480712654,3.5047726052891712,2.0380836782379554,11.51749517778093,13.514500095760898,1,8,4,2,472.4818873148119,7.8466275235708425,0,True,-1.997004917979968
MOL01749,epigenetic,522.3818133257582,2.265476190467437,2,8,102.81633649650149,2,1,-6.184786529402277,-1.6084826336011402,4.576303895801137,3.4593773462717587,12.781343953653684,14.853916213227139,0,4,0,2,294.17651163650544,4.896872430435817,1,False,-2.0725722595734553
MOL01750,other,152.76301885204396,2.0590049173481253,1,5,70.61488902850837,3,1,-6.560690996031422,-2.0304000484596063,4.530290947571816,2.8953595916320407,6.320176370729101,4.209543847535593,2,5,1,2,297.53980178811605,8.233329635917014,0,True,2.110632523193508
MOL01751,GPCR,458.20919200558274,2.6564689390870715,3,5,98.59701278498233,8,1,-6.811287656740127,-2.7565113476727987,4.0547763090673286,3.0941188745920356,13.089200497476154,15.201717322567564,0,7,0,0,320.04312529275757,7.194958039582736,0,True,-2.1125168250914097
MOL01752,GPCR,491.1172925105593,5.069514615267277,0,1,55.4595010790907,9,4,-6.149189369001557,-1.3611468812065146,4.7880424877950425,1.541735787741602,13.550927131301124,16.053073186878535,0,8,5,1,468.1472563054124,5.947450327462936,1,False,-2.502146055577411
MOL01753,kinase,367.59106808429084,2.6825797177909703,0,3,41.28466328574199,5,3,-6.382410131765178,-1.7232922034035159,4.6591179283616615,0.727779342803444,8.756107682738632,10.33716326314041,0,4,0,1,313.3234601515396,6.763466127675628,0,True,-1.5810555804017774
MOL01754,GPCR,363.7408155760935,3.027448370285057,0,3,40.41059994892403,3,3,-6.188547802981718,-2.476695636507112,3.711852166474606,2.8690096295750322,10.09627933263298,9.19487185518294,0,5,1,0,430.74542146630756,6.7027423832745505,0,True,0.9014074774500394
MOL01755,GPCR,120.0,2.7180527505148446,0,6,91.21899470319939,2,2,-5.599062407787118,-2.363123483245457,3.235938924541661,4.3133306512161935,7.726516752893391,9.560640356142537,2,6,1,0,482.25065659772616,6.864781900154595,0,True,-1.8341236032491457
MOL01756,PPI,436.56973246639745,4.655699909933017,0,6,75.4113840885142,5,2,-5.895279104940066,-1.778153482049504,4.117125622890562,2.44942599264722,11.078401984197455,13.655806844324218,1,8,2,2,459.021717750415,4.222621369762016,0,True,-2.5774048601267623
MOL01757,PPI,370.5305937320962,0.13698654760854412,0,8,83.08757307438825,3,4,-6.200994404633957,-2.90466525491831,3.296329149715647,3.3149626688539957,10.391589993061178,11.626013904823413,2,4,2,1,282.3978107815617,6.848945630580122,0,True,-1.234423911762235
MOL01758,other,440.4574277901747,2.363871438764784,0,5,49.552498002263924,4,2,-6.382215223741724,-1.5352921160897215,4.846923107652003,3.5527498013809415,11.52788262587554,15.018896436391847,1,6,1,2,448.9885223131205,5.037014371237323,0,True,-3.491013810516307
MOL01759,kinase,363.48726908534036,4.083593810357468,1,4,48.909144261995436,5,1,-5.590257489309964,-2.1228342724249516,3.4674232168850128,3.1757436198855964,10.987257740822761,13.81248538578955,2,4,1,1,374.99167305759033,6.3370840387283165,0,True,-2.8252276449667892
MOL01760,nuclear_receptor,509.0679783793007,0.8530570263694914,0,3,75.31612320596105,3,0,-6.54167702664841,-1.212731898563662,5.328945128084747,1.547325991594052,10.06983773994003,8.816501971919802,0,5,0,1,343.42326163308377,4.5227574575695435,1,False,1.2533357680202286
MOL01761,GPCR,381.9366674395572,1.2513191836932678,1,5,88.04214229006021,8,3,-5.908189260608295,-2.1841318974508885,3.7240573631574065,3.001481064582137,12.717159548557868,12.543221365958503,0,2,4,1,457.9400152969175,6.743101200403412,0,True,0.17393818259936467
MOL01762,kinase,141.317093783758,1.7891968845776562,1,7,91.94761370599437,7,1,-6.218737683095964,-2.017983036240875,4.2007546468550885,2.8350468216957316,8.656979838225855,8.097614082520579,1,9,0,0,392.81143947022207,6.736596464318448,0,True,0.5593657557052758
MOL01763,nuclear_receptor,517.4322858054784,2.2936389299606805,0,2,51.5624299111269,2,4,-5.863646436268304,-2.9571526723960084,2.906493763872296,1.5164762062271318,11.558567388341599,12.97884553160176,0,8,3,1,480.64845044884487,5.635206791152284,1,False,-1.4202781432601608
MOL01764,kinase,415.1925826875045,3.223607925386094,2,5,80.91198956459654,6,4,-5.808775526882282,-3.133823512057961,2.6749520148243207,3.2880303461153835,13.970345838794229,15.068610413122837,0,7,2,2,379.196609789966,8.096746914366925,0,True,-1.0982645743286081
MOL01765,GPCR,293.32181750609976,4.890019816456769,1,4,55.87030012424819,4,1,-6.305826983924234,-2.3755444815573936,3.9302825023668406,0.47534654138103605,8.180996953304748,10.423604196652008,0,7,1,2,490.5101658023119,6.669423855235961,0,True,-2.24260724334726
MOL01766,kinase,354.970423876298,2.260700920840513,0,4,66.71936718661507,4,7,-6.252238792350283,-2.8513107664348514,3.400928025915432,2.1167338032545553,11.417376666116489,13.793539316124086,0,6,4,1,472.8954065691881,7.588743914917134,0,True,-2.376162650007597
MOL01767,GPCR,431.3651219583404,4.163476669467932,0,5,62.843332246139184,12,2,-5.6006655517449255,-1.3960546778729612,4.204610873871964,2.6292537512240357,12.595860049533457,13.466985828710902,0,9,2,2,444.9883168481996,7.302207401597129,0,True,-0.8711257791774454
MOL01768,other,516.092711311645,3.5153466682966075,4,8,116.96457928461004,8,2,-6.125553378147322,-2.7770519337480097,3.3485014443993126,3.439501519637442,16.535117637811922,19.398946595011967,2,12,1,0,631.0159162838542,7.149795542496697,1,False,-2.8638289572000453
MOL01769,nuclear_receptor,374.71739141677426,4.3542831606874755,2,2,62.132461097421626,7,2,-6.303886767336671,-1.7792776412653044,4.524609126071367,1.9938361368581359,10.895036361605737,11.5112408244167,2,8,0,0,482.01074816246853,6.793966857426953,0,True,-0.6162044628109626
MOL01770,epigenetic,419.9984191014154,0.7118943073635247,2,9,116.72355023670015,5,1,-6.596472181495925,-2.477959941883878,4.1185122396120475,5.29518444930191,14.966143473024136,15.215905156463606,3,2,0,2,395.4169974100107,7.250196308108643,0,True,-0.2497616834394698
MOL01771,epigenetic,394.4566362183167,1.9386353554810865,2,5,100.6198434905842,4,2,-6.273878640050651,-3.0435334045886044,3.230345235462047,4.597727873052175,12.839263709157398,13.978812433403013,0,8,2,1,476.3155587278316,5.889426405674589,0,True,-1.1395487242456142
MOL01772,kinase,294.4052027561207,5.200116603891292,0,5,68.53425203726562,4,1,-5.879349881286765,-1.771563566191542,4.107786315095223,2.1188498903332635,8.599319220755742,9.876824024405604,1,7,1,1,401.60249982996214,6.210161834365931,1,False,-1.2775048036498617
MOL01773,PPI,427.9833626347424,2.5685128547574028,2,6,88.52747734360051,4,2,-5.801622613187735,-1.3662428555901451,4.43537975759759,3.0897638951800572,12.330406237951355,13.42650534802151,0,3,0,0,478.54097418227786,4.970100389471151,0,True,-1.0960991100701563
MOL01774,GPCR,239.00943489136367,3.9434654675456304,1,2,73.3365073588405,3,4,-6.540185960542629,-1.9754418449873645,4.564744115555264,2.4821684293591777,9.557540521238687,10.930774603727516,1,4,2,1,377.7004107490007,6.817811529353761,0,True,-1.3732340824888283
MOL01775,nuclear_receptor,430.6556900733836,3.6270990614693828,2,2,49.365527107927576,7,2,-5.857210461786757,-2.0011684173431044,3.8560420444436523,2.8384893867837313,11.478285031877327,13.549870587893844,5,5,1,1,380.3375815286503,9.473049072347287,0,True,-2.071585556016517
MOL01776,kinase,149.00732865885553,2.09825917351314,3,7,94.34446429530409,5,5,-6.325160460861306,-2.4337216254593956,3.8914388354019103,4.731826031507792,11.937802072331008,12.586122393743624,1,8,3,0,544.0723892892489,7.667983877869267,0,True,-0.6483203214126156
MOL01777,kinase,367.18797592763764,2.122920455312802,1,5,75.80409873502647,9,2,-6.392992805019541,-2.3044775722338056,4.088515232785736,1.7926040274964363,11.911355520150526,15.886768367007399,1,2,1,0,380.57549459107145,6.642659175517751,0,True,-3.975412846856873
MOL01778,kinase,202.83118031634615,4.200775024426809,2,4,45.26647356568669,5,0,-5.940960003183334,-2.2483764813243567,3.6925835218589773,2.1115113305398245,6.931951174872688,9.154060773772308,2,9,0,2,446.689724586037,7.412228511323786,0,True,-2.2221095988996202
MOL01779,epigenetic,306.6778111104431,3.311736242542185,2,2,42.56823792041842,6,5,-6.059485519825162,-1.404393577291314,4.655091942533848,1.0374261879990745,9.344655998718011,13.271363695316541,1,6,1,2,368.7478612674341,6.892494860154606,0,True,-3.9267076965985304
MOL01780,PPI,120.0,4.189359804968301,1,3,35.09158263822198,8,4,-6.444576435001989,-2.391499614918536,4.053076820083453,0.0,8.156575428733031,9.945222588663349,1,11,5,1,562.2411587643345,7.767587581203815,0,True,-1.788647159930317
MOL01781,kinase,248.7946726240769,1.5727646811158154,3,6,99.80698810689898,7,2,-6.532101805953488,-2.010061180803513,4.522040625149975,3.6562216660014117,11.721639329253463,13.793906596656926,0,6,3,0,346.28199252039894,6.822882692726816,0,True,-2.072267267403463
MOL01782,kinase,120.0,4.230065630137161,4,2,48.805425338814025,5,1,-6.3425185545641405,-1.4843737981139151,4.858144756450225,1.5407228232852743,7.237718323369918,8.164630566742703,0,6,0,1,411.6390645449642,5.822785451041643,0,True,-0.9269122433727857
MOL01783,protease,120.83666264967152,4.524068693117773,0,7,105.4228168690718,4,1,-6.337793050805543,-2.0152990386073,4.322494012198243,2.8260458238776884,6.4642532968916555,8.256427533196172,2,4,1,1,363.0088876786965,6.0480124522659136,0,True,-1.7921742363045166
MOL01784,kinase,576.9331869548898,3.2721272143461957,1,5,54.5434382177903,3,1,-5.7139328327026595,-1.6124238035409328,4.101509029161726,2.1493801953102327,11.829675174633367,10.217083603844348,0,9,2,2,384.9532932470481,7.961162953485211,1,False,1.6125915707890197
MOL01785,protease,303.3420552139785,2.511077824191906,2,7,95.47071229251488,3,3,-6.7534580100618795,-2.7342032279473933,4.019254782114486,4.2718419817799775,11.374015011323262,10.20228499974526,0,3,1,1,421.8889402477307,7.4394627590764575,0,True,1.1717300115780027
MOL01786,nuclear_receptor,249.1946385037804,1.1933345683377061,1,6,66.06033902623645,9,2,-6.517702682647811,-1.306330410056793,5.211372272591018,3.5347421378171524,11.880920216231438,11.817463572294812,2,5,0,1,378.81279749282476,5.916216519372494,0,True,0.06345664393662531
MOL01787,protease,429.22675347775674,3.274642854393308,3,1,48.95573840667896,4,1,-6.6265268088181495,-2.381062081113666,4.2454647277044835,0.6479312889247735,9.680120299315533,11.352653798806367,5,9,1,1,501.068099306402,6.903746994181111,0,True,-1.672533499490834
MOL01788,nuclear_receptor,266.5301744898744,4.014146158432356,1,4,74.42700541600138,2,4,-5.443243799757438,-2.1067654309579824,3.3364783687994555,3.7162254405449344,9.878896174785933,12.981509257122092,1,8,3,1,511.94913294169976,7.616569899461517,0,True,-3.102613082336159
MOL01789,GPCR,367.8899495705109,1.8057277436534356,1,3,54.282296010234326,9,3,-5.9468743602631235,-1.956064723989108,3.9908096362740153,2.50336780201757,11.852773004926366,17.05905871953498,0,3,2,1,350.59454292554904,5.618150372857311,0,True,-5.206285714608615
MOL01790,nuclear_receptor,412.0280284838073,3.595042911016459,0,6,63.260975233556906,3,1,-6.1960626818410125,-1.9396940798691205,4.256368601971892,2.6387178162746805,9.97523353481836,9.56895143540903,1,5,2,0,340.4839639916221,5.588802525382052,0,True,0.4062820994093297
MOL01791,kinase,478.870886369339,1.3751884565486656,2,3,45.1098094100198,4,1,-5.26672415558795,-1.5262027468570354,3.740521408730914,2.7950899205366913,11.866488212198897,14.042500147587157,0,6,0,1,434.66049950033835,6.20774621723889,0,True,-2.17601193538826
MOL01792,kinase,411.1699310441282,3.453379074339232,2,5,73.2168324011943,5,1,-6.2340882476458175,-2.185155314362257,4.04893293328356,3.455881063197956,12.086016863011487,16.697542812930273,0,5,1,0,563.6428084504093,6.146640283949102,0,True,-4.611525949918786
MOL01793,epigenetic,318.8668977115405,3.5771548686425163,3,10,164.15512365664992,4,1,-5.859440648446637,-2.2383698965261147,3.6210707519205223,6.5871260685950155,15.774818171618575,17.489371163717657,2,5,0,1,343.46633854358095,6.550080718865613,0,True,-1.7145529920990814
MOL01794,PPI,417.0096066213555,2.281219516460491,0,2,57.2502094536908,3,3,-6.495454148628159,-1.8309403371977866,4.664513811430373,1.9985940969651843,10.199295434954312,10.724721520865804,0,5,2,1,317.32220808225605,4.8860276762621195,0,True,-0.5254260859114925
MOL01795,PPI,529.2082078373871,4.03264632828146,1,7,100.51064756208399,5,1,-5.592136090536897,-1.9176870602026743,3.6744490303342228,4.352195466245104,14.136913522798299,15.642239062177952,2,9,0,1,477.84231399134086,6.128455784032993,1,False,-1.505325539379653
MOL01796,kinase,422.4206596832238,3.2506579615133564,3,5,64.148203142006,4,1,-5.7570579245578,-2.629282688757267,3.1277752358005326,2.4786955568017977,12.484333620830421,12.744472545697171,2,6,1,1,394.172611921269,7.1071666211564315,0,True,-0.26013892486674983
MOL01797,other,250.86202631309794,2.48664773361849,1,4,70.79288278148972,5,2,-6.364339696346922,-2.0076384739560047,4.356701222390917,2.9530595818123113,9.689565047763898,9.572864636061443,2,5,1,1,435.0903769838594,5.349042829378896,0,True,0.11670041170245504
MOL01798,protease,441.0350629938376,1.9614471044626947,3,3,63.98483400355735,6,2,-6.380372353078798,-2.1525943307366786,4.227778022342119,3.628650480628683,13.684667759333388,15.098390753956545,2,8,2,1,523.9677714448657,6.620618029566472,0,True,-1.413722994623157
MOL01799,ion_channel,357.722286580889,5.892917216783557,1,5,101.42015732276306,4,1,-5.735940854734326,-2.858008555125164,2.8779322996091623,2.3867395713296515,11.257397210868,13.743999788212859,0,9,1,2,423.0176721133793,8.384917820414712,1,False,-2.4866025773448595
MOL01800,protease,356.6823418518183,3.776333508310106,4,6,95.8674991339983,4,4,-6.3250094915879655,-1.8927425285001842,4.432266963087781,3.544208135884495,13.06832353221937,13.308013420933257,2,7,4,1,443.2990795470266,6.9816688927270505,0,True,-0.23968988871388675
MOL01801,kinase,280.3277319156551,1.8848090097212213,2,4,66.99158252758876,11,3,-6.348257202485316,-2.133387659826934,4.214869542658382,1.800966684921887,10.926913503077461,7.187569645657615,1,2,4,2,419.5273244520726,7.645424145664743,0,True,3.739343857419846
MOL01802,protease,159.86190510981922,1.9444213522467328,2,2,72.42025996761782,10,5,-5.958394556074637,-2.515825839207637,3.442568716867,2.3420618881340043,10.77989572382105,11.279984064742605,1,6,4,1,403.25703098985446,5.928081442527919,0,True,-0.500088340921554
MOL01803,protease,359.4556622865293,0.3805218034200841,3,6,101.17827166451907,3,0,-5.846392167939257,-2.840574962173493,3.005817205765764,3.971490089005151,12.203570092954529,13.870842877093231,4,2,0,1,352.805494046978,6.416786479468554,0,True,-1.667272784138703
MOL01804,protease,200.55680270925728,2.472205079099819,0,3,30.492576286206777,7,1,-6.148863261528509,-1.3955388005750222,4.753324460953486,2.006250625967894,7.745345569248165,8.577678256601684,0,2,0,0,275.37192291701984,5.5559486289107305,0,True,-0.8323326873535191
MOL01805,other,436.9243859364928,3.5536762384405085,1,3,81.12549969447643,2,2,-6.052677465562229,-2.2227053985203398,3.829972067041889,2.278052240328962,10.135706690381557,11.0427074575924,2,5,1,2,458.1830658052523,8.947551027063058,0,True,-0.9070007672108424
MOL01806,protease,358.03253089818384,0.43142119399792067,2,6,83.83008171212211,4,1,-7.179004098988904,-2.9074885904497263,4.271515508539178,3.8132329772235374,11.513996121890845,10.921708937255364,4,4,1,0,341.5200050351441,4.1182501486493575,0,True,0.5922871846354809
MOL01807,ion_channel,214.79208628846186,2.3548812799114,0,4,33.041124570461236,4,3,-6.862934649742721,-0.9905391202763066,5.872395529466415,1.9202076248413735,8.115176182780573,9.228541786185543,1,4,4,1,439.6359355254359,7.503177323628979,0,True,-1.1133656034049704
MOL01808,ion_channel,347.1095369018056,2.557952467000784,1,3,40.74988551980732,4,0,-6.121870598987041,-1.7405966457180795,4.381273953268961,3.408076750091255,9.217145054769096,8.021318710689513,0,2,0,0,427.55648821897984,5.283442046981286,0,True,1.1958263440795829
MOL01809,kinase,192.41731025824143,2.2371824259061457,2,7,91.37808149773167,3,6,-6.010641682745501,-3.905161203252299,2.1054804794932016,4.874066423985401,14.006077225163544,13.289009134563852,5,3,2,1,442.3828411520033,6.9858278683780615,0,True,0.7170680905996925
MOL01810,PPI,323.72825373567355,1.950216913602937,1,0,5.0,3,3,-6.326377686605079,-1.5112670189647261,4.8151106676403534,0.14262520906709042,8.71917688833912,10.68595816888324,1,1,1,0,356.6877072351253,4.9828365780498824,0,True,-1.9667812805441187
MOL01811,protease,308.7210064126085,0.794794855687839,1,6,112.99621557927844,3,0,-7.180568941008623,-2.722988121975759,4.457580819032865,4.638658946289535,9.970014954029253,8.660811282181182,3,4,1,2,317.91065818856356,7.246856237077964,0,True,1.3092036718480706
MOL01812,ion_channel,214.86401558074402,1.9217842212342984,2,2,66.03887769607562,0,3,-5.916097599510715,-1.8852382732859383,4.0308593262247765,3.4651026747551983,8.754363517329747,8.860537347496352,1,3,4,1,316.5222482584067,7.196719673111544,0,True,-0.10617383016660575
MOL01813,other,332.40825381328074,0.7717105354133555,1,3,33.70147484587507,3,4,-6.500196596266229,-1.9044036391486086,4.59579295711762,1.7585056597168363,9.941477232657656,11.886533528599925,0,2,0,2,218.0634032410253,6.322913861146697,0,True,-1.945056295942269
MOL01814,other,311.69389224668055,3.4873855856583362,1,4,39.714029976239765,5,1,-6.581416536379058,-1.910509929051108,4.67090660732795,2.5847961043440235,9.086765825895538,12.41607069468225,2,8,1,1,428.1885092909925,6.0638111949316125,0,True,-3.3293048687867124
MOL01815,protease,292.7645923072068,2.494932343077007,2,3,49.08966534281568,5,2,-6.1291655833294945,-1.9991162086275989,4.130049374701896,1.7628490085938338,9.97547993567753,9.647599440371152,1,7,1,2,455.21942210953875,7.226905655887869,0,True,0.32788049530637764
MOL01816,ion_channel,218.55043048028963,3.044943477192126,1,6,97.51510047629586,5,4,-5.846302535878021,-2.2254246538125306,3.62087788206549,3.6331801028300226,10.019707353137777,12.453390795478374,3,4,4,1,320.000699388425,7.032134478803821,0,True,-2.4336834423405964
MOL01817,PPI,288.13268642749307,3.1351194992712488,3,4,71.46192514538676,3,3,-6.3640721138512655,-2.3377342325403507,4.026337881310915,2.572657289402751,10.401857582006157,10.09128569713594,1,8,4,1,494.85681815033826,7.005133757352076,0,True,0.3105718848702175
MOL01818,epigenetic,311.3309913639585,2.661089180632771,2,2,55.53146062472427,1,2,-6.0293039092008485,-1.736376012668345,4.292927896532504,1.742729291088858,7.751223394497184,9.324995832650117,1,4,5,1,391.41721288054237,6.425545275653056,0,True,-1.5737724381529334
MOL01819,kinase,472.757399058992,3.776603901421818,1,2,26.888596235871027,5,2,-6.453549850090176,-1.3203742427589678,5.133175607331208,0.9785239946741437,11.46769056985118,13.11681319049398,0,10,1,0,467.48739381607476,6.527011830253721,0,True,-1.6491226206427996
MOL01820,GPCR,230.075283811966,0.40478085828302035,1,8,89.94718238292921,6,3,-6.360712768720758,-2.843173130832728,3.5175396378880297,3.54359518255347,10.956113044551426,13.233206050819115,3,4,0,1,389.95492927658245,6.382606771388634,0,True,-2.2770930062676893
MOL01821,kinase,423.2419520247568,3.8965599301769527,0,5,53.04292330903843,4,0,-6.290638858115491,-1.9679458323852987,4.322693025730192,1.949175071298276,8.928381336467611,8.791888094124221,1,5,0,1,317.4982994442935,5.033486131246457,0,True,0.13649324234338955
MOL01822,GPCR,483.6364499164793,3.106194139759526,2,3,41.56887693057286,3,1,-6.448415295354664,-0.735015522912877,5.713399772441787,2.0360779354473673,11.162900538971522,11.933123675573615,0,4,2,0,480.8685605230097,6.39976718879329,0,True,-0.7702231366020929
MOL01823,PPI,383.1680739946776,3.5489569927207807,2,3,67.63440211227096,4,1,-5.49851034605318,-1.762342302064325,3.7361680439888554,2.5314732638655904,9.82028936211605,10.79265313273496,1,3,1,2,272.06319088016704,5.337984976166459,0,True,-0.9723637706189106
MOL01824,epigenetic,432.0196715249753,4.490916004486281,2,7,106.80901926347114,2,0,-6.194206575764602,-1.9411945983107977,4.253011977453804,4.225234064454743,11.695008372650378,15.415202437317014,3,7,0,1,502.26945567131344,4.349106622299381,0,True,-3.720194064666636
MOL01825,kinase,265.0770134121017,2.0070050438176037,1,1,16.271964937087372,5,2,-6.122096985252463,-2.056495053262809,4.065601931989654,0.06135722818699363,7.940687325317158,6.232210451254757,1,5,3,0,454.80365712751995,5.7451055831002815,0,True,1.7084768740624003
MOL01826,kinase,335.11921114643724,2.7699640447478955,1,6,95.77584448843709,6,3,-6.190752402650725,-2.806883263543278,3.383869139107447,4.008097110598785,12.981254713514781,9.054085264938202,0,2,1,1,209.27469282116562,6.476170605053411,0,True,3.9271694485765796
MOL01827,nuclear_receptor,492.4005019987925,3.3363246585869013,1,10,152.75962207651241,7,3,-6.611298497909112,-2.380399295049803,4.230899202859309,5.044675572345811,15.39888291893718,13.138706672637488,1,4,1,1,342.74662835129584,7.597272780536475,0,True,2.2601762462996913
MOL01828,other,432.276011531966,2.29439560809372,2,3,34.23552444080537,5,3,-6.6983497898105675,-2.4138845569200997,4.284465232890468,2.428501952451643,11.449639982831679,11.023431592428976,2,5,3,1,475.54965482461773,6.439419782143103,0,True,0.426208390402703
MOL01829,GPCR,120.0,2.432049077205397,1,10,88.08468513603918,6,3,-7.079068387031722,-2.7171670695642987,4.361901317467423,4.479013325428906,9.332649984289214,12.522356091792512,1,3,1,0,319.23833365955034,6.759502401650674,0,True,-3.189706107503298
MOL01830,protease,478.0527288837822,1.9301990911661444,3,5,70.42958209604623,5,2,-6.009644413013149,-2.0080300673114344,4.001614345701714,3.9053182241195183,13.595488177795222,15.854313911938252,0,6,1,0,291.34130653828674,8.520447321811423,0,True,-2.2588257341430307
MOL01831,kinase,390.39734103820535,1.6168412602459368,1,7,74.91886191111473,9,1,-6.404976478433373,-2.25090616013113,4.154070318302243,3.1616374720812876,12.615885024282605,13.55888193997057,2,5,0,1,304.5658467413974,5.2516211430205,0,True,-0.9429969156879654
MOL01832,nuclear_receptor,306.63562421206905,1.0303744617611035,4,4,71.4275035167999,2,3,-6.481723915754062,-1.9873921461467348,4.494331769607327,3.605133365263291,10.328435698225674,10.308628638285215,3,3,2,1,489.65193715119983,7.182995272051073,0,True,0.01980705994045806
MOL01833,epigenetic,443.1417526930861,3.258761189856067,1,6,93.76303967773421,6,2,-6.3816667911137905,-1.9256759417678233,4.455990849345968,4.40858139675636,13.488905090768974,16.903618387341456,2,3,2,2,457.5605146386097,6.331996052422417,0,True,-3.414713296572483
MOL01834,GPCR,362.39158135805275,3.780329611197466,1,7,96.12681533729558,2,1,-6.961251091715788,-2.585391302206801,4.375859789508986,3.997931038246817,10.764994119110138,11.278097282342019,1,8,1,1,498.2948331488076,7.764822989978857,0,True,-0.5131031632318805
MOL01835,GPCR,374.2082170869897,-0.2611064905856866,2,6,62.51764108279498,4,4,-7.209148988368808,-2.312959544500999,4.896189443867809,3.486508947660125,12.398821141917221,15.327969916075867,4,3,3,0,477.10008977764085,7.167575376846702,0,True,-2.929148774158646
MOL01836,kinase,438.77161289968444,-0.9574336533203196,1,4,70.2328386354994,5,1,-7.012679137769168,-1.3649848622393836,5.647694275529784,2.539961419969256,11.062690947558876,13.19398102058877,3,3,0,1,302.3765392395367,5.392889234240167,0,True,-2.131290073029895
MOL01837,PPI,252.9537155658157,2.802491675222862,2,3,31.64210925620647,4,2,-5.8718661168814865,-1.6310300839828769,4.24083603289861,0.8275950776217548,8.660075651055994,11.591951791660007,3,5,1,1,484.24602836234493,5.3331443646874455,0,True,-2.931876140604013
MOL01838,protease,334.87290382919656,5.936192483466049,3,3,56.63061003254412,6,4,-6.3242353839408,-1.2337383800009731,5.090497003939827,0.9042863988502194,12.465533170360478,15.145736885587958,1,9,2,1,340.0077817582881,7.753807493264724,1,False,-2.6802037152274796
MOL01839,protease,272.4772983437894,1.6127694260511118,3,4,66.59351140808465,4,1,-6.265399411157629,-1.8391030794891068,4.426296331668523,3.15721680691341,10.26892389848683,12.571260162356175,0,1,0,0,343.8393115235932,4.851329618976787,0,True,-2.3023362638693445
MOL01840,GPCR,562.3522188062369,4.983519395383064,0,6,101.50676634813345,10,3,-6.153011276047764,-3.679955475592599,2.4730558004551653,3.309652380978467,16.20821244779138,16.7703280655776,4,6,1,1,391.2055485006183,5.711681022695548,1,False,-0.5621156177862225
MOL01841,kinase,224.45467570789367,2.489363547951919,1,6,62.2021581098328,4,2,-6.25072497301252,-1.4417604530458434,4.808964519966677,4.428729861403403,9.785561626582895,9.974245001004288,3,5,2,1,547.9740712002967,6.8187359467797295,0,True,-0.1886833744213927
MOL01842,nuclear_receptor,316.91847142297047,3.9867299828017777,1,3,46.242525301429055,9,2,-6.1662133802969965,-1.8942822782450877,4.271931102051909,4.12081177029155,12.47293929291767,13.805891947958534,0,7,3,2,469.1160740095444,7.693246501558215,0,True,-1.332952655040863
MOL01843,kinase,397.80413373096826,3.5206554363630644,2,5,93.12149750771137,1,2,-5.99533202616796,-1.9749029234633841,4.0204291027045755,3.061017248793927,10.902363499281718,14.098728562370326,2,6,0,1,467.2163379157899,7.563834854584072,0,True,-3.1963650630886082
MOL01844,kinase,323.43549514145116,3.6402479570908817,0,1,5.5037442944025585,5,6,-5.734498557381088,-2.5414636751773823,3.193034882203706,0.4901972875840451,10.312441962665984,16.310915299247156,0,9,6,0,540.5810887407564,6.798795801500733,0,True,-5.998473336581172
MOL01845,ion_channel,398.4448000823351,1.8839665384808284,3,7,112.3898500658364,6,1,-6.336850980374649,-2.9220870085458572,3.414763971828792,4.043656928625963,13.435899373059108,12.106681064602203,2,0,3,1,440.45684985142975,6.094224495194071,0,True,1.3292183084569054
MOL01846,kinase,409.21628382170945,4.456960802057951,0,5,85.50060625490048,4,2,-6.033487469075439,-1.8444583221770252,4.189029146898414,3.081593566134942,10.192258242771,13.552044843593517,2,7,2,2,437.37285882294935,8.096466984548156,0,True,-3.359786600822517
MOL01847,PPI,547.3322024431587,2.650347123687361,1,6,73.49014440786976,8,3,-6.251166898639502,-1.5892814454905608,4.661885453148941,3.5250234675988095,15.261543719601773,17.310035336305525,0,4,3,0,429.0397831789094,4.83494599724599,1,False,-2.0484916167037515
MOL01848,kinase,383.80409382136594,2.627949129831801,0,4,58.63729541076609,9,1,-6.231893265065777,-1.6980554114950714,4.533837853570706,2.1572378752971995,10.922109775098265,11.276851329850361,1,9,1,2,473.84875550155203,7.229683802214712,0,True,-0.35474155475209557
MOL01849,ion_channel,297.7054894774623,0.4100712324981668,1,5,60.375356849873185,5,2,-7.012208425126752,-2.293236050010955,4.718972375115797,2.4730665474243736,8.905919857332728,10.25056757751839,1,3,2,1,350.77105335240134,5.290233204224779,0,True,-1.3446477201856624
MOL01850,protease,409.781683450756,4.214674339993769,1,7,84.29998431982715,7,2,-6.450258436037483,-2.094470707864072,4.355787728173411,2.703929181707827,11.655204331402143,12.35631243275151,3,10,1,1,530.0165591487616,7.073140820064299,0,True,-0.7011081013493676
MOL01851,PPI,400.17885667696873,4.133610601870464,1,4,50.76969662241241,9,4,-6.044088159675844,-1.9564321907505098,4.087655968925334,2.601301417001661,12.732892131598952,15.432543672584197,2,7,3,1,478.13296595279763,6.922628542703288,0,True,-2.6996515409852453
MOL01852,GPCR,420.93778856814436,0.15631069866267833,2,3,60.42106395843717,6,2,-6.548228364878682,-1.8474270956803513,4.7008012691983305,2.615128436533374,12.052056230368443,16.70864610287685,0,0,3,1,390.778747107398,6.3991200300596,0,True,-4.656589872508405
MOL01853,GPCR,346.00659009381747,3.868818090773635,1,5,76.12379465109512,7,4,-6.046596284218561,-2.604541107019057,3.442055177199504,3.075002685145517,12.02290028262024,16.160171142377994,0,7,4,2,454.0605066401775,8.67142394761881,0,True,-4.137270859757754
MOL01854,nuclear_receptor,498.31047260793935,4.367439666921733,3,5,78.05235017259623,5,3,-5.296993703046336,-2.0641826593156583,3.232811043730678,2.4138916490715983,13.234441061554875,13.396124538672758,0,8,1,1,315.1354640111987,7.305708229074043,0,True,-0.161683477117883
MOL01855,kinase,461.7483758368349,0.40196541225223337,2,9,102.0776802519567,1,3,-6.758139138821019,-2.964958779848547,3.7931803589724717,5.167691670819019,14.717814019386243,17.339483201403006,1,2,0,0,293.6113053487898,5.493088489573493,0,True,-2.6216691820167632
MOL01856,kinase,231.8135309976086,1.5831111759871774,2,2,44.77789672612728,7,2,-6.768686455932491,-1.3638769471404233,5.404809508792067,2.1880764580236383,8.916365856380231,10.400169868923559,2,3,0,1,428.4738232844991,7.254009864790267,0,True,-1.4838040125433274
MOL01857,other,253.46866143567365,2.656557773082192,2,4,56.285744887364714,3,1,-6.169117605359951,-1.386166126973849,4.782951478386101,1.783322252460654,7.713122984007245,10.55664318070667,1,3,0,1,269.5167119486882,5.591895494904921,0,True,-2.8435201966994255
MOL01858,epigenetic,249.10882973672358,-0.2982252012267499,1,4,61.418744483718314,4,1,-7.175663909232464,-1.9009138939759538,5.27475001525651,2.7713862315571607,8.888807541069804,8.35137364904589,0,6,0,1,332.54488431558093,6.358445730672727,0,True,0.5374338920239143
MOL01859,epigenetic,313.8326069188362,4.262802442312889,1,9,119.39230175409399,3,2,-6.025703215902643,-2.787556546974206,3.2381466689284375,4.015007635587763,10.434823676158928,10.778206473803579,0,5,2,1,354.25910141490897,5.070061272482763,0,True,-0.34338279764465085
MOL01860,epigenetic,474.0571258872575,4.101432136337756,2,3,41.92952004523823,3,1,-5.893027503384532,-1.366667137698938,4.526360365685594,2.1983335058719073,11.451296579750828,13.410795633518013,1,8,1,1,546.1932529633157,4.861111733972496,0,True,-1.9594990537671855
MOL01861,protease,381.05765957652466,3.1095327337581944,2,4,48.16364650093606,3,0,-5.598044467701249,-1.856733579610177,3.741310888091072,1.5038515793341638,9.82681818842593,9.240188219242949,2,9,0,1,401.2185347292671,8.396610607075813,0,True,0.5866299691829813
MOL01862,ion_channel,484.58826759354554,0.3896201923742266,4,4,59.94064751326431,6,2,-6.622604719988395,-1.8587282906426679,4.763876429345727,3.1240920290871235,13.146941112874888,16.110202321387746,2,5,1,2,335.23345361968035,6.2795337173044325,0,True,-2.963261208512858
MOL01863,GPCR,273.6249876979218,3.788992766366565,2,6,64.2402417857201,2,0,-5.999445135996973,-1.6124417649644516,4.387003371032522,3.044398231891703,8.777662167066888,10.284868564455886,0,4,0,2,368.7529293863427,6.376327628225867,0,True,-1.5072063973889982
MOL01864,protease,422.78470415497605,3.869412011240144,2,4,69.26526891452116,6,1,-5.930591381171504,-2.4382867845364564,3.4923045966350474,3.936039008808128,12.577835375082941,13.49657151289798,0,6,1,0,407.0336231063436,4.938407787079767,0,True,-0.9187361378150385
MOL01865,other,186.2205791335785,1.475945591315422,4,7,105.53077269136209,7,1,-6.918138417032789,-2.607364912719857,4.310773504312932,5.403808193619996,13.030291291677198,14.658421285687426,1,5,1,2,229.47811771949495,6.671489493766105,0,True,-1.6281299940102283
MOL01866,kinase,523.8871643105037,4.704179857590335,2,7,98.65625344238335,5,3,-6.34120284099508,-2.6699339656856766,3.671268875309403,2.4401556460478435,14.242379505407975,15.925349684523008,0,10,2,0,526.3532027771358,7.475951051619502,1,False,-1.682970179115033
MOL01867,kinase,359.26985281143396,1.8129642839834097,2,5,66.58671242381911,8,1,-6.602683822381117,-1.8378316036131344,4.764852218767983,2.78131652646965,12.024192681483944,13.874991803155378,1,5,2,1,365.78126438540465,7.775445413022657,0,True,-1.8507991216714341
MOL01868,kinase,548.4186277048832,0.3152002767394557,1,3,62.04058889556318,2,3,-6.427283140067462,-2.6908484398843857,3.736434700183076,2.3675305033776746,12.27011227899571,14.204880811573057,4,3,3,0,348.01746835562454,7.132162638662606,1,False,-1.9347685325773476
MOL01869,kinase,416.9884632243906,5.134877136987076,2,8,85.46388723179543,3,1,-6.090419181219503,-2.8034912865892627,3.2869278946302405,4.8847464654672565,14.27266857654075,15.536642011837609,1,5,2,1,361.3976132732695,6.901510503604392,1,False,-1.2639734352968581
MOL01870,GPCR,360.48192326024116,0.9862319549288816,2,5,64.86201136763805,6,1,-5.58305732278871,-1.4886982725652715,4.094359050223439,3.0525915301088533,10.937583952198034,6.3714425692624825,0,7,0,2,399.10148847518536,7.016984707169345,0,True,4.566141382935552
MOL01871,other,486.88087078169235,1.5668255311391002,1,4,65.30202573245403,2,2,-7.063500575124249,-1.9295463673897246,5.133954207734524,1.6851180498935452,10.069738912805123,13.454588420824573,0,5,0,1,337.0058264060365,4.472699744538232,0,True,-3.3848495080194496
MOL01872,kinase,262.45489430202593,-0.7137517618259306,0,2,11.854486102050185,6,1,-6.7242348573183115,-0.687799294732334,6.036435562585978,1.0811540312253307,8.174563886605101,7.9600644371815665,0,6,1,1,483.002791104195,4.725117244836259,0,True,0.21449944942353483
MOL01873,PPI,237.64947706161038,3.309777418537636,0,4,44.02211177588621,7,2,-5.217015909248216,-2.4775184393432914,2.739497469904925,2.4529907282929075,9.89224847371646,8.455750479393423,1,1,2,2,274.45487065455836,6.0473763045052085,0,True,1.4364979943230374
MOL01874,epigenetic,506.9181592637335,0.5334285039025208,1,11,113.59848494204421,6,3,-6.872002823288487,-3.8429802794978594,3.029022543790628,5.603768141315751,17.14996302618584,16.76294057231673,4,2,0,0,325.0691462286882,7.91805055890113,2,False,0.38702245386911116
MOL01875,kinase,294.1467307036916,5.123650985706047,2,5,69.25012431586617,7,4,-6.04651918852721,-2.1484496020097104,3.8980695865174995,2.923258347065378,11.60971952026662,14.51535819477906,2,3,4,0,413.62310132939,8.391346918602304,1,False,-2.9056386745124403
MOL01876,GPCR,292.269781854191,3.000454043704114,2,5,86.53268266296162,7,1,-5.929880094006747,-1.3714097580017064,4.5584703360050405,3.9102398831918848,11.284904113473877,9.958837215015464,1,5,1,1,333.5150703927794,5.947049722034681,0,True,1.3260668984584125
MOL01877,nuclear_receptor,339.7039029112197,4.114803376423103,2,2,25.040126842533205,6,1,-6.377622715888405,-0.9471536052402285,5.430469110648176,0.855352122307259,9.484411114230712,8.692026534025509,1,7,2,1,465.1784226904726,8.294807907576496,0,True,0.7923845802052032
MOL01878,epigenetic,478.19943773390946,2.912977633911934,2,7,151.263167075878,6,3,-6.716452562288769,-3.3122245059875475,3.4042280563012213,5.501487358465015,16.276702103523643,15.901124301232825,4,12,2,2,614.2064795175002,8.364084733109443,0,True,0.3755778022908185
MOL01879,kinase,276.04099135194167,5.504461968031401,1,6,84.0865264280989,3,2,-5.5194127216766695,-1.576664059796723,3.9427486618799463,4.274205911952082,10.793027136881854,14.131021158613786,2,9,1,1,511.6061064918191,7.128461263448826,1,False,-3.337994021731932
MOL01880,GPCR,206.51537323279948,3.1084839877157155,0,5,89.01493739963111,8,4,-5.993787345546317,-2.6458725353501036,3.3479148101962135,3.7082724170802184,9.824544924431073,11.308563351424551,1,4,1,1,348.84699278789435,6.966445028367067,0,True,-1.4840184269934777
MOL01881,protease,451.02071062220307,5.290537510253053,2,2,44.244542579180774,5,1,-5.875788255341738,-1.808853300305961,4.0669349550357765,1.5888818476980755,11.10122538517072,10.57480252338327,1,6,1,2,385.44391121183605,5.361146014751628,1,False,0.5264228617874505
MOL01882,GPCR,420.25160649383434,3.136280804366183,0,4,54.833764628415445,4,3,-6.158740749690838,-1.8593173933217029,4.299423356369135,3.2673212973029537,11.110419379045561,13.928849621203995,0,7,4,1,516.7217430693636,7.938903355806762,0,True,-2.818430242158433
MOL01883,protease,295.1145353063692,1.7050826007103157,2,4,75.2241260978767,2,1,-6.403966060544333,-2.431074778848145,3.972891281696188,3.1797957082785517,8.580158988361811,7.825191564004586,1,2,0,0,304.96793602786005,5.019711569003408,0,True,0.7549674243572246
MOL01884,kinase,384.6074933753375,5.438500880501006,0,12,115.70335423750593,6,1,-5.865620619416611,-2.195057987779412,3.6705626316371993,4.342493928918309,12.916867719656034,11.815066759013682,1,10,2,0,419.8184923804548,7.191844599664259,2,False,1.1018009606423522
MOL01885,PPI,553.0807612760271,3.583689532526868,0,3,20.785503683757234,6,4,-6.539339485433091,-1.2656346738227577,5.273704811610333,1.272477220841977,13.367212277112909,17.64019194642953,0,7,3,1,528.2118530070009,6.556640388494758,1,False,-4.272979669316619
MOL01886,nuclear_receptor,299.02003293674187,1.015387276587459,2,6,81.17799772404112,7,2,-5.604249101832661,-1.8945647023158214,3.7096843995168394,3.1990912676081464,12.391904792506411,11.622215752377935,1,6,0,0,382.9085579923896,6.403083193306787,0,True,0.7696890401284762
MOL01887,other,314.7886759634065,2.5501834403792065,3,4,63.08001814556191,0,4,-5.95073141498719,-2.629438322501646,3.3212930924855435,2.055028944481539,10.508127150532404,14.020768130672685,0,7,1,2,475.5108026274361,6.306325208171142,0,True,-3.512640980140281
MOL01888,protease,511.5460026395546,1.4644437775148116,0,3,42.00647640458767,5,1,-6.306628093870289,-1.6211752194563405,4.685452874413949,1.5797057995821309,10.88516843285579,12.263954346476083,0,4,0,1,416.33837579396794,6.45655011073161,1,False,-1.378785913620293
MOL01889,PPI,288.10052461110826,2.5064661499333565,0,4,43.91143456092015,5,1,-5.981502416373709,-2.0779900105358364,3.9035124058378723,2.2977408943781104,8.555147343116069,4.867041573988525,0,5,0,0,383.80470890211956,6.241590177721998,0,True,3.688105769127544
MOL01890,GPCR,271.53662521139984,2.72031960863013,1,3,35.763176523544075,3,2,-5.580756890847207,-1.4630380974810862,4.11771879336612,2.2707287476471496,8.281945433747346,8.075897520570312,2,8,1,1,488.74073926603864,7.729717717065255,0,True,0.2060479131770343
MOL01891,ion_channel,543.6826962324918,2.2849708273701825,0,5,63.057149746929824,3,6,-5.6247291160475905,-1.7777239717851299,3.847005144262461,3.515999070027961,13.65338611867611,15.408014380285028,1,4,4,2,361.98470996740093,7.732924907847003,1,False,-1.754628261608918
MOL01892,GPCR,286.93432292098817,5.108528257135862,0,4,31.12852883950215,5,4,-6.273936312862581,-1.9814298071128187,4.2925065057497624,2.3645790423726787,10.083630782843997,13.33948382357941,0,8,3,1,491.2104706672439,7.0337924117337405,1,False,-3.2558530407354134
MOL01893,kinase,375.0208909056549,3.9195450585051255,1,7,116.80409242169331,1,3,-5.780258347590893,-2.096235628150659,3.6840227194402337,3.8873220322108555,10.51520782775263,13.17927236716323,3,9,2,2,511.06843890996527,8.431255714994293,0,True,-2.6640645394106013
MOL01894,kinase,423.678746703586,2.3337451975765227,2,11,128.95010644403456,4,2,-7.012708453286289,-3.2387486909479497,3.7739597623383396,5.005255295357417,16.064892575192573,14.792942943683475,1,8,3,1,498.15129304812143,5.888723497747261,1,False,1.2719496315090986
MOL01895,kinase,389.054620757253,-1.0895679227028383,7,6,90.35408782034796,1,1,-6.5033957164771925,-2.894482169508429,3.6089135469687634,3.2913978396541212,12.769239243071658,14.50671062846001,4,6,1,1,509.90851796246375,5.0629015188810556,1,False,-1.7374713853883517
MOL01896,other,265.6875980804673,0.7780558803900364,1,9,80.6151917959815,7,2,-5.60919377559445,-2.6587856809378363,2.950408094656614,5.218510549749016,13.662876115559657,12.748159788701209,2,1,0,0,228.1968619759157,6.037519076863763,0,True,0.9147163268584482
MOL01897,GPCR,144.28245134152976,2.941034573446029,1,2,36.530932560232664,5,3,-6.224965759397205,-1.6764240571830495,4.548541702214155,1.9784549498579334,6.928380928881269,6.4054991197942,1,8,1,1,464.34932681249535,6.921934023766279,0,True,0.5228818090870693
MOL01898,protease,304.87966462856525,3.7024610609929534,3,3,61.369056585678116,2,2,-6.560112828869951,-2.6437710441404842,3.9163417847294664,2.134406090193788,8.894464586701456,10.254131161972643,3,4,0,1,395.1598788842919,5.16773318657771,0,True,-1.359666575271186
MOL01899,kinase,318.557755510982,3.362900242057687,2,5,67.09012451585318,3,2,-6.081373537837132,-2.1239419768821044,3.957431560955028,2.9381834551298054,9.630086185369203,7.733410285189297,0,6,1,0,322.62657901911473,6.649740900222062,0,True,1.8966759001799058
MOL01900,GPCR,219.26960274990532,2.5100606155996226,2,3,45.16049445106216,10,3,-6.0209136191456984,-1.9715359114172812,4.049377707728417,2.1987036970424887,10.30741721460674,6.756055623621859,1,5,3,0,328.5569917843615,7.066600257751019,0,True,3.5513615909848815
MOL01901,GPCR,544.263849412991,3.147406379626416,2,6,70.8181227397088,6,2,-5.868242103219439,-1.3937306002815686,4.474511502937871,3.0203738128098565,13.948203732093097,19.604014375130692,0,7,1,1,376.9707981637034,6.510677794280918,1,False,-5.655810643037595
MOL01902,kinase,428.7072733423381,0.8979794290316474,2,1,28.557056682824168,8,3,-6.536431047087701,-1.663758396055986,4.872672651031715,1.6177586067333884,11.646846882791085,14.369079679761734,2,7,0,0,407.4421658919782,4.70621080351599,0,True,-2.7222327969706495
MOL01903,GPCR,427.71394481356407,3.281364089039314,2,3,40.21981975155257,2,3,-6.1420490932192,-1.3166060574038343,4.825443035815365,0.0,9.975648709691002,14.263753496744927,0,1,3,2,346.6318858138838,6.351647554647092,0,True,-4.288104787053925
MOL01904,kinase,427.34743127342267,2.777516279857414,2,3,49.954217708071496,2,2,-6.494206955512615,-2.160714774191516,4.333492181321099,0.8906940091775584,9.322926210516542,11.366313267295894,1,6,0,1,274.89147376467497,7.747877840694794,0,True,-2.043387056779352
MOL01905,kinase,273.6246218060512,2.7376369887133927,3,4,43.32744720809829,5,0,-6.981232498384549,-1.4336286924334314,5.547603805951118,1.985567155387891,9.109047381887102,10.896650677516057,3,4,1,1,365.3352370825941,6.69797156937994,0,True,-1.787603295628955
MOL01906,other,223.2390159686209,2.6514855094848273,1,3,71.92627462678145,8,2,-6.193964911533819,-2.5012595461274336,3.6927053654063857,2.698011666439184,8.956068514549838,12.81067022419949,0,6,1,2,425.0665895858961,5.823755034160541,0,True,-3.8546017096496517
MOL01907,kinase,466.8541378072763,2.221679049975404,1,7,55.34632672992398,6,1,-6.405461925014975,-2.761992401105332,3.643469523909643,3.047478331134318,12.389382007851673,15.112589829304172,1,4,2,2,408.6073733192715,8.005426275435127,0,True,-2.7232078214524993
MOL01908,kinase,464.2969833045002,3.3109423948562133,4,5,110.29580841625148,8,1,-6.574071059644046,-3.079849717388992,3.494221342255054,2.7744262241595123,14.181928961718116,17.555138379867245,1,8,0,2,467.4508853981797,6.938037076790503,0,True,-3.373209418149129
MOL01909,nuclear_receptor,429.6661819627161,3.2924786363608134,2,3,25.6496555990051,6,5,-5.49016160428268,-2.3115288408744927,3.1786327634081877,1.914722478813879,12.884489245174187,16.592563793571617,2,2,0,0,323.23650301021314,5.571828400865805,0,True,-3.7080745483974304
MOL01910,other,414.1007065789335,2.766429799495687,2,11,95.53045209648496,8,1,-6.241917815958913,-2.1513685113715817,4.090549304587331,4.595267360006895,14.75432962383518,14.404439886502113,1,8,2,2,385.58092435908804,7.996800705523374,1,False,0.3498897373330667
MOL01911,protease,373.6652851456693,4.655163123943983,0,2,57.80864433953056,4,3,-6.4507464262015635,-1.9844745413136733,4.46627188488789,2.1270121406939446,11.085710524327324,12.914989518096393,0,5,2,1,428.35836769120664,4.9134251773918605,0,True,-1.8292789937690692
MOL01912,kinase,393.5686565490321,4.261648738427122,1,3,57.10685780282633,8,3,-5.884994542310935,-1.532849492128749,4.352145050182186,0.779701390032765,10.926127189550652,8.70423036822249,0,3,0,1,244.3155378518474,6.746885624587361,0,True,2.221896821328162
MOL01913,kinase,361.2868672851481,-0.0022382263020217508,0,6,59.53325118277087,7,6,-7.245160434119338,-3.1597839708771476,4.0853764632421905,3.3442091575162687,12.325057063497644,16.466012365089647,2,5,1,0,461.63130056770365,5.5350709502868,0,True,-4.140955301592003
MOL01914,other,213.24640964713043,4.079060588623046,1,5,55.14120267403962,2,3,-6.498567688026066,-3.1325072842843147,3.366060403741751,2.281155914046634,7.309572438224772,7.828049264075328,1,9,2,2,473.39275959104566,8.389190051453808,0,True,-0.5184768258505557
MOL01915,protease,181.47526672677918,3.577796607707619,5,7,100.78144896858356,5,3,-5.872173261697526,-2.18037256393687,3.691800697760656,3.419728871760817,12.37596149499317,14.129002370866203,1,7,1,0,441.0248922319808,5.97832107781694,0,True,-1.7530408758730331
MOL01916,other,172.3745314987978,1.8557221623029156,2,2,52.552442816379106,0,5,-6.211260058291329,-2.4852657649144096,3.7259942933769197,1.4438329434532482,7.247962372353321,11.561324968480752,1,6,4,2,378.9796137576475,6.394370151761351,0,True,-4.313362596127432
MOL01917,kinase,332.4610016012742,2.8892252016501967,2,4,65.26145321964604,5,1,-5.956806391037654,-1.4666185196382067,4.490187871399447,2.525183654418766,10.198533047253058,12.374977828888456,1,7,2,1,427.14481753132804,7.750716564205701,0,True,-2.1764447816353982
MOL01918,kinase,169.98391158783505,4.955710605590539,0,10,101.88700069723978,4,1,-5.902653161453566,-2.3354570264165595,3.5671961350370065,3.478527319639178,8.249821472158368,6.9549304391556,4,8,0,2,466.2741226161361,8.034806474485833,0,True,1.2948910330027683
MOL01919,PPI,477.9704731600259,2.7179178021036634,1,10,121.50230924123024,1,1,-6.703159436818671,-2.84256786334693,3.8605915734717415,3.9260634891438473,11.543537490850937,12.45571348395703,0,7,0,2,449.8626550738614,6.792342801158191,0,True,-0.9121759931060929
MOL01920,other,554.9291938952354,2.1278192500582103,1,5,74.39176042268981,6,3,-6.422678953313934,-2.74269340289852,3.679985550415414,3.338893628927052,14.615330411767998,16.179778450158846,0,5,0,2,447.3703065272958,7.4159056761855515,1,False,-1.5644480383908483
MOL01921,protease,405.64346844040386,1.918662117053887,1,6,96.6858856864712,3,2,-6.206755109577968,-2.5769547908994,3.6298003186785683,3.0176980156916264,10.871379866490544,15.401981282236392,0,8,3,2,423.33414263430785,4.969878396649298,0,True,-4.530601415745847
MOL01922,protease,401.18875233381164,2.126556869793277,2,3,53.87452567334286,6,1,-6.370233765155916,-1.7634871755079062,4.60674658964801,2.07443245405356,10.97184375695327,11.301907848267334,3,4,1,1,279.03984134248685,6.979726503175795,0,True,-0.330064091314064
MOL01923,nuclear_receptor,297.17539988725935,0.4872304987245082,0,5,47.41833314137287,7,0,-6.171230881400716,-2.670900225516299,3.5003306558844174,0.7255243262759616,8.174725714955786,9.771310041992978,1,2,0,1,333.37164135699146,4.497159336131814,0,True,-1.596584327037192
MOL01924,PPI,356.215151402002,0.5080050541931636,1,6,95.19486979662548,9,1,-6.76660671909769,-2.7143450702114054,4.052261648886285,3.251651630100117,11.37873312298801,11.169387141121708,0,2,3,0,344.4965402853225,7.52220081813419,0,True,0.20934598186630105
MOL01925,kinase,120.0,4.221092262055365,4,5,85.63527266923393,1,2,-6.437311072875072,-2.220411802518115,4.216899270356958,3.975593553775215,8.940642586781562,9.24038622316694,0,4,3,0,501.80915245297393,7.30653128324873,0,True,-0.2997436363853776
MOL01926,nuclear_receptor,466.1537897558617,3.3474859073053334,0,2,65.08487011946404,4,1,-6.077183748232192,-2.0225035670320524,4.0546801812001405,1.8615645486919774,10.120043917738288,11.26919920670149,1,7,1,1,440.80344588529977,7.087038120331446,0,True,-1.1491552889632022
MOL01927,epigenetic,225.96316528952707,1.200579808344917,4,5,90.75807197260286,11,2,-6.641635039903535,-2.13265575503899,4.5089792848645445,3.6570150828485377,12.466240231036219,13.135611397951251,1,3,2,2,294.40435825869673,5.083708023505004,0,True,-0.6693711669150328
MOL01928,epigenetic,327.55905180757975,3.532331604915602,0,5,76.01942655419943,8,2,-5.488990636389804,-2.582513416719215,2.906477219670589,1.4429927441855395,10.469702068124075,13.22828520205514,0,6,2,2,466.19001023165504,6.810751004868423,0,True,-2.758583133931065
MOL01929,PPI,428.9012445984297,3.27649846057276,1,3,47.21672656487908,2,0,-6.5966230011379725,-1.0274612277222372,5.569161773415735,1.8674324300742604,8.938324984980158,11.171305312742529,2,8,0,0,359.44133857955643,4.656132161120912,0,True,-2.2329803277623714
MOL01930,GPCR,367.3976956824791,3.443777529552577,1,5,65.95326885809047,5,2,-6.644993510695219,-1.581997113907395,5.062996396787824,1.321830667823841,10.379586800902594,13.3138268348279,1,7,4,2,560.7234085444815,7.272630220524284,0,True,-2.934240033925306
MOL01931,other,303.72607309648595,2.1959102610608334,4,5,85.26291118211992,8,1,-6.835770133809127,-2.3072029061645383,4.528567227644588,3.3258492035054017,12.15441579952741,10.638689049034586,2,5,1,0,345.636572273345,6.7413846617760145,0,True,1.5157267504928242
MOL01932,kinase,370.9825876181266,1.8522960817286847,0,3,38.601613998633916,6,3,-6.709923768527424,-2.3573631267421558,4.352560641785268,2.6235097611704075,10.818275323661968,11.73216628598263,2,2,1,0,243.09415816861508,6.597950449668437,0,True,-0.9138909623206626
MOL01933,PPI,452.82560128021044,4.679186221645978,1,6,81.36788207396376,10,3,-5.438576890224777,-1.8643479021820137,3.574228988042763,2.526568129937605,13.131283290102777,15.077128049452538,1,3,2,0,362.7975992763508,5.487352035227358,0,True,-1.945844759349761
MOL01934,kinase,302.6756174463226,3.4674588184232324,1,6,74.0510901309492,7,2,-5.984525425419627,-0.6265519597474274,5.3579734656722,3.1777052012481435,10.147670629221023,13.305218270122973,1,2,3,0,399.9426639438138,6.561369591966068,0,True,-3.1575476409019494
MOL01935,protease,401.46445475122516,3.699481382898515,2,4,51.82622379237081,9,2,-6.27656034615849,-1.951008644812351,4.325551701346139,3.1079108884212654,12.794555516045587,12.7782151122587,0,6,2,0,527.7358172311815,7.737635684922514,0,True,0.016340403786887947
MOL01936,GPCR,297.00145169953606,2.842619654815609,0,5,79.63531952261694,3,3,-6.072123501362195,-2.403468664382048,3.6686548369801466,3.0395275655661154,8.599423560041846,9.42687896721625,2,9,2,1,470.43111797509187,9.26603569254224,0,True,-0.8274554071744049
MOL01937,GPCR,137.79138022615479,1.1007057997704732,1,8,87.92203396858982,3,3,-6.526146277637483,-2.1996277704500162,4.326518507187466,3.6689761317062666,7.929772233601335,9.058894634334292,1,2,1,1,501.4016317538211,5.689844496205889,0,True,-1.1291224007329568
MOL01938,GPCR,365.0779489353102,4.411252511169629,3,7,80.91673079066608,10,3,-6.183477549611273,-1.427495743543484,4.755981806067789,3.1170098190231914,14.72443297707416,18.04163616504293,3,9,1,2,520.5032522936706,8.974021237329977,0,True,-3.3172031879687705
MOL01939,kinase,344.46253309275875,2.1386557833608175,6,5,105.06736779705187,1,5,-6.244979973301477,-2.976442293608241,3.2685376796932357,3.09268853325133,12.510083886985193,15.465080278360682,2,8,5,1,530.2637586576111,8.843011750155222,1,False,-2.9549963913754898
MOL01940,GPCR,406.7217456901799,2.532288879645009,2,5,51.41079841275814,2,5,-7.024672669898996,-1.4501527530754537,5.574519916823542,3.7873148245114954,12.808972547296058,15.035645561417162,2,8,3,1,534.2811413643745,7.089130574089065,0,True,-2.226673014121104
MOL01941,PPI,237.50752773754522,4.183013135617001,3,8,124.07723564510488,11,2,-5.853673083043848,-2.1613164876296636,3.6923565954141844,3.497632008427497,13.083638683610912,17.001944945285064,3,6,0,0,375.9836057083574,5.1780455920029445,0,True,-3.918306261674152
MOL01942,nuclear_receptor,474.9762171731627,3.4958653082505493,1,3,82.27030051412129,7,3,-6.329358617915161,-2.733426620162229,3.595931997752932,3.42975581626194,13.667430935468227,15.822585779100809,0,7,3,2,406.02756811942834,5.376513935035499,0,True,-2.155154843632582
MOL01943,epigenetic,587.7499402922567,1.6826009348234847,0,1,36.585124238172995,6,1,-6.146624935618822,-2.1000172107217057,4.046607724897116,1.476286108689028,12.348894040480008,14.625036919933342,1,4,1,2,322.4826634060503,3.733000661608935,1,False,-2.2761428794533334
MOL01944,nuclear_receptor,471.00213039675793,2.135379898189222,0,4,30.92200215028148,4,3,-6.297210827506176,-1.2979126483263121,4.999298179179864,2.9679159470601055,12.199748276424899,15.4857604864708,0,5,3,0,302.1438678941766,6.876139295192353,0,True,-3.286012210045902
MOL01945,protease,263.22318409960826,1.5754129134464698,2,7,84.01038754621237,6,1,-6.3694047423717866,-1.6631642889082536,4.706240453463533,4.430358920564164,12.015012051547334,10.638444769434646,1,4,0,1,346.17184018264584,5.964272807893041,0,True,1.3765672821126884
MOL01946,GPCR,305.10388592212206,2.436389399175046,2,4,68.62116854449998,4,2,-6.06766523251534,-1.83619982935821,4.23146540315713,2.7833997632474667,9.071811178987103,10.342366600339766,1,6,2,1,453.41317123040363,4.589481724378959,0,True,-1.2705554213526629
MOL01947,nuclear_receptor,372.445031516108,4.129537814085818,0,5,80.65019153201523,5,2,-5.438680427897072,-1.9647217318580614,3.473958696039011,2.0994298076139852,9.543605440866939,7.720375479836811,1,9,3,1,389.51915256308985,8.95340758754098,0,True,1.823229961030128
MOL01948,GPCR,213.31210654449865,1.4136524345510653,1,5,90.19336632743935,7,1,-7.064456360656072,-1.5960707855300234,5.468385575126049,3.5627638486349125,10.737654222015355,13.280543450396618,2,3,1,2,438.43399763680793,7.525467794412902,0,True,-2.542889228381263
MOL01949,nuclear_receptor,289.61036631769935,2.8311476959495794,1,6,77.74717448745437,5,0,-6.424764761152938,-1.9622118357429932,4.462552925409945,2.6026023026556424,8.640627597685555,10.170030625380672,1,5,0,1,375.5151555875204,7.172188330357558,0,True,-1.5294030276951176
MOL01950,epigenetic,535.9676701363185,3.086199755320169,1,7,101.38546679059748,8,0,-6.636643394474244,-2.7996308886550576,3.837012505819186,3.1513359998176225,12.748856062704213,14.35061400419693,2,6,0,0,392.8831258201699,6.6975590539100205,1,False,-1.6017579414927159
MOL01951,kinase,405.8839264139767,1.7453426117633288,1,2,18.785516100996528,3,1,-6.447546246441945,-1.820267452379321,4.627278794062624,1.3198699537057854,8.94516620667468,9.546893939783777,0,5,1,0,395.82769529425235,5.677878120387722,0,True,-0.6017277331090973
MOL01952,ion_channel,465.4786431245245,1.6042890541723454,1,6,81.91570667094794,2,2,-6.149237381521768,-1.821342622607244,4.327894758914525,4.530561647610824,12.759625069861674,11.233730333472757,1,3,0,2,449.0148015299129,6.029043352468786,0,True,1.525894736388917
MOL01953,protease,200.22325710570166,1.6714583268936427,4,6,87.88867566352152,5,0,-6.879066706305427,-2.1886712032914706,4.690395503013956,3.49023278190986,9.46776714483912,10.180162078989728,1,6,0,1,321.26518211256973,6.892242746945351,0,True,-0.7123949341506073
MOL01954,PPI,383.5654857307507,1.8255392974449258,2,11,159.34783184086962,6,1,-6.60343033501227,-1.7556132870153873,4.847817047996882,5.5759690636074,14.916277291508914,17.435295367600983,3,6,2,1,393.7366266061045,6.733686260452117,1,False,-2.5190180760920686
MOL01955,GPCR,387.2889745469576,2.5678791720567844,3,5,61.45513241501553,6,0,-6.704981628966828,-1.1701875310633751,5.534794097903453,2.3192936866526113,11.798708769719292,11.550964956181199,3,4,0,0,235.77212234139043,5.285423787734873,0,True,0.2477438135380936
MOL01956,protease,468.99293302156417,0.11967049982273359,2,12,149.2614392723992,2,3,-6.957071297188406,-2.9171579824225726,4.039913314765833,5.825677776257009,17.14062509710725,18.58113399094504,1,2,1,0,420.33733879028136,5.837263786234688,1,False,-1.4405088938377908
MOL01957,kinase,277.1588267770735,1.7358494145077876,2,8,122.13706873671939,3,1,-5.7146793098995525,-1.8667900178415509,3.8478892920580017,5.3771691468820215,12.533415900873901,14.892948344161605,2,4,0,1,493.62118196544986,7.614642676279506,0,True,-2.359532443287703
MOL01958,epigenetic,428.43308310617147,0.2564164555376962,1,8,96.51382368334907,5,7,-6.69208696453378,-2.616053863198715,4.076033101335065,5.389117739513255,16.260838616490577,15.914022410184362,3,8,4,1,557.9951257430143,7.562506598423163,0,True,0.34681620630621524
MOL01959,ion_channel,366.70436818462866,5.6073546255093945,2,3,57.25850672167964,5,2,-5.407350623641542,-1.9192460715279758,3.4881045521135663,1.5871308647680045,11.055452882830435,12.208454500913879,5,8,0,2,373.5138870349112,6.773656600704387,1,False,-1.1530016180834437
MOL01960,nuclear_receptor,358.08579908739944,2.6468316027497534,1,6,80.87652356392233,6,0,-5.658899395045099,-2.310013039925141,3.3488863551199577,3.3414558244306827,10.645994610801308,9.833296921942603,1,3,0,1,289.43460359937046,6.2772410518137995,0,True,0.8126976888587052
MOL01961,kinase,372.536778368522,2.74988125370194,1,5,45.26555893206109,6,4,-7.074673647939978,-2.5351736697010177,4.53949997823896,2.201563575381334,11.034791914042007,11.110244585188648,2,6,1,0,395.7824812871066,6.7743452464948835,0,True,-0.07545267114664078
MOL01962,protease,275.1031306543772,1.4884434665749944,1,6,52.87689073081012,3,1,-6.132633189013302,-1.6714368053658046,4.461196383647497,3.3373909680804985,8.407309084981353,7.642832967692844,1,3,1,2,225.67502049029486,5.570817551356628,0,True,0.7644761172885088
MOL01963,epigenetic,406.66238418158866,2.2444589625733844,0,8,60.8547224060825,7,0,-6.47848328139127,-1.364993881747657,5.113489399643613,2.943149208756066,10.417850529566847,8.950918347602634,0,4,1,1,290.0937889830981,5.405317245387271,0,True,1.4669321819642125
MOL01964,kinase,508.78202449099985,2.5704041909907382,1,5,8.94398812726422,5,4,-6.422652845516471,-1.7765667621120156,4.646086083404455,1.7289065735682934,12.048978889388708,13.998112718851294,1,7,4,1,532.345019245593,9.476007727721681,1,False,-1.9491338294625855
MOL01965,PPI,534.2409458006366,2.6521090679235266,0,7,74.38912895817042,6,4,-5.611722866994082,-2.530036876280337,3.081685990713745,3.6728872937908728,14.866378731462014,18.322602249612462,1,5,3,0,424.4329562841908,5.450832245963897,1,False,-3.4562235181504484
MOL01966,kinase,338.08061431469235,1.3704419522135969,4,5,87.36315211871354,5,0,-6.929667516209282,-2.172473129398112,4.75719438681117,3.925860978180787,11.146329575154876,10.547855682836115,2,4,0,2,338.85519312064844,7.806600860321773,0,True,0.5984738923187614
MOL01967,other,363.77932522694346,3.3365759001692,2,7,80.58702681539128,6,1,-5.749499012115021,-1.6057392631890735,4.143759748925948,4.066659158169239,12.423101920772389,16.533560107024535,1,5,0,0,324.0174910513539,5.025126120842721,0,True,-4.110458186252146
MOL01968,GPCR,319.845016603118,3.2978769630201685,2,1,21.40236191601209,4,0,-6.245005671200639,-0.5689570687390053,5.676048602461634,1.832174572659158,9.307081299926189,9.38478952397449,1,5,0,2,300.45012592395767,5.501251418282205,0,True,-0.07770822404830113
MOL01969,epigenetic,320.98606075590243,1.5194568435027929,0,3,46.4345915904708,5,4,-5.780496867500182,-1.6120782213364864,4.168418646163696,2.53923154119523,10.764067835668001,12.15955780935137,0,4,2,2,481.61747608700085,4.019353111430249,0,True,-1.3954899736833681
MOL01970,protease,290.9497738219642,2.8096972596163954,1,5,79.51291776231538,4,1,-5.806367558143364,-1.2780497972329596,4.528317760910404,3.0549921383034007,8.80986247919743,8.52541623276465,0,6,1,0,419.3433001566291,6.32236505300993,0,True,0.28444624643277905
MOL01971,ion_channel,321.5223797548933,0.4811381857843253,0,3,44.18555005748699,8,4,-6.6952104259332605,-2.563444616466939,4.131765809466321,2.3528440309801955,10.840598030528442,9.04679844522509,1,2,5,1,364.5118502313961,5.136211661916067,0,True,1.7937995853033524
MOL01972,GPCR,430.8811784841331,0.9395369065561581,0,5,75.90890998937601,3,0,-6.163359989023563,-1.0671637907861826,5.096196198237381,2.9243204488175536,9.983782151728033,10.825342254644513,2,5,0,0,280.01921065651345,6.358218516170386,0,True,-0.8415601029164801
MOL01973,GPCR,413.8938333241133,2.6597103166375122,2,8,113.00161077766587,4,3,-6.352638612022505,-2.4827087255251974,3.869929886497308,4.155687830895764,13.19647254181545,17.518748821179408,2,7,0,1,402.54195113293923,7.318993357859723,0,True,-4.322276279363958
MOL01974,other,540.5089328729559,3.8861360267104126,4,7,102.4023258400471,7,1,-5.492007903912138,-2.5832679371638823,2.908739966748256,4.171194412987054,17.09319992108126,19.69819988557785,0,5,3,0,417.09543162263316,5.637658659263431,1,False,-2.6049999644965887
MOL01975,kinase,351.33299173624886,3.4775649952523566,1,4,68.36830617059803,5,3,-6.194542897038717,-2.2488563618569137,3.9456865351818036,3.17158301610474,10.180880304268824,12.415360085158154,2,3,2,1,452.7642988338754,7.26150128720415,0,True,-2.2344797808893304
MOL01976,GPCR,351.20690118787576,1.8823549968853053,1,3,42.4138267095734,8,2,-6.770731183000931,-1.7514490193963432,5.019282163604588,2.2324150398520017,10.553521072756222,12.57666325724177,0,4,0,0,317.58264746097393,5.67027505980077,0,True,-2.023142184485547
MOL01977,ion_channel,421.1581740789394,4.840774968544016,0,7,94.02493003389162,4,5,-6.639390564521825,-2.9092657862293896,3.730124778292436,3.1655668117376923,11.991341249535282,14.41988625768335,1,9,4,2,533.8232665756937,7.359697833631316,0,True,-2.4285450081480686
MOL01978,protease,467.1058994687393,2.3866435686282834,2,6,57.56923393226296,3,2,-6.23675408979267,-2.3437608821557547,3.892993207636915,2.401280366624064,12.023942900922776,16.334745534884046,0,6,1,1,402.3567347364091,5.650275119188731,0,True,-4.31080263396127
MOL01979,kinase,414.73244404860463,1.034474602042859,0,4,37.29898415563949,7,2,-6.601563256043061,-2.0454859425543113,4.55607731348875,1.4629251737789,10.64700380785436,8.196238932635389,0,2,2,1,244.49978076375604,5.634102647937083,0,True,2.4507648752189706
MOL01980,protease,286.2224418914658,3.0877466338840325,3,1,46.819370201755,10,4,-5.667804570392478,-2.4571137813018757,3.2106907890906027,2.908948740498034,11.979108433527676,11.505134077513313,0,4,3,0,376.3951113237205,5.819644272894758,0,True,0.473974356014363
MOL01981,kinase,431.99486603037684,1.319897360446137,1,4,69.72655569092515,7,3,-6.977791372745623,-2.1904977981252305,4.787293574620392,3.0306703415237157,12.293728190133518,13.679612900110577,1,5,2,2,380.6327073742456,6.303463200058163,0,True,-1.3858847099770593
MOL01982,ion_channel,350.8393693515141,2.606553141301965,2,3,71.66515232886532,5,3,-6.119355276466746,-1.8752023925269485,4.2441528839397975,2.7630611190320478,11.530798515067474,14.476119606574786,1,9,2,0,387.09268142891756,7.183216683618194,0,True,-2.945321091507312
MOL01983,nuclear_receptor,376.78428313648305,4.483121028951746,1,4,63.72779318695401,9,1,-5.727078223807621,-1.3689110827650786,4.358167141042543,2.098127133244572,10.49973349645656,9.482131703782963,0,7,0,1,314.73446873559567,4.780318600047956,0,True,1.017601792673597
MOL01984,protease,328.1952581115119,4.135314434525472,0,4,56.87699857937528,2,3,-5.843759483343981,-1.5821795016916087,4.261579981652373,1.976772979501124,8.196348357716316,12.325512587334558,1,5,3,0,405.2008827206251,5.253074221787314,0,True,-4.129164229618242
MOL01985,nuclear_receptor,245.55840049219677,2.291410196903546,3,5,88.81583700492897,4,3,-5.933901300122108,-2.3222438732852035,3.6116574268369046,3.688940568305342,11.06505184857309,12.997048947902902,1,3,2,0,365.88364751879845,6.606076774761258,0,True,-1.9319970993298128
MOL01986,kinase,389.7511637012171,3.0616926574609873,1,7,83.31113923368383,3,3,-6.0895981409195,-3.2293938197822163,2.8602043211372834,1.9425593258594045,10.770971900283007,10.580811489643743,1,3,3,1,390.11660613586963,6.993722373636635,0,True,0.1901604106392636
MOL01987,protease,264.29519161337225,2.559571771186484,1,4,68.30261072060036,6,5,-6.111060211023694,-2.68123931533025,3.4298208956934437,3.412329635482201,11.166576248984263,10.806295341003054,2,4,3,1,412.57237453481247,8.829750167088799,0,True,0.3602809079812097
MOL01988,PPI,394.4356104156432,-1.5,1,11,139.3459345633059,5,1,-7.319298272391987,-3.2802079637848407,4.039090308607147,5.418785333656365,13.374791878769257,10.476734347226396,3,2,0,2,201.52374260172823,5.279019132594713,1,False,2.898057531542861
MOL01989,epigenetic,225.79117985515492,5.020525930307606,1,6,70.6494367946481,6,0,-6.378989767008656,-0.7951264073169767,5.58386335969168,2.392909087396297,8.656678027664544,7.625278077708011,2,9,0,1,469.85774777250407,7.419491158281786,1,False,1.0313999499565325
MOL01990,kinase,389.0046903088493,1.4859182477278765,1,4,67.19117353928851,5,2,-7.143870906069875,-1.7625880920814578,5.381282813988417,2.798049043790596,11.299139092083822,13.685404943656753,0,6,1,2,353.15779848206944,7.730776921653163,0,True,-2.386265851572931
MOL01991,other,297.7641183323705,0.5715281249935225,1,7,99.77548221641452,2,6,-5.695778443025442,-3.808692835456587,1.8870856075688547,4.459718252216688,13.024656811106457,12.435712593810495,1,3,2,1,397.34630193439284,5.569364417303887,0,True,0.5889442172959622
MOL01992,PPI,366.65200117525904,2.9260712369878337,0,5,86.40068130387986,6,1,-6.164705117901744,-2.2840991887430278,3.8806059291587163,2.011998190096147,9.606465517350596,10.589727622332061,0,2,0,0,266.4538536687476,5.322038214123111,0,True,-0.9832621049814652
MOL01993,kinase,372.5997193363621,2.7593696640761025,1,5,77.20270808216233,6,0,-6.165276759465131,-2.219890920938735,3.9453858385263962,3.423132990952902,10.536777002911156,10.441631442279018,1,8,0,1,436.4426534359461,7.232739808534614,0,True,0.09514556063213853
MOL01994,epigenetic,466.94802165534753,3.7430732520408183,6,5,72.57522386582569,5,0,-5.657707031352308,-2.093288077264517,3.564418954087791,2.6195893946804576,13.990197310390009,16.865886839253324,0,7,1,1,242.84718740781437,6.323564737664187,1,False,-2.8756895288633153
MOL01995,PPI,267.01850151980113,-0.26428886924227735,0,5,89.19568820860955,5,0,-6.816666843887005,-1.7019107408213667,5.1147561030656385,4.568209357481351,9.655427770107831,6.107945123839624,1,1,0,0,350.68038333738974,3.971753976319421,0,True,3.5474826462682074
MOL01996,PPI,342.66776996578227,1.8335089875106996,3,5,76.9484971379064,13,2,-6.566262356402394,-1.81550313546613,4.7507592209362635,1.7463159164404467,13.612050338012525,17.357648655115106,2,3,0,1,191.8482873116933,6.100661423168571,0,True,-3.7455983171025817
MOL01997,protease,285.6972407616121,3.43915453114122,4,5,74.08788316289935,3,2,-6.39127547307415,-1.9054697124504418,4.485805760623708,2.922704500501319,11.035952141897862,10.824861418613953,0,3,2,2,200.05581090253096,5.840115615966095,0,True,0.21109072328390965
MOL01998,kinase,337.80060549055884,1.5546856325707181,3,3,65.57271318968544,6,2,-6.14574578854126,-2.018155761751354,4.127590026789905,2.4071802567252427,10.87636431808576,9.808303338124952,2,3,1,2,439.1157796095357,6.700618855268161,0,True,1.0680609799608067
MOL01999,epigenetic,221.24648328224544,5.442968929693777,4,7,105.28671361732452,9,1,-6.402103507139661,-1.968212682766702,4.433890824372959,4.029274546741544,12.320179880813146,13.27212399104742,3,9,0,1,360.36879678422497,4.95590087284951,1,False,-0.9519441102342743
MOL02000,GPCR,289.60847913171295,3.0573811479389286,1,4,57.30898636142771,9,1,-7.052583554358847,-2.2033577906957653,4.849225763663082,2.5310635657418574,9.518035681958013,9.193418631929898,0,5,1,1,365.65514499008367,5.590608773264789,0,True,0.3246170500281149
MOL02001,ion_channel,461.7567529579991,4.659771182730811,3,2,57.783791554218865,3,2,-6.0470640489539935,-1.8327635421064916,4.214300506847502,2.8178265137600533,11.357407219064386,13.254711570219895,2,4,0,1,299.87870532354725,6.178850878666252,0,True,-1.8973043511555083
MOL02002,kinase,333.40380466642216,3.366961406633965,3,4,59.540352834881205,7,3,-6.651687250717022,-1.1361268895959709,5.515560361121051,2.3583904878625033,12.409410885450079,14.796297709934315,2,6,1,2,462.62263619676065,7.188368111728872,0,True,-2.386886824484236
MOL02003,protease,301.16787387288656,0.2661171348888285,0,5,50.232264945633,11,2,-7.077971187888885,-2.2604821915955364,4.817488996293348,3.110903984907905,11.172715762442294,13.217831938991065,1,0,3,2,361.8054187490406,6.047873066701514,0,True,-2.0451161765487704
MOL02004,ion_channel,372.1796770914796,3.3039088011619384,3,3,66.2744974612612,8,1,-6.497783054824038,-1.5196814210927716,4.978101633731266,1.6148039451857628,10.802975697163664,11.650333640722383,0,4,2,0,474.66442297228093,8.011580797420336,0,True,-0.8473579435587197
MOL02005,epigenetic,317.17307934306456,-0.39042040805735034,1,4,49.34344004371708,2,0,-6.869058074909037,-2.4279760702838753,4.441082004625162,1.9185024321184603,7.251534424552264,7.2416307848283346,1,3,0,2,306.4003778434306,7.226232397753817,0,True,0.00990363972392938
MOL02006,PPI,444.3011036663488,1.7983296237800626,2,3,54.456075498742116,5,0,-5.76767365760923,-1.3298875862267157,4.437786071382514,1.9775190248970211,10.205562154765726,12.105902432323171,0,5,0,1,421.9889042092482,5.614334326914997,0,True,-1.9003402775574454
MOL02007,nuclear_receptor,305.1363913020413,2.7907990937962355,2,5,69.58029368078785,4,3,-6.555339316653879,-2.9982091392409735,3.5571301774129056,2.776246059839763,11.361384960524944,11.173667123578994,1,5,2,1,444.800924438633,6.688078797283022,0,True,0.18771783694595
MOL02008,other,175.04518198734814,3.0158631812216803,2,4,73.93622049784051,6,0,-5.8816439209495055,-1.6133706287784082,4.268273292171097,2.6328211411431206,7.882240658243371,7.27564262149883,2,5,0,2,432.7427313095413,6.621479177239723,0,True,0.6065980367445416
MOL02009,protease,407.56131042381287,3.051195810540297,1,3,49.261906142466515,10,4,-6.308809828151706,-2.3652819423839584,3.943527885767748,2.24357317722072,12.299927832195104,12.510471238837983,0,5,2,2,356.9606260472582,7.278920966167387,0,True,-0.21054340664287885
MOL02010,nuclear_receptor,196.0530660330034,2.5050874362393882,1,6,78.68968614936881,6,1,-6.889245764011015,-0.8252267768542454,6.06401898715677,4.157584556341134,10.380404123218014,11.065189302137217,1,3,0,1,206.76995221469218,4.610963965210244,0,True,-0.6847851789192028
MOL02011,GPCR,299.38540721712843,3.2914627059024713,2,6,88.22838399163176,0,1,-6.124464839021432,-1.564919966163544,4.559544872857888,2.6807304780341537,8.264771074923253,10.230572579453145,0,9,1,0,450.65100767886247,6.862738084857248,0,True,-1.9658015045298924
MOL02012,kinase,274.2260170450436,1.0442875608003732,4,4,60.29315035081213,7,1,-6.20704821647821,-1.4951913685796718,4.711856847898538,3.0418520268037477,10.183006345464102,7.047519166313309,0,2,2,0,345.1082957223339,6.925998750670629,0,True,3.1354871791507932
MOL02013,GPCR,333.397021569981,4.663231755044548,0,2,39.451156897719144,7,2,-5.879460913838014,-1.1426744006243006,4.736786513213714,1.8014071845812514,9.863781402817374,13.883427373531472,1,2,2,2,324.97589809711053,7.59904265112422,0,True,-4.019645970714098
MOL02014,nuclear_receptor,203.55170865516033,4.131621083544056,0,5,47.031456968931906,11,1,-6.255794004850623,-2.3392229765271164,3.9165710283235065,1.933187542755529,8.839487643847662,12.152335187282628,2,4,3,2,331.46976314135424,7.47976418446655,0,True,-3.312847543434966
MOL02015,protease,404.77957497217176,4.089294415509268,0,4,51.58732267032364,4,1,-6.057999882979049,-1.2847249108478889,4.77327497213116,2.250836402541724,9.421363154236799,10.26544177520777,2,9,1,1,510.534046660445,5.65436616086212,0,True,-0.8440786209709703
MOL02016,protease,388.6196007206172,3.07300481553575,1,6,90.23070419431947,6,3,-7.0516758431856115,-2.410461049788122,4.64121479339749,3.7064757952381364,12.136963083895035,13.505498051163762,1,5,1,2,328.87121424565066,6.737726684957368,0,True,-1.3685349672687277
MOL02017,epigenetic,484.7585517950631,4.382189773154622,0,2,46.47107203943102,5,3,-5.794274243069294,-1.4392696576064998,4.355004585462794,2.564199992615262,11.68401700248216,15.873179609045467,0,4,2,2,474.40109963227144,8.264286851057935,0,True,-4.189162606563308
MOL02018,other,317.44391329589746,3.874742758865742,1,4,51.15835586729017,6,2,-5.639140144322487,-1.426967399095913,4.212172745226574,1.2854798063145254,10.081979549886702,11.142332091437623,2,12,0,1,611.9207550526555,7.9095515037396416,0,True,-1.0603525415509214
MOL02019,GPCR,390.52710930263083,2.069011671598647,0,3,46.97566211049008,5,2,-5.851292904360014,-0.8965102679073029,4.954782636452712,1.8360433726046916,10.083163542238504,11.902346760895433,2,2,1,2,285.0556531119312,7.2153822985033615,0,True,-1.8191832186569297
MOL02020,nuclear_receptor,240.31352496294414,0.5193316988259804,2,6,81.6157190036837,5,0,-6.561784130091257,-2.530269609369246,4.031514520722011,2.9221652659527875,9.02612522142648,6.472657336698424,1,0,1,1,272.53289830213487,4.743761051440636,0,True,2.5534678847280556
MOL02021,kinase,289.58306346412604,0.9157668924036297,1,4,47.455488214410494,4,2,-6.2685494367649275,-1.9416225110094731,4.326926925755455,1.9435350523633934,9.205465440558154,11.788649742646163,0,4,3,1,358.78437702936935,4.248394528654751,0,True,-2.583184302088009
MOL02022,ion_channel,244.37289031655166,2.7804209997900733,3,6,115.7216335560461,2,1,-6.189620717250878,-2.900671290241742,3.2889494270091357,3.5373209498988514,9.557228987141112,11.220018657634089,2,7,0,0,325.8278021591002,6.598049497719826,0,True,-1.6627896704929768
MOL02023,ion_channel,279.64141658019525,0.5516092824569214,2,4,47.732171546532015,8,2,-6.255220689271219,-2.083973456325908,4.171247232945311,2.6687105882071065,11.183839315027257,10.740282444195268,0,2,0,0,218.93599379775281,5.426898738511036,0,True,0.4435568708319888
MOL02024,kinase,501.21054067996147,1.6821676537939525,2,8,94.27750342627412,4,0,-7.027244250853349,-2.3568837464083106,4.670360504445039,3.5981420858466824,12.488650281560835,13.826420058919958,3,8,0,2,571.9936282527196,9.419687119303767,1,False,-1.3377697773591226
MOL02025,PPI,305.53659845542364,-0.07044827135378107,1,6,56.05431598522102,1,0,-7.271910256548088,-1.996225693561799,5.275684562986289,3.734460318881116,9.457016309480998,11.475751042087204,1,2,1,0,352.7834767147947,6.181522555455099,0,True,-2.0187347326062053
MOL02026,other,372.89594701299114,1.5333360676091006,0,2,35.34356420430832,5,2,-6.697792975909278,-1.2877977879717222,5.409995187937556,1.880932071715199,9.712467703320508,11.64263634678724,0,4,1,1,340.9626040299871,5.184450049162036,0,True,-1.9301686434667324
MOL02027,nuclear_receptor,181.54152018725196,2.691400569512076,4,7,119.24092530605918,4,0,-6.788445587102425,-2.6514512412157494,4.136994345886675,4.4516815748124925,10.680413932216302,8.865162697790888,0,5,0,2,443.6194347379858,6.589250015077415,0,True,1.8152512344254141
MOL02028,kinase,429.14155365892475,1.4475220318700088,1,2,55.10319890561603,3,1,-5.924153842112254,-1.5372447104645552,4.386909131647699,1.5896692515818969,10.06727168401483,12.363184686466106,2,8,1,1,434.7959780528314,6.359219922986888,0,True,-2.2959130024512753
MOL02029,kinase,516.5352320613287,1.6013594175309371,2,4,60.70293915568522,3,1,-5.829612044850966,-1.5682129511086416,4.261399093742324,3.870500391906743,12.049803647393231,11.161695893840754,1,3,0,2,298.3313883825702,6.926877950260704,1,False,0.8881077535524771
MOL02030,epigenetic,345.4468244933346,1.5560516826202175,0,2,32.661894685299686,4,0,-6.159210383863643,-1.4809092285346532,4.67830115532899,0.7399546858834237,7.917048711495987,11.654839245367251,1,2,2,2,411.7528611535422,6.529779137247334,0,True,-3.737790533871264
MOL02031,kinase,557.2494173783455,0.7111294898919327,1,4,30.878713143711472,8,2,-5.971154388275986,-2.4982258226754657,3.47292856560052,3.7531338829527234,14.747242086545045,18.607932287396434,2,3,1,2,345.9921591109074,8.395421362590815,1,False,-3.860690200851389
MOL02032,protease,259.4014661931979,3.0339291468293066,2,7,86.42976707712342,7,4,-6.377197398907485,-2.377366496088017,3.9998309028194674,4.16740546544953,12.771273921225143,12.671526392659574,2,6,1,2,398.2243752009851,7.139606969168204,0,True,0.0997475285655689
MOL02033,kinase,348.78330825844546,3.796440234112757,1,5,37.79156286508831,4,1,-6.079418326167005,-0.7228003264318307,5.356617999735175,2.381633986849569,9.0987738026888,8.68252927010961,1,6,0,1,325.01160744611553,7.419939101585852,0,True,0.41624453257919036
MOL02034,kinase,420.3608982670566,2.479112343784996,2,8,77.7318192599342,2,1,-6.7243349410636055,-2.1029871937491187,4.621347747314487,2.3952922680316995,10.89874324468599,10.592409174494376,2,6,0,1,467.8186872581887,7.279976436526349,0,True,0.30633407019161396
MOL02035,kinase,317.9470434525428,2.5300793436618947,1,4,61.98974413272302,6,4,-6.373810786116095,-2.2343754669874007,4.139435319128694,2.2745079038292464,10.969436920664211,12.047204217360752,1,3,1,2,278.9457223612972,7.026302969927682,0,True,-1.0777672966965408
MOL02036,epigenetic,148.51233020859962,2.9367771007934325,1,4,45.635232848234274,2,2,-6.197474988367266,-1.5654721677880357,4.63200282057923,2.970785486209112,6.841140271500278,6.301246899246943,1,5,1,1,405.97984910396394,5.236386240954779,0,True,0.539893372253335
MOL02037,PPI,307.81888799851646,3.5741687288510926,2,5,89.37144569882008,7,0,-5.692614534511092,-1.5251332446787125,4.16748128983238,2.9521297876775545,10.613751009378742,10.091380360483331,2,1,1,1,296.81975942163604,5.32472232165055,0,True,0.5223706488954107
MOL02038,PPI,569.0757552799282,1.7699427184822536,1,4,71.26946411684548,7,2,-5.914320548754364,-1.6170116640216636,4.297308884732701,3.1456083225313503,14.292249993847694,15.175547754038666,2,5,1,1,280.9873811832582,3.4967975248917056,1,False,-0.8832977601909722
MOL02039,PPI,170.3249859911067,3.9959349702219926,4,3,67.41905306798886,5,3,-5.972104642898239,-2.328231808202522,3.6438728346957174,3.3876028702731205,9.86069891695685,11.273350912670743,0,6,2,1,494.17643376072357,5.989176156936197,0,True,-1.4126519957138939
MOL02040,kinase,120.0,4.470287317713845,1,8,87.30071181046833,10,2,-6.086674126712079,-2.135909790820107,3.9507643358919724,3.264642568543904,9.037947314918451,8.544520057304677,1,7,0,2,465.8038483237332,7.695977299474193,0,True,0.4934272576137744
MOL02041,other,389.47093174711534,2.2425126485121623,1,8,79.24883930101907,5,3,-6.6844190113469075,-2.485018567610875,4.199400443736033,2.237256213914204,11.883613420030954,12.638178154134174,2,4,3,1,412.25744721372104,6.67412842927313,0,True,-0.7545647341032193
MOL02042,kinase,359.29194182604374,0.5976754698391882,0,4,61.66000773363768,5,2,-6.189823110960275,-2.1942051491721863,3.995617961788089,3.2506143560387866,9.852263836083583,8.0302875061118,1,3,1,0,417.2311263186443,4.791717129889688,0,True,1.8219763299717826
MOL02043,nuclear_receptor,401.8118548502743,2.9430548481574217,0,14,163.33696530135379,4,2,-6.433780002342511,-2.6939511695892793,3.7398288327532314,6.448922989270885,14.389634894075648,17.687816114698247,1,3,1,1,339.41030795766835,6.99995267401818,1,False,-3.298181220622599
MOL02044,kinase,434.51985143845985,3.7526289157351522,1,6,78.94068657532188,5,1,-5.789047238035163,-2.1784703158803143,3.610576922154849,2.1623568553696924,11.35556611160123,14.457676047121101,0,8,0,2,368.01314680945757,5.425463632351794,0,True,-3.102109935519872
MOL02045,GPCR,467.56131343696086,1.5499770238349977,1,1,30.421338232036064,5,3,-6.4002103725675195,-1.031063005009487,5.369147367558032,1.5448937839361636,11.455502453904115,17.111989101095965,0,7,1,1,367.14437302391923,7.130245759243055,0,True,-5.65648664719185
MOL02046,nuclear_receptor,532.8165078820263,2.392447496882265,1,5,71.17937631468992,7,3,-6.071495321397258,-2.701045512752027,3.3704498086452306,2.7039941283811744,14.464882320078795,18.521926576452934,1,7,2,0,405.3602517986396,7.266724472190635,1,False,-4.057044256374139
MOL02047,kinase,313.19978227776465,3.9886059502727553,1,5,66.81441774130715,6,1,-6.359760359950369,-1.8716025407714925,4.488157819178876,2.658964883727818,10.36502536927781,8.959318821864178,0,9,0,1,370.9668697075036,5.897875068581907,0,True,1.4057065474136312
MOL02048,PPI,297.6069831030479,4.816116278920821,3,3,66.20912406110949,4,1,-6.479843714883052,-2.6541707855196894,3.8256729293633627,2.58009239866733,9.401392030797174,10.568529639263959,2,1,0,2,355.8309003054991,5.6585106614112695,0,True,-1.1671376084667848
MOL02049,kinase,393.63048541823287,2.7981751177051892,0,3,56.326264523214604,2,4,-5.746583469360667,-1.370458989930392,4.376124479430275,0.9048741245140972,9.776163685367914,12.69116011560796,0,4,2,1,343.5495534695109,7.270138097673935,0,True,-2.9149964302400466
MOL02050,GPCR,513.498988334251,0.1697034297260318,3,6,94.55717690978858,9,2,-7.051130294057333,-2.163440584873545,4.887689709183787,3.171010550648058,15.461499789090839,16.67681852315698,0,3,0,0,278.719219114466,5.511147147442806,1,False,-1.2153187340661429
MOL02051,GPCR,241.99494015235405,3.6133777933689517,2,1,50.04862525459442,5,4,-5.963094206769065,-2.2316451286257992,3.7314490781432657,0.7320143864342055,7.999342296959765,8.797591668234034,0,8,3,1,489.18701813985393,7.541341807838358,0,True,-0.7982493712742693
MOL02052,kinase,361.53330946927287,1.812137356608059,0,5,69.66616234265531,0,2,-6.747992632874246,-1.7289831648151854,5.0190094680590605,3.1630257733439286,8.64814484834932,10.856919151126549,0,6,1,1,426.0287065318675,9.074805695358174,0,True,-2.208774302777229
MOL02053,GPCR,326.772997177858,1.7308992836082262,2,1,15.05404911145633,7,1,-7.08942588695155,-1.8958725192300077,5.193553367721542,0.48004079068118655,9.205077496650375,12.186976865344718,0,2,1,1,419.93660487394146,7.967374624511149,0,True,-2.981899368694343
MOL02054,epigenetic,298.91019644298814,0.43717247086004374,0,4,79.22634238926156,9,1,-6.347231268761214,-2.093147115580603,4.254084153180611,3.7540252743304023,11.728251281439036,11.293574398978995,0,1,1,1,213.21039666011364,4.965721891625882,0,True,0.43467688246004066
MOL02055,nuclear_receptor,330.15536458131714,2.37489268284118,2,7,86.68444660316372,2,1,-5.98478717645195,-2.16176169255876,3.82302548389319,4.353536883065395,10.523219634612024,12.750389217726541,4,1,2,0,351.09748839514265,8.431510343885183,0,True,-2.2271695831145166
MOL02056,ion_channel,243.7772484342865,3.1253800042360567,0,7,63.690226990962216,1,2,-5.7718640201375,-1.3277535038870518,4.444110516250449,2.3256295290782543,7.151643490180364,9.94736529129791,1,6,2,1,377.838084221795,7.23086252069779,0,True,-2.795721801117546
MOL02057,kinase,345.45860724333664,3.3280587769151264,1,3,48.04828275069989,4,3,-5.987914695946814,-2.532300778935377,3.455613917011437,2.0220690759869555,9.56806946470365,12.265098517396835,1,8,1,1,545.342384755318,7.322552399447997,0,True,-2.6970290526931855
MOL02058,protease,306.6467780580339,2.760795842903699,4,3,74.46562034232521,4,0,-6.124246967037774,-1.4369112040527134,4.68733576298506,3.3959645351016583,9.576358136015758,12.614153694036752,3,4,0,1,495.8840483241561,7.6500269299444295,0,True,-3.037795558020994
MOL02059,epigenetic,389.24473213017546,4.419320395768507,1,5,66.67775799386317,7,2,-6.253816874518764,-1.5261844060304357,4.727632468488328,1.874463402393292,10.650664849572912,11.73799093204801,1,3,2,0,328.8250335615069,6.305906351551074,0,True,-1.0873260824750979
MOL02060,protease,414.96966139074857,1.9381876103655087,0,4,41.375969708672955,4,5,-6.363865549451567,-1.9282300807993942,4.435635468652173,2.2832985455938966,11.641086377269952,14.211486415857049,1,1,5,1,420.1604165262965,5.789700716267665,0,True,-2.5704000385870973
MOL02061,kinase,347.08346112946043,4.17973824280678,5,1,57.00000202250009,5,1,-5.767232519822356,-1.619949185953562,4.147283333868794,0.9780877507698468,8.59078940481443,10.588781661444884,2,7,1,1,420.93355979681655,8.125266513848667,0,True,-1.9979922566304538
MOL02062,protease,412.37884557388156,4.30313908833058,0,5,60.60514937762301,3,2,-5.958108428045038,-2.049320412284645,3.908788015760393,3.1787838584363874,10.154828937849473,15.427461483043327,0,4,2,1,329.05685546324025,7.0092007311547375,0,True,-5.272632545193854
MOL02063,kinase,275.6243713243424,1.5094586138480064,3,4,74.4086858172859,1,3,-6.365725585973535,-2.6962589142120845,3.6694666717614504,3.5210630282308646,9.773239180734427,8.822642510805446,1,6,2,1,373.78107234856066,5.141226426320575,0,True,0.9505966699289807
MOL02064,other,268.3607805253517,2.6651319240703466,1,8,111.08914252493105,3,2,-6.384040886823889,-3.4421985290167654,2.9418423578071233,3.734701250654095,9.554092492812929,11.638180560129266,2,4,2,1,398.0365346277946,7.262908716399275,0,True,-2.084088067316337
MOL02065,protease,392.870818156479,1.3478032777900055,2,3,63.038511087600014,1,2,-5.934428958799432,-1.0395288065714325,4.894900152228,1.962054979012532,9.20272551587015,12.442238837082721,1,6,3,1,467.1679312632505,7.49265330372499,0,True,-3.2395133212125717
MOL02066,PPI,397.85888234929496,1.5081736857030872,1,6,63.43911674283626,7,0,-5.968786610068725,-1.5232258909095469,4.445560719159178,2.2376539836861378,10.650921803636948,8.77383865591396,2,2,0,1,384.1777020200216,5.11785321643429,0,True,1.8770831477229883
MOL02067,nuclear_receptor,348.0090132697422,1.7745420214745269,0,6,86.5496992333226,5,1,-6.114209872531584,-1.8645676500428716,4.249642222488712,3.3278163137294645,9.537863324852779,12.610388922664026,2,7,0,0,385.68295216585045,6.944402082823052,0,True,-3.0725255978112465
MOL02068,PPI,259.9086619144002,4.17334134286501,0,4,67.84383263786115,7,3,-6.057567691699051,-1.8230396873896237,4.234528004309427,2.9474829370756983,10.927959850242729,12.941259076037284,0,14,2,1,622.7080933399544,7.3315767787184285,0,True,-2.0132992257945546
MOL02069,GPCR,323.5206835303994,3.6955738412827506,0,3,51.114779615528825,3,1,-6.460645955082296,-2.1550893129680246,4.305556642114272,2.243814203980369,7.745722117890077,6.873464540636899,1,7,0,0,385.76125058403534,5.232265592094606,0,True,0.872257577253178
MOL02070,nuclear_receptor,394.04268054607,2.7373993463074973,1,3,58.6910829886101,4,2,-6.2407969779795875,-2.2636069887183874,3.9771899892612,2.859904801823481,10.660328573343628,10.893281116825213,2,4,2,2,394.23738797225144,7.096650832706567,0,True,-0.23295254348158423
MOL02071,epigenetic,393.5879727077771,2.6426970653568143,4,4,76.10904355608436,3,4,-5.792884420960812,-2.9375284455456936,2.8553559754151183,2.4154498607691473,13.038943111185082,12.590075872524348,1,3,6,2,408.98736919408776,7.398452634749061,0,True,0.44886723866073375
MOL02072,kinase,364.26377217356213,2.964831212994954,1,7,86.31744137468122,5,1,-6.064653014116217,-2.714478629982145,3.3501743841340725,2.3300818783276465,9.650010441382022,14.65699354712456,1,6,0,1,381.8682035045271,6.993494755829144,0,True,-5.006983105742538
MOL02073,other,396.9919695715722,1.922620036632266,5,9,133.58945884405583,6,3,-5.947810335242663,-3.15315350465865,2.7946568305840125,5.87498066465539,19.484607077671676,20.590746889134564,4,5,2,1,429.2699179103585,6.226426636834788,0,True,-1.1061398114628886
MOL02074,nuclear_receptor,284.4950561913803,3.7704525845379395,0,7,81.2279314917968,6,1,-5.726678023831234,-1.7674037167784467,3.959274307052787,4.165017550533457,9.96437852301803,8.636126442139693,1,2,0,1,372.49985283683645,6.303963166804736,0,True,1.3282520808783378
MOL02075,other,348.3306036843876,1.1631406437089167,3,5,55.51055984461634,4,1,-6.156145495009105,-1.6430284423082924,4.513117052700813,2.630828335362752,10.146796391013064,10.815802405301252,1,2,2,1,361.52611882271657,6.498051651413351,0,True,-0.669006014288188
MOL02076,epigenetic,468.1998995415869,3.0105224315063643,2,2,67.68905436940702,5,0,-6.274923776926825,-1.5831746593161125,4.691749117610713,2.089514769432661,10.652831334745253,12.710336463797825,1,6,0,2,436.71696551797993,7.071836046890213,0,True,-2.057505129052572
MOL02077,other,420.30334790994584,2.19934293664123,0,3,27.873746193307028,4,1,-5.875464378768535,-1.2507253000088674,4.624739078759667,1.6610908818466763,9.57031326852829,8.667380449244082,1,2,1,0,430.17718155203863,5.252134147979014,0,True,0.9029328192842083
MOL02078,nuclear_receptor,342.20066879533505,3.1433155678977354,2,7,84.20770262396915,4,2,-5.790630586365176,-2.064681097575906,3.7259494887892703,4.191095415767689,12.308502949155596,13.33939222155992,2,7,0,0,269.5083296489553,4.228577011847385,0,True,-1.030889272404325
MOL02079,GPCR,521.5608645088421,3.4644027099415897,4,3,43.26475478107222,3,2,-6.5222381254990545,-1.0355101260616757,5.486727999437379,1.7725257795132057,11.740358225607888,17.004116988726416,2,6,2,1,381.54584684935736,8.505544786620458,1,False,-5.263758763118528
MOL02080,epigenetic,394.0410067060565,0.35282813193420726,1,6,76.02325044676346,3,1,-6.775983139306365,-2.27376948352421,4.502213655782155,2.8020440626589735,10.625709980697655,12.142844535795861,1,6,2,0,439.27009696146615,6.281548811877217,0,True,-1.517134555098206
MOL02081,GPCR,418.77852969517556,0.6610027637027207,1,7,79.11254588958685,4,2,-6.3952114589582045,-2.0404350633232555,4.354776395634949,4.521340686476463,11.71696575442106,12.591682707632707,1,2,1,1,251.04365444355167,5.283295575304953,0,True,-0.8747169532116459
MOL02082,epigenetic,338.1058170521897,2.546004058755285,4,8,104.82203936968726,2,2,-5.69274628754223,-1.1566048462498535,4.536141441292376,5.563904672221362,14.768356051106771,15.994858776299537,2,4,1,1,398.7372341952689,5.675595499605539,0,True,-1.2265027251927663
MOL02083,protease,248.04698493822926,0.8983346123822067,4,2,65.65776015636813,8,2,-6.7228137915685,-2.3854919512675936,4.337321840300906,2.7175923311821197,10.054201230718066,6.976204003395474,2,8,0,0,535.4431163287564,7.869738291199256,0,True,3.0779972273225917
MOL02084,protease,435.57307019274873,-0.6181830578179488,2,1,38.686797695789465,6,5,-7.202702662467176,-2.6206233118107938,4.582079350656382,2.431848778125395,12.544339556338585,17.209155043535375,0,5,5,1,441.801009712887,7.372652698874826,0,True,-4.66481548719679
MOL02085,GPCR,271.07866804407195,3.8334162621351937,4,10,118.07269826011432,9,3,-5.906621243001292,-2.50719204627221,3.3994291967290824,4.680330675500619,16.079533332788433,16.07454369329665,1,11,1,1,581.0256569938591,8.08058502583748,0,True,0.004989639491782327
MOL02086,kinase,255.20471211148185,3.8382331690852345,0,3,37.976664789068536,4,0,-5.945378683248286,-2.1864763757653227,3.7589023074829635,2.729045670945097,7.116941955237197,9.583166455398937,0,5,1,0,285.2747399654244,5.8012190700404425,0,True,-2.46622450016174
MOL02087,epigenetic,260.7710176094234,3.2627220432930395,0,7,73.14647549620989,3,1,-6.50743570549111,-1.234022102167747,5.2734136033233625,2.8021994008106854,7.796058091581409,8.432316627283239,2,7,0,0,396.99609991770194,5.211574224770285,0,True,-0.6362585357018302
MOL02088,kinase,516.2454950699216,3.4661863714224204,1,6,75.36594972760977,10,2,-6.401528322475712,-1.9199435216121614,4.48158480086355,2.6976580868967988,14.018810899806411,15.489944854837676,0,7,0,0,354.25805246956264,4.9498535804309665,1,False,-1.4711339550312648
MOL02089,PPI,326.72972898560334,3.402053787633381,1,2,29.888936015086458,3,2,-6.344112603706214,-1.3070933868480263,5.037019216858187,2.0643285835099716,8.56667207232899,10.055419047624543,1,3,0,1,310.3276272916149,5.67313756490266,0,True,-1.4887469752955536
MOL02090,epigenetic,383.3033558535313,1.7009248290462247,0,3,56.15140841335216,4,3,-6.637058245207421,-2.1906923040833113,4.44636594112411,2.3096925998169398,9.072974406867338,9.20462159095938,2,3,1,0,492.57858990743864,6.649832091038767,0,True,-0.13164718409204212
MOL02091,protease,426.12717625418964,2.118886157865388,1,2,60.306659042999165,4,2,-5.607316525670688,-2.2065747606056263,3.400741765065062,1.4925803825777528,11.019284343361505,12.573969256549823,1,5,0,0,292.96596023108225,5.814873941024556,0,True,-1.5546849131883178
MOL02092,nuclear_receptor,250.11991480024994,2.133017759091873,2,5,104.51920687895249,7,3,-6.251310414025273,-3.018350879017174,3.232959535008099,3.3136332828440827,11.740921204410036,11.906580986956834,0,6,2,0,406.1935112507306,6.380302700723763,0,True,-0.1656597825467987
MOL02093,kinase,346.9744657989356,3.3117880206659476,1,3,45.11920359354905,3,1,-5.4848930861073475,-1.5614170350298677,3.92347605107748,2.331654963500252,8.834202540579106,7.1547321595932925,2,6,0,1,362.6544558357696,7.813397636381087,0,True,1.6794703809858138
MOL02094,nuclear_receptor,373.4531779197149,2.6904618961911093,1,7,87.86218112848056,5,1,-6.716506730512752,-2.9826444543456665,3.733862276167086,4.513049165705994,12.525637723235782,14.847855605638545,2,5,0,0,387.53484204048516,7.035549953012397,0,True,-2.3222178824027626
MOL02095,epigenetic,356.1123441061146,3.695602926632971,2,5,74.98317481555236,2,2,-6.387409779518929,-1.7411551923046646,4.646254587214265,2.087016198946614,9.278833906772263,11.522637033691398,2,4,2,1,405.1744132685369,9.038303219130091,0,True,-2.2438031269191345
MOL02096,PPI,403.17251435828814,1.787814247589214,4,3,75.95930636969901,2,3,-6.0959909282888605,-2.8180954202571056,3.277895508031755,2.1538790342726695,11.950278040965475,14.995638758998522,4,7,2,0,459.30678492540636,7.410700624215807,0,True,-3.045360718033047
MOL02097,kinase,153.09155051672664,2.9739380082127767,0,5,78.01615269055752,4,2,-6.116854614975568,-2.2610903432519294,3.855764271723639,2.8763159138808456,6.666386551168006,4.685001722691487,1,4,0,1,312.08011158728874,5.4507503949541,0,True,1.9813848284765188
MOL02098,other,337.4897236193222,1.170899781911432,2,6,68.26847262983806,4,3,-6.431474972467885,-2.719325413874207,3.7121495585936777,4.42216555539097,13.03770597612774,15.005961414507698,4,7,2,0,445.1411054625644,6.7824063249788225,0,True,-1.968255438379959
MOL02099,nuclear_receptor,132.10933195194784,2.179595968513612,2,7,82.82914532806514,3,1,-6.8650442547569686,-2.2288016155921424,4.636242639164826,3.525925085044678,9.206382517811253,7.075100809526383,0,2,2,1,356.6351749057413,6.494588621027318,0,True,2.1312817082848703
MOL02100,kinase,249.3385979478434,1.3872507125272746,1,4,48.13978444703573,8,1,-5.962035476294992,-2.472277922316667,3.489757553978325,2.1041987321615845,9.569824130095428,9.477850958487013,1,1,0,1,270.76577554165533,4.618048036923856,0,True,0.09197317160841578
MOL02101,other,266.93550172092705,1.9520445794848407,1,5,88.48835499126209,6,1,-6.983339761159869,-1.348677493470504,5.634662267689365,3.3331682996969607,9.775304706477812,11.07714017588966,0,3,0,2,265.15102843475904,5.286003524180095,0,True,-1.3018354694118486
MOL02102,kinase,370.2549192661495,4.366228594761692,0,4,78.56989292260073,12,2,-6.156652796223512,-1.8290251706193876,4.327627625604125,2.791179641640308,12.556598836569352,13.637994951953592,2,7,4,2,494.26712251995275,9.536133538177518,0,True,-1.0813961153842406
MOL02103,GPCR,474.8282054464813,5.368859646051618,1,5,47.64438549612608,6,2,-6.265766149360695,-2.278248263986541,3.9875178853741535,1.3084973944425575,12.708162334724621,15.534694741699948,2,7,1,0,472.50925489174773,7.004659653337214,1,False,-2.8265324069753266
MOL02104,PPI,305.10574756239384,3.6321259513739994,3,3,69.08290197093267,6,2,-5.964313681191447,-2.1224751935131914,3.8418384876782556,1.490471988694562,10.478673276290364,11.615278115239422,1,2,1,1,337.5786145804092,5.771306143733104,0,True,-1.136604838949058
MOL02105,kinase,120.0,0.7619699783386638,0,6,86.34605055260124,6,1,-6.406189215215003,-2.288567761129622,4.117621454085381,4.462850473096378,8.377529681192312,6.351593353251591,1,3,3,1,509.9191229273205,6.948992616298353,0,True,2.0259363279407214
MOL02106,kinase,348.37276146992843,1.6479286514943423,4,2,59.86970249857136,4,1,-5.218579087195282,-1.9446228128389569,3.2739562743563253,0.8831611136645425,9.501007470522582,9.89064818900439,0,5,0,1,387.3901652456113,6.118480175532062,0,True,-0.38964071848180737
MOL02107,GPCR,552.9243393664855,4.26820314932438,0,6,57.86887105470248,5,3,-6.432973310402766,-1.8481867903926394,4.584786520010127,1.9864844242342408,13.05575926653531,18.11584950260253,3,7,1,1,481.94612238076667,7.780858574072777,1,False,-5.06009023606722
MOL02108,ion_channel,454.075273415066,1.506095285733576,2,1,47.42711223903652,7,3,-5.7071736472189505,-1.4534401419676546,4.2537335052512955,0.5779668889149683,11.990566481165805,14.993811060756256,2,4,2,1,604.5978237996359,6.315419106786853,0,True,-3.0032445795904508
MOL02109,other,358.95203203682274,3.0151366777010504,1,9,71.59508663304533,11,2,-5.574398375213322,-1.7278964872704623,3.8465018879428596,3.9950515547030747,14.318242867046411,16.735838002590583,1,8,1,1,294.52583269666985,6.3762175049634,0,True,-2.417595135544172
MOL02110,other,348.21622163620015,1.5969633363457558,1,3,67.22946289777867,8,0,-5.729929564574407,-1.4207625385412053,4.309167026033202,2.177477764722828,10.319539759163202,10.830730636284539,1,6,0,2,295.33686909380975,5.3431597084950955,0,True,-0.5111908771213365
MOL02111,PPI,356.7185266852157,2.8041730597230177,1,3,59.523249168703764,4,3,-5.778973638625655,-1.1421987709091215,4.636774867716534,2.035223133008804,10.39554648901043,11.026002892491313,1,3,1,1,298.73812614010893,4.639597412316815,0,True,-0.630456403480883
MOL02112,other,285.4553324292948,1.7565025271493648,1,4,53.783419841343616,6,2,-6.254480731835284,-1.7950295907568505,4.459451141078434,3.3804119223058917,10.67994944988249,13.059498989022797,0,4,2,1,311.8665557861536,5.776459851331883,0,True,-2.3795495391403083
MOL02113,protease,381.0811996508325,5.40616163357898,3,2,41.13701488620889,5,1,-5.753163178787442,-1.8175793543589651,3.9355838244284773,2.363384313417705,10.898832785443382,14.313742716609195,2,11,0,1,437.80996151868675,7.01310744607615,1,False,-3.4149099311658127
MOL02114,kinase,285.94895770418304,2.299220582565155,4,7,73.5768584078578,4,1,-6.164551804600381,-1.882769270245948,4.281782534354433,4.113219063508168,12.082191031812892,11.60372115341389,0,4,0,1,340.5940534616428,5.404635709047403,0,True,0.478469878399002
MOL02115,epigenetic,366.0247091413275,1.7471033694703526,0,3,72.03088174481404,4,0,-6.956709231005888,-1.746081666519539,5.210627564486349,2.758124246162829,8.838439691377248,10.752913633047715,2,3,0,1,349.9652561561403,5.861012076841883,0,True,-1.914473941670467
MOL02116,epigenetic,315.413512453783,0.5940175365088702,1,1,60.28459405665923,4,0,-6.319549331830927,-1.6084504852674317,4.711098846563495,1.1153765310357155,8.02994114978495,9.243121878206031,1,4,0,1,377.79731169749846,7.253764998712214,0,True,-1.2131807284210812
MOL02117,protease,219.68239010631441,0.6143156596581556,2,5,87.02054223269026,7,1,-6.335158748163778,-2.822498879910976,3.512659868252802,3.6567137175175954,9.577003263774317,9.40442234975238,0,3,2,2,277.96942093530856,6.749762453031741,0,True,0.1725809140219372
MOL02118,other,283.2040939235534,2.4798636679741817,0,9,117.5278656139052,4,2,-6.707692408333758,-2.321858662384574,4.385833745949183,4.234639746288491,10.388255199126272,12.016881504300471,4,3,1,1,246.98274185882494,5.601859794771619,0,True,-1.6286263051741994
MOL02119,epigenetic,309.2416047004638,3.071969873589553,0,6,82.10884480027968,1,4,-5.815578778494611,-2.03499045486735,3.7805883236272613,4.219872962481119,9.641698287955265,10.876314664396661,0,8,7,2,646.7344463278826,9.39449378422779,0,True,-1.2346163764413962
MOL02120,protease,318.15274270390984,1.3642123205381675,2,7,74.91716724285752,6,1,-6.406680179362304,-2.457166290034131,3.9495138893281734,3.0718330513145964,11.702363685365853,12.845907463817383,0,2,3,2,391.53800131145096,6.6689485196632035,0,True,-1.14354377845153
MOL02121,PPI,435.5606491828844,2.725546844814176,2,3,59.12726565565752,3,2,-5.748338606407356,-2.077371064116694,3.670967542290662,1.4752350279946318,10.445085185465292,9.874297452328134,1,6,1,0,307.70704972000186,4.966208102091906,0,True,0.5707877331371574
MOL02122,protease,253.5501751031511,1.0539231083396665,2,3,43.514806908982685,8,0,-6.234156670233227,-1.4775361296538145,4.756620540579412,2.416037898248593,8.369344746705618,9.578695399201033,2,5,1,2,273.7635192768853,6.795741366223485,0,True,-1.2093506524954147
MOL02123,kinase,426.8866831441723,3.3387678012636512,3,5,79.19888573248203,5,1,-6.3682789193547,-2.006106790114906,4.362172129239794,2.8385051627331013,12.186857117387776,11.980223400850113,0,5,2,0,424.501761375882,5.268069272621581,0,True,0.20663371653766305
MOL02124,kinase,282.4941311846153,3.531816476584981,3,7,124.13488292280209,2,1,-6.403063702375261,-3.213676012017924,3.1893876903573366,3.488035497664039,10.202530299795102,10.044814284146005,0,4,2,1,370.1788588960797,5.737497117882595,0,True,0.15771601564909687
MOL02125,kinase,412.56515347432105,2.9176691708115374,1,5,110.36188085240295,2,5,-6.336849477174379,-3.2898029847506303,3.047046492423749,2.8143567507956004,11.970688759766727,14.747997528402031,1,8,2,1,490.45491505710663,8.282073960002728,0,True,-2.7773087686353044
MOL02126,ion_channel,223.80699825095465,2.8673321026862584,2,8,128.20243165187355,7,0,-6.742815461960916,-2.218828078856182,4.523987383104734,5.292888747442965,11.759434369732189,11.148225692647014,2,4,0,0,307.36760559383185,5.864042536069912,0,True,0.611208677085175
MOL02127,GPCR,417.2139947048198,2.474806751558766,1,4,82.7347513862705,2,3,-6.166942935756611,-1.9737208704025533,4.193222065354057,2.2486600026925507,10.705580571787873,9.646926157576317,0,7,2,2,487.9978173991579,6.71501052582531,0,True,1.0586544142115564
MOL02128,PPI,383.5092860053388,2.2924937219477215,2,6,82.54985396120786,2,3,-6.021999464909164,-2.0754134689972354,3.9465859959119283,3.680766650683111,11.429215554348664,12.235676507511071,0,6,3,0,490.30425449027456,5.68645360267868,0,True,-0.8064609531624072
MOL02129,GPCR,447.88288930792953,0.8867479308358048,0,3,36.124003988530646,4,3,-6.558964901063463,-2.3037535215996163,4.255211379463847,2.104010808206639,10.75358931740428,13.048988338735889,1,3,3,1,370.34659085896766,5.706707010426839,0,True,-2.2953990213316082
MOL02130,other,337.2386083819782,2.8396308070750718,2,7,107.37168073021935,8,3,-6.879550104975788,-2.1869391822153776,4.6926109227604105,4.077597101646649,14.480833459576369,13.499018683832237,1,8,4,1,489.54819334223185,6.532940111195076,0,True,0.981814775744132
MOL02131,epigenetic,361.0919989725005,1.4004653680936552,0,4,65.82613657550338,2,3,-6.201067757967039,-2.396146037764206,3.8049217202028327,2.8962449820735943,9.017092952934858,10.915419893986124,1,6,2,1,432.86881593824614,6.448497889639897,0,True,-1.8983269410512662
MOL02132,kinase,399.31253670286526,4.346095838190893,2,6,64.54876926216679,4,1,-6.5053971119867215,-1.6643655174548948,4.8410315945318265,3.869575178090685,12.075847686847546,14.300969825598767,3,8,1,1,480.1221946511663,7.107099333331376,0,True,-2.225122138751221
MOL02133,kinase,323.15632376603116,3.1714612609080963,2,4,67.14983908060438,5,1,-5.850402409210521,-1.9801765599950185,3.870225849215503,2.173898621926889,9.52912208104687,10.545593776641459,2,6,1,2,362.1932445630645,6.955099908569773,0,True,-1.0164716955945892
MOL02134,GPCR,410.4048122166554,4.437043233888564,0,3,26.61587972006313,7,4,-6.156796871713205,-1.4401611186361305,4.716635753077075,1.3171606106749434,11.35378678268106,15.171220347135513,0,5,4,1,402.30641443288755,6.781308905600254,0,True,-3.8174335644544524
MOL02135,protease,264.0755915932855,1.3647656192748838,0,8,71.69679256543648,4,0,-7.087928329419816,-2.438961330127333,4.648966999292483,3.8550212236933823,8.555111310015196,6.717337366227765,1,1,0,1,353.3077041222923,5.70116107000255,0,True,1.8377739437874308
MOL02136,nuclear_receptor,120.0,0.8386535196322211,2,5,94.82584514350106,8,1,-6.463264095813558,-2.5264401462572468,3.936823949556311,3.2346232893307034,9.171521190952072,6.069047204164576,0,3,0,1,269.15705747948465,5.129556008084241,0,True,3.102473986787496
MOL02137,GPCR,335.2950398229606,5.016049592413008,2,8,68.23724909788316,4,2,-6.701652696908988,-1.1830271973391133,5.5186254995698745,3.8618669662212026,12.614012987289605,14.904991304199365,1,7,1,2,357.1591277087967,7.399409324554347,1,False,-2.2909783169097597
MOL02138,epigenetic,448.24918148551404,3.527239578792052,0,7,53.623234705018504,6,3,-6.306601862890526,-2.7449879771230616,3.561613885767464,1.720233110630865,11.532918288863518,15.292429685342883,1,4,2,2,446.5488928530169,7.599346240384741,0,True,-3.7595113964793647
MOL02139,ion_channel,368.74389736571555,1.5274705741309293,2,3,53.34538561789748,9,0,-6.147210287139934,-1.8542411189789716,4.292969168160963,2.3740300447560085,11.75354929018019,13.467790316513312,0,5,2,0,375.04240986124586,5.976552444165365,0,True,-1.7142410263331218
MOL02140,kinase,307.3632975162527,2.7767628306312644,1,9,88.11773151778203,2,4,-6.388124399915214,-2.911296120949,3.4768282789662144,5.643499911452828,13.420115908398161,13.47518277563779,2,3,4,1,417.09926571597117,7.286124215163295,0,True,-0.0550668672396295
MOL02141,GPCR,399.40006239209004,2.8208137792532124,3,5,106.11921891119883,3,2,-6.100996202977125,-3.360792147211898,2.7402040557652274,2.9237861655353163,12.909530469808498,13.451523202247483,1,10,3,1,494.5786824499981,8.877766246693819,0,True,-0.5419927324389846
MOL02142,other,392.50748196730984,3.050180612661047,1,6,82.16793556359724,0,1,-5.873829993953504,-1.073562799852497,4.800267194101007,3.8555864529282204,10.283052351486504,11.605488530434119,1,3,2,1,401.18369302960076,6.467585685763619,0,True,-1.3224361789476156
MOL02143,GPCR,244.47489042939907,3.8097161697232904,2,7,98.2425098681162,6,1,-6.048645451992318,-2.55326997116938,3.495375480822938,3.2923219745682033,10.321616707638622,14.589868447513673,1,6,1,1,288.6271497435546,6.281110355173508,0,True,-4.268251739875051
MOL02144,kinase,120.0,2.7835620757389288,2,6,65.38363551118616,5,4,-6.269111330997291,-1.9586893799546676,4.310421951042623,2.2225217778301847,8.736994561523305,11.278111503687446,3,4,3,1,391.4126526092364,7.300676396191093,0,True,-2.541116942164141
MOL02145,GPCR,261.56910132387634,3.124957228424161,2,4,57.087065058053625,8,7,-4.978744070495995,-2.320595864244654,2.6581482062513406,2.8211282968136513,13.594984825763124,12.85156082520008,2,5,5,2,523.6314842850169,9.121549174742986,0,True,0.7434240005630439
MOL02146,other,222.34931417991493,5.858624624972796,3,6,92.7694424328662,3,2,-5.1672135912807855,-1.9446365495925004,3.222577041688285,2.5791200178665594,10.715132136026778,10.903758025917657,1,6,2,1,503.38756371517496,7.4604055085664545,1,False,-0.18862588989087925
MOL02147,GPCR,296.33671088140295,2.7696513962032667,3,7,72.38442885979696,7,2,-5.7188586041032385,-2.0714556926639625,3.647402911439276,2.6351691009646907,12.036326921484077,14.472050425657653,2,6,0,1,380.2037894099912,6.627600312327049,0,True,-2.435723504173575
MOL02148,kinase,311.1283669667275,2.288036002053606,2,3,49.35775595934547,7,2,-6.418508409472079,-1.7659901237772269,4.6525182856948515,2.304603912277783,9.519564194780413,7.91178421131893,1,5,1,1,355.4633701089435,5.962947621708374,0,True,1.6077799834614828
MOL02149,protease,541.0995481029041,2.226449449807262,1,3,29.220539160663925,5,3,-5.660854407520998,-2.2427177542801813,3.4181366532408166,2.8852810016088837,12.940692758632009,17.86406306644483,2,1,1,1,384.1376741242884,5.907870819234567,1,False,-4.923370307812823
MOL02150,protease,448.7453253854727,2.8047774629614355,2,4,58.31613877851914,6,5,-6.184100136913509,-3.0205211334509863,3.1635790034625226,1.2767735588153675,12.889414827879708,18.183554104453236,1,17,5,1,783.7118467336106,9.193521229750676,0,True,-5.294139276573528
MOL02151,PPI,295.39072029411267,4.2029902343272845,1,4,99.06879158148041,4,5,-5.4967518075429975,-2.6501701838130085,2.846581623729989,2.479128909676191,10.342746725871047,11.668235254620221,3,8,5,0,507.42916861926824,7.271644707611629,0,True,-1.3254885287491742
MOL02152,epigenetic,263.59504094070275,3.5368108308305395,1,6,82.54254749542991,4,2,-6.059600446636038,-2.4311577107318882,3.62844273590415,3.9152904669056197,10.226113599807016,13.820011722979638,2,5,1,1,351.0253213355462,6.54097191305973,0,True,-3.5938981231726217
MOL02153,other,185.15097703370336,3.004161668200266,1,6,62.82415972154589,5,4,-5.745835760100062,-2.2867217769413783,3.4591139831586832,2.3892702732975994,8.725893327670821,9.190157646984794,1,5,5,1,514.7555454914686,7.790350563710997,0,True,-0.4642643193139726
MOL02154,other,326.18654458534047,5.706066385452884,0,5,58.98343912028841,2,1,-5.580814395435694,-1.6519232381314504,3.9288911573042435,0.9796846336972536,9.2507259456211,13.25659223476536,0,10,0,1,414.0077534166483,5.857205332851148,1,False,-4.00586628914426
MOL02155,GPCR,374.2821693477474,0.8948994429398827,6,4,59.807502124628826,4,1,-6.5143276693933805,-2.032368255847799,4.481959413545582,2.525888455043076,11.653309033572846,14.699101582145458,2,3,1,2,337.0243390348693,5.8869973660326735,1,False,-3.045792548572612
MOL02156,nuclear_receptor,271.75886335102484,1.6918951922551477,3,4,48.62872190814247,6,3,-6.742362158587072,-2.417451192667855,4.3249109659192175,2.238611344746856,10.502230655719336,12.173104880615151,3,2,0,1,361.09265599676047,5.5836975376465094,0,True,-1.6708742248958153
MOL02157,kinase,296.23067061144,2.1991470355927576,1,1,36.993004045302904,6,0,-6.360744254620337,-1.737359801896754,4.623384452723583,1.515228818302431,7.432458539609318,6.031708087266249,0,3,0,1,395.0046353998645,4.519132201572829,0,True,1.4007504523430683
MOL02158,GPCR,281.8511475146492,3.1768243482765977,3,6,104.88996375365247,5,1,-6.039941570134246,-1.8317792058106597,4.208162364323586,2.186648263334644,10.400879810820722,9.627567216588638,0,3,1,1,431.0595020660004,5.602948740681383,0,True,0.7733125942320846
MOL02159,epigenetic,480.6688843177467,2.136403018789073,0,6,59.94362602196169,4,3,-6.792271315094362,-2.4112244629420223,4.381046852152339,2.286316967558073,10.832256484289697,12.007491870122056,0,6,2,2,404.7957794946852,6.88423865015512,0,True,-1.1752353858323588
MOL02160,epigenetic,301.60750448443565,4.116883205346818,1,7,82.47926642816314,3,2,-6.400348567277651,-1.201843103386723,5.198505463890928,2.9127876892473115,9.723115271914102,11.448451008156184,0,5,0,1,360.1183084319741,6.0538329192880385,0,True,-1.7253357362420818
MOL02161,ion_channel,362.5215633400765,2.4654474519783673,2,5,74.30988704922375,3,2,-6.373286433123692,-2.4606553901527914,3.9126310429709004,3.056246658368587,10.407121064677982,11.6692255372762,0,3,1,1,476.7674196637972,5.891220752546854,0,True,-1.2621044725982173
MOL02162,protease,352.77744900638424,2.7552001789723533,0,6,38.321367509492035,6,3,-6.98285648856504,-1.9822026574613534,5.000653831103687,1.4734452996803,10.178316254255053,14.307404448251184,1,3,2,2,362.4554619305271,6.346897914420973,0,True,-4.129088193996131
MOL02163,PPI,367.814269124267,1.1938773530787308,1,2,48.753595035968736,6,5,-5.666229813378039,-1.9854919296557096,3.6807378837223297,2.9288894458268735,11.999785397254952,14.400453871275772,1,6,2,2,362.1033316336087,6.604146179156751,0,True,-2.4006684740208204
MOL02164,ion_channel,365.34250174534105,1.2200654042400882,2,4,81.92696678166713,7,2,-6.031568988606338,-1.9602241951494634,4.071344793456875,1.9925323762720606,11.059052173341945,13.266115089843893,2,5,1,1,429.6688284595292,6.921518350945422,0,True,-2.2070629165019486
MOL02165,protease,279.46675003129985,2.544471788574712,1,6,73.91281364359921,5,2,-6.169578984705929,-2.0403348456528674,4.129244139053061,3.5423770307733284,9.155096350639566,9.47016784665604,1,7,2,1,522.3910619086571,7.666291939582642,0,True,-0.3150714960164738
MOL02166,ion_channel,252.8227842978684,3.901759289313194,1,4,28.092851187673713,7,3,-6.057767744799659,-1.9522818453594306,4.105485899440229,1.5560661455177298,10.13286877741391,12.14841793087138,1,4,1,2,418.4095257364858,6.002931658500216,0,True,-2.0155491534574708
MOL02167,protease,432.1689891628817,0.6883513118455016,4,5,89.75654772154776,5,2,-6.257059224717106,-3.069171586328139,3.1878876383889674,2.98305462699274,13.153570471784143,16.734124347828445,1,5,0,2,404.9213396993458,7.070358148828824,0,True,-3.580553876044302
MOL02168,protease,355.120666341523,2.8630824200684666,4,1,48.49528208124461,5,5,-6.3178740827171165,-2.04820630624448,4.2696677764726365,1.788031196049946,10.183797160683234,11.845537609791808,1,8,3,1,503.15136391559355,6.716607034771032,0,True,-1.6617404491085743
MOL02169,nuclear_receptor,364.14838065589964,2.575662317461104,0,7,45.55762960995904,5,2,-6.064722083255925,-1.8306981214130218,4.234023961842904,1.6535275549455823,9.264393748168622,10.61542908433616,0,6,0,2,414.528868496836,8.171348206472226,0,True,-1.3510353361675378
MOL02170,kinase,420.3468399931079,3.18036063308484,3,5,84.97231301014344,3,1,-6.230947052169654,-2.3746936258069673,3.8562534263626866,3.0397989115365873,11.47948738307357,14.704450233844089,1,7,1,2,385.43112238136774,7.2054522982752065,0,True,-3.2249628507705186
MOL02171,ion_channel,481.76123580399343,1.9306712935632493,2,5,70.06015185061388,9,2,-6.542149733367819,-2.1260432689292754,4.416106464438544,1.5938818127432146,13.284750198039317,13.350273073685086,0,4,0,0,375.5600060398492,4.844773193179964,0,True,-0.06552287564576886
MOL02172,kinase,430.45341892598503,2.485267872938614,2,4,66.98431994503925,3,2,-6.364569602709616,-1.3587184037360849,5.005851198973531,2.992657000530822,11.08511949796234,9.381311934031913,1,8,0,0,496.9269040207564,7.0598869893685965,0,True,1.703807563930427
MOL02173,GPCR,217.32924420427275,3.262036402700316,1,5,69.59492479670423,10,0,-6.348083045077924,-1.4471406168439849,4.9009424282339396,3.6122975207841845,9.880579187893645,6.612444100476241,1,3,0,1,433.4208453030552,5.166467214353459,0,True,3.268135087417404
MOL02174,GPCR,400.67242777831234,2.904533528156381,2,5,82.2851287680616,6,2,-6.38179802741365,-2.080621988632075,4.301176038781575,2.919318631603239,12.216728649255415,13.846699381276661,2,2,3,1,308.3278208354547,6.458662891299053,0,True,-1.6299707320212455
MOL02175,kinase,398.3593421396777,2.3140062348745927,0,7,85.48946383832602,3,2,-6.818311626280552,-1.6471870711430334,5.171124555137519,3.1203415683061824,10.039692996428778,12.187413167913215,1,2,3,0,216.85768858203167,5.816655240674195,0,True,-2.147720171484437
MOL02176,PPI,421.0564266862719,4.189000371327999,2,10,119.540012117742,5,7,-6.226674071274804,-3.1696603105669356,3.0570137607078682,4.3672119938083975,16.28032967733326,18.350971077101548,2,15,7,0,763.9601466892268,8.10383075236929,0,True,-2.070641399768288
MOL02177,GPCR,604.1200546851253,1.646902948602539,2,5,79.12463148109967,4,6,-6.322442001172364,-2.6117056481959215,3.7107363529764426,2.3412724466129973,14.89210469056161,14.158111633021711,2,5,3,1,417.04297470571515,7.046043048950418,1,False,0.7339930575398981
MOL02178,epigenetic,518.9421740431957,1.31405401701022,2,4,92.1257387723163,8,1,-6.6612440103419805,-1.7606756535756896,4.900568356766291,2.291475910502035,13.403780577589298,13.540069582818003,0,5,0,1,352.48876894317675,6.165805687187879,1,False,-0.13628900522870424
MOL02179,nuclear_receptor,309.9251196920874,3.93255390299559,1,4,68.16317089192337,5,5,-5.7614414973117825,-2.372975724068295,3.3884657732434875,3.1831250382774163,11.821260744821107,12.522509268193549,0,12,4,1,597.1006031476583,8.647447078651176,0,True,-0.7012485233724419
MOL02180,other,524.7125243884639,3.6582013322172733,1,6,82.25545922953818,6,3,-5.730526209585228,-2.062692979412849,3.667833230172379,2.4738652027165364,13.00887796922213,14.282697320603289,1,6,3,1,422.17894000526866,8.094776337280189,1,False,-1.2738193513811584
MOL02181,epigenetic,417.6692304074274,4.61315200920143,0,5,58.72387782977634,8,0,-6.651069680856853,-1.3286769023417948,5.322392778515058,3.023713918347302,11.506244349009428,15.330072321485229,1,3,1,0,316.85830134708567,5.17035094862838,0,True,-3.823827972475801
MOL02182,epigenetic,445.2873257834286,0.39138550270183137,4,6,87.26794624277701,6,2,-6.714308697893616,-3.2672956661503365,3.447013031743279,3.2738497708715344,14.782608263953867,15.644042417957891,2,4,2,1,306.3607661060113,6.950096904921661,0,True,-0.8614341540040247
MOL02183,nuclear_receptor,437.5127847743951,3.216699985877341,1,6,55.763526548975854,5,3,-6.108613678696491,-1.9378526937778238,4.170760984918667,1.8117887630839193,11.299231980448937,11.869022539793805,1,4,4,1,419.23550188722965,7.783091550439202,0,True,-0.5697905593448684
MOL02184,nuclear_receptor,571.5239595890968,3.8267814416293158,1,6,78.1192936521275,6,0,-6.058919623350943,-2.0969816531127794,3.9619379702381634,2.5717613947474254,12.398125460933263,15.148119154084208,0,6,0,2,442.10988860886164,5.328811282041987,1,False,-2.7499936931509446
MOL02185,epigenetic,311.5167707383368,3.1925667454503963,0,4,32.83218816002811,1,1,-5.521653466582829,-1.9440236767716945,3.5776297898111347,2.676122546763971,8.366518553005038,8.088827899022878,1,5,0,0,418.19990759284957,6.698132096377898,0,True,0.27769065398216064
MOL02186,epigenetic,578.4998597956674,2.305208834590244,0,4,47.58186756297746,4,2,-5.811082112178631,-2.2165709768530912,3.5945111353255395,2.847444496683974,12.176137438347405,15.487227598519102,1,5,0,2,336.3532026178572,5.57609789421494,1,False,-3.3110901601716964
MOL02187,nuclear_receptor,317.33169410323967,3.7468244348522166,0,2,54.016977691766265,4,2,-6.038655287042332,-1.4984028303976453,4.540252456644686,2.3891090981376033,9.175527702185995,9.104899348637872,0,8,0,1,442.8232760315644,5.60228502050035,0,True,0.07062835354812336
MOL02188,epigenetic,355.1470040643391,2.136458209736567,0,4,58.549678506658246,6,0,-6.315019566349118,-1.4315886070235526,4.883430959325565,2.0312322932976943,9.217261679425093,11.689480300293601,1,7,0,1,366.7071810723013,8.053759474841776,0,True,-2.4722186208685084
MOL02189,kinase,307.88675497626946,1.814095355449359,1,3,46.88676798514568,4,3,-7.241403047470293,-1.8270526789550945,5.414350368515198,2.1717837047482074,9.498605366214912,11.824840991641743,0,11,5,0,468.70099104160084,6.408638324896308,0,True,-2.326235625426831
MOL02190,protease,417.40383808976287,-0.0985404106257528,1,8,86.40875740618618,4,1,-5.865668101758629,-1.859426349581582,4.006241752177047,3.759003744563451,11.897496703146421,10.60654701129496,1,3,4,2,408.7153140588482,6.618878555833289,0,True,1.290949691851461
MOL02191,ion_channel,312.6092168528449,1.6674004184811624,1,6,90.00842516744684,6,2,-6.045362047805891,-2.080474102091663,3.964887945714228,4.210205018336684,11.513665545086788,8.591113797611731,1,2,2,1,339.6250365659443,5.846352247990974,0,True,2.9225517474750564
MOL02192,GPCR,489.86194168496866,3.020227646122448,4,3,70.36702005036963,3,0,-5.984418607964645,-1.6403321594207165,4.344086448543928,4.250393076448325,13.041767477726687,14.7833111941603,0,4,2,2,449.07698514218094,5.907512681659578,0,True,-1.741543716433613
MOL02193,nuclear_receptor,206.93296747861385,1.387160981852042,1,3,39.071784864258774,5,3,-6.329239999207948,-1.8375480751194357,4.491691924088512,1.7378965879854933,8.489623338663701,9.458430907040498,1,7,5,0,572.7394807513334,7.64399012134389,0,True,-0.9688075683767963
MOL02194,GPCR,184.94848036889158,0.6915497091332414,3,6,100.63616893223661,4,3,-6.824697859870226,-2.1172024160746554,4.707495443795571,2.7626813494520563,9.785275952071062,13.258415996568813,0,2,1,1,283.6014442205147,4.156287726907536,0,True,-3.4731400444977503
MOL02195,PPI,366.45116103983315,1.1344315070146993,0,4,47.357822889990445,2,0,-6.430677684868513,-2.179910793264269,4.250766891604244,2.6984857179531043,8.190643311299292,9.558592423586504,1,6,0,1,503.6749950249261,4.627261446501077,0,True,-1.3679491122872118
MOL02196,kinase,200.4865781204381,2.5005396014798706,2,8,105.39992656527475,2,2,-6.36698947291605,-2.801868319780595,3.5651211531354545,4.726011916411909,10.209985323609546,8.341730174935568,1,8,1,2,425.27858638437226,8.798247888878384,0,True,1.8682551486739776
MOL02197,kinase,252.349984555148,1.645380780377704,1,5,53.932863720813415,4,3,-6.422310355605448,-1.5117812857342694,4.9105290698711785,2.8812976424935837,10.3330061106064,11.26148490804302,1,3,1,0,227.5007185805036,5.334448256393402,0,True,-0.92847879743662
MOL02198,protease,562.9693996908941,3.459001522511091,1,5,98.17694221135662,12,3,-5.267719113264254,-2.98472718278975,2.2829919304745037,4.02088790845427,17.778350844083246,21.016081225059878,2,7,4,0,338.4004332329841,7.451675689746533,1,False,-3.2377303809766325
MOL02199,nuclear_receptor,412.5034738675529,1.383806745240005,2,2,38.500550220012435,3,1,-6.973112582072126,-1.653548296501386,5.31956428557074,1.1785069284870031,9.183173085004722,10.524296478000702,0,1,2,1,331.91873120299476,7.466648947595866,0,True,-1.3411233929959803
MOL02200,other,419.86545178589745,2.060591219442076,3,6,99.10564946091469,6,2,-5.878563998223099,-2.553146275916314,3.3254177223067845,3.478504416664584,13.473674358007994,16.945797633120364,1,3,2,1,356.47322088573804,5.8490643082790745,0,True,-3.47212327511237
MOL02201,epigenetic,600.9434437654681,1.103050503723806,0,7,82.33165064279295,5,0,-6.781454501005519,-1.9256122152493498,4.855842285756169,4.417751927837223,14.549243205093532,15.95382096636951,2,3,0,2,292.67481004340857,5.222929836943278,1,False,-1.404577761275977
MOL02202,PPI,307.4489526869956,-0.2953077711639951,1,6,61.018234574988284,4,2,-7.465005347008592,-2.4092100888594743,5.055795258149118,2.304966339236584,10.352257835270676,12.319838813991714,1,2,1,1,357.9658813585707,4.378046252674406,0,True,-1.9675809787210383
MOL02203,other,420.8547444076397,1.539779177769826,1,4,76.09784257376019,4,0,-6.855540750971738,-2.3765710192311027,4.478969731740635,2.5868678275658117,9.704050325749652,10.527967013461371,3,3,0,2,462.0698739843427,6.536942315630979,0,True,-0.8239166877117192
MOL02204,kinase,474.6670872513021,3.993163100552337,0,2,49.67803220919873,6,3,-5.68831879264083,-1.6128899332575444,4.075428859383286,2.3408385583342466,11.812925267010193,12.774902248264379,0,4,1,1,295.75346501885446,6.765416440692865,0,True,-0.9619769812541854
MOL02205,GPCR,398.0408132239671,0.3349855762014795,3,2,64.73194651170188,4,1,-6.424864205646718,-2.235082891211718,4.189781314435,2.6974334571799186,10.574412100152443,8.598449036467194,2,3,2,1,448.01735722151454,7.18336425853392,0,True,1.9759630636852492
MOL02206,kinase,563.1691791088595,1.2715469982887957,1,5,64.07634252301946,8,1,-6.7462063371134855,-1.975150852346139,4.771055484767347,2.4272181541079982,13.233936292328158,18.75634908411292,0,2,0,2,209.01529112265072,6.52765978230021,1,False,-5.522412791784761
MOL02207,nuclear_receptor,421.866534390742,2.128646421234927,2,3,31.541873400261526,3,2,-5.942958920363695,-1.983074879895666,3.9598840404680296,1.540496544206586,10.040133868728283,10.410786423908062,1,5,0,2,390.0496137284953,7.455471195935086,0,True,-0.37065255517977924
MOL02208,GPCR,120.7782849595211,2.7818063578007397,1,6,105.3976250459554,10,4,-6.243615864808772,-2.5001390060863202,3.743476858722452,2.7906104642668392,9.815351533628725,6.177291438502138,1,7,6,1,485.85585388710524,5.652912963855513,0,True,3.638060095126587
MOL02209,protease,247.3257939411842,1.2568931534614713,3,3,84.76204290057406,3,3,-6.704875203615174,-2.170965537800239,4.533909665814935,2.9652587465250586,8.988695835899811,9.451830778338081,2,4,0,0,260.42968129185545,8.387809318952455,0,True,-0.4631349424382698
MOL02210,PPI,258.4532362552869,4.719671364929539,0,5,56.19670393583122,4,1,-5.985017300200366,-1.0653201818118245,4.919697118388541,2.177924336848542,7.537527835770161,8.335914962914092,0,5,0,2,293.1157882119109,6.437263514990052,0,True,-0.7983871271439309
MOL02211,ion_channel,293.92143526652717,2.792462697902879,1,3,29.24558033979649,8,2,-6.4913533886678225,-1.416666698730642,5.074686689937181,1.6239378959731539,9.740986954617945,13.121056825990298,0,7,1,0,369.84429091224064,6.957654580921371,0,True,-3.3800698713723527
MOL02212,ion_channel,347.1486786581534,3.107846398215159,1,6,77.69641021345488,7,3,-6.115336229659914,-2.236182360230764,3.87915386942915,3.0206020734741745,11.822838711633807,13.533646493449424,0,5,2,1,393.9912283748664,5.736166880256921,0,True,-1.7108077818156175
MOL02213,ion_channel,553.6108558389283,3.6036856694656416,2,2,41.61209445397193,4,6,-6.823562485405202,-3.0123223744094876,3.8112401109957146,0.9032598698204589,13.63645302384756,15.075257487332557,2,7,5,1,560.0888812916602,9.050483992309944,1,False,-1.4388044634849972
MOL02214,epigenetic,251.16805578257555,1.514862830653088,0,2,50.857293304472734,5,4,-6.22249829020426,-2.329465470078344,3.8930328201259154,1.734853516202328,8.84624094661543,11.63972393967289,2,4,0,1,318.6049212970793,6.666865528816471,0,True,-2.793482993057461
MOL02215,nuclear_receptor,432.0152186102048,0.7119730682092882,2,3,68.27982982791818,3,1,-6.371623419949773,-1.0189164900452465,5.352706929904526,3.1737136421699015,11.36627501983205,15.205397737273437,2,0,0,0,309.804284238581,5.491002401012946,0,True,-3.839122717441386
MOL02216,protease,333.11394585737827,2.8208769931653004,2,2,50.41794972360303,2,3,-7.007535879978689,-1.5208042140543039,5.486731665924385,1.0935778910822582,8.11981005462247,9.255255284073124,1,5,1,2,499.17118480272427,6.222792511661695,0,True,-1.1354452294506547
MOL02217,GPCR,423.29255679050397,1.8349333660341292,2,8,115.29960721884444,4,1,-6.029337692577775,-2.974119723462887,3.0552179691148877,5.545725051401556,14.956241552979975,19.793303155348404,0,4,1,1,311.1607597829613,5.416771151238386,0,True,-4.837061602368429
MOL02218,protease,574.4754286545964,4.1940483288764305,0,3,76.87728412639524,9,5,-5.876814435920201,-3.1111054385836097,2.765708997336591,2.7827425840023765,16.066572684112625,22.198506331012247,2,11,2,2,685.1650716653538,7.1341114580560525,1,False,-6.131933646899622
MOL02219,ion_channel,332.2281521928698,5.006332882274566,2,3,61.20561529374659,7,2,-5.821034623650046,-1.6481256154973252,4.172909008152721,2.1126565643697712,11.27863019822322,14.256102947547873,1,11,0,0,472.89535375427874,7.89379493827826,1,False,-2.9774727493246527
MOL02220,protease,407.92637351131725,3.3312946966667276,0,5,70.11819952837918,5,2,-5.904592224369875,-1.8700218347350723,4.034570389634802,2.8159717296781475,10.330036919130226,12.343152001799265,0,5,0,0,377.04391104811145,5.016703261213461,0,True,-2.0131150826690387
MOL02221,protease,212.45002017911068,2.440564950629664,0,3,50.390991715690774,7,3,-6.0952587053671445,-2.943612936816726,3.1516457685504187,2.308324216769113,9.01125066943676,10.236515413699959,2,1,3,1,439.7164673460355,7.554615263018339,0,True,-1.2252647442631979
MOL02222,nuclear_receptor,256.4429869992068,5.475816705969743,2,6,78.10549437238174,7,1,-6.726997872090323,-2.394020403365472,4.3329774687248515,1.6719974255468089,10.137140754590373,9.37008460914388,1,7,0,1,289.71422275877785,6.6744077937440105,1,False,0.7670561454464924
MOL02223,protease,501.31394740769923,1.985337886376973,1,7,66.01321394923846,4,5,-6.547690844710897,-2.8794236388722556,3.6682672058386414,1.2999883201678646,13.231008961048708,17.622248435415734,0,2,2,2,352.4225732647279,5.864150325943341,1,False,-4.391239474367026
MOL02224,epigenetic,565.3846397122165,1.9692881887152605,2,2,48.96431105355585,2,4,-6.859243556803016,-1.5240421460163738,5.335201410786643,1.048572919896475,12.17333350869899,15.189397210751661,0,4,3,0,397.40456203121494,8.315527674633135,1,False,-3.016063702052671
MOL02225,ion_channel,235.2868648066866,2.665411328692708,2,2,26.194087080488867,5,7,-6.3542185276343846,-2.069635200565841,4.284583327068543,1.813279972246087,9.788294101932575,13.02507260405795,2,2,6,2,444.4706407983831,6.799946001016496,0,True,-3.236778502125375
MOL02226,nuclear_receptor,411.7473267575746,1.9545943490980588,2,4,35.536377877728626,3,0,-6.850027008167787,-1.9699029039586398,4.880124104209147,1.9759161016766003,9.816307067659892,9.898725078028535,1,3,0,1,307.5286189539653,2.8739841882875985,0,True,-0.08241801036864338
MOL02227,kinase,297.61228344985165,1.4996460646922773,0,10,105.45523440750414,4,1,-6.305920900639106,-1.607377252406915,4.6985436482321905,4.103641030731203,10.406562841466846,11.169640971219966,3,7,0,0,364.77775560550555,6.358982024799273,0,True,-0.7630781297531204
MOL02228,GPCR,120.0,1.730004349764224,0,5,81.27063451195758,4,3,-6.452683493219545,-1.9724281223241178,4.480255370895427,1.970680635938488,6.682275456463924,8.679316103153896,0,6,3,1,448.56898248600254,5.92152674066131,0,True,-1.997040646689972
MOL02229,kinase,441.45702370589925,3.0213606595219007,1,5,48.35813304322919,2,1,-5.283034532511177,-2.030337658119595,3.252696874391582,2.8550037060011264,10.79294029816157,16.293298597178634,2,5,1,1,484.8054971838541,5.628253610558183,0,True,-5.500358299017064
MOL02230,ion_channel,200.9099674248791,3.9008012077322114,0,5,48.92241594107341,5,1,-6.14008878488853,-1.6329838513529678,4.507104933535562,2.825654730459819,7.6513535300259985,6.941695347958235,0,5,1,2,320.8236136107922,7.450153952631235,0,True,0.7096581820677637
MOL02231,protease,274.0483363116364,2.715243272763539,1,4,56.1246818912829,4,1,-6.576168250555981,-1.4064557478517896,5.169712502704192,2.5205932539190523,9.064173354423197,11.131117944751725,1,4,0,1,302.26080557043866,7.968074891467641,0,True,-2.0669445903285286
MOL02232,epigenetic,444.28924164906044,1.3118977937922023,1,6,59.63592131286289,5,4,-6.226903980607191,-1.82241580616358,4.404488174443611,3.667882949510099,12.606037152161143,16.643024304988156,0,5,0,1,362.446193025497,7.236107490702744,0,True,-4.036987152827013
MOL02233,PPI,217.24328594526162,2.421775792045383,1,3,63.98966907749374,4,2,-5.601677285809632,-1.7320712869588797,3.8696059988507527,2.0098371656573946,7.493601685090944,8.728511410359488,0,4,2,1,374.6066437758965,3.7880363906846495,0,True,-1.234909725268544
MOL02234,ion_channel,557.3947493710186,1.8799859469501317,0,4,50.138874104470744,5,1,-6.0696069733246,-1.385413330162863,4.684193643161737,2.2265119787880505,11.317508897251006,11.661878552478077,1,8,0,0,333.97349310779293,5.1015537470223125,1,False,-0.3443696552270712
MOL02235,nuclear_receptor,407.0650684099037,3.2346500781582046,3,2,62.67401058695335,1,4,-6.28006851750506,-2.224773798851113,4.055294718653947,0.166664024425758,9.903326977404916,9.976424376127447,1,12,0,1,529.5604368938516,5.136239383159401,0,True,-0.07309739872253118
MOL02236,GPCR,372.0995714269746,2.9514550831886166,0,8,89.05079804087566,4,2,-5.9996841271331025,-2.469446417812475,3.5302377093206276,3.28796045167156,11.283190014707824,13.37144192850339,0,8,1,1,468.2792714652537,7.270739523376068,0,True,-2.088251913795567
MOL02237,GPCR,410.34641523894027,2.0936030495795896,0,4,46.992910281705534,3,3,-6.378893526551084,-2.356985863096331,4.021907663454753,2.6526098614324285,10.46769340806332,12.704069876944116,1,5,1,2,306.6670201057974,6.600799247687288,0,True,-2.2363764688807954
MOL02238,ion_channel,439.5489680412831,1.4758889929023895,4,7,95.79802685460639,9,1,-6.762341854643053,-2.3655023621305107,4.396839492512543,4.4302409902113515,16.373503820946357,22.385259387786597,2,3,1,2,476.22021224160085,6.580163481899785,0,True,-6.01175556684024
MOL02239,nuclear_receptor,494.83431095139497,2.146393765778669,3,3,72.05721128874714,3,2,-6.496496073340055,-2.078627921870506,4.417868151469549,2.7973733203919697,12.16062301750494,14.811839958020478,1,4,3,2,447.25124711298633,6.9836252324714065,0,True,-2.6512169405155372
MOL02240,kinase,257.9663614374285,1.285801851104692,1,4,79.44665229243273,8,3,-5.758781065263282,-2.1843504953485846,3.574430569914697,2.024744666050963,10.958046522812806,13.67577740233211,0,2,4,1,462.8028345759064,5.424137754563091,0,True,-2.717730879519305
MOL02241,kinase,487.0616213063204,3.698779458575327,4,4,52.56530773346604,5,3,-5.700561766238705,-1.4828176892008473,4.217744077037858,3.718666015790192,14.340128039043206,15.255291284039233,3,6,1,0,488.19525123407726,7.157200935263996,0,True,-0.9151632449960267
MOL02242,kinase,300.81681002363473,1.6459016222723442,2,2,38.50013677285431,2,3,-6.531600901681878,-1.7349286698277167,4.796672231854161,0.6683462649215299,8.063847413962304,10.586353357092621,4,8,2,1,495.5556426431597,9.215775967119141,0,True,-2.5225059431303176
MOL02243,kinase,258.4870372525338,4.034190123854511,2,4,69.66411592602765,6,3,-6.58367100867353,-3.3132493454422045,3.2704216632313257,2.7774134870169966,10.627197560256027,10.873273196683165,2,9,2,0,542.1382930141426,8.21909762542915,0,True,-0.24607563642713792
MOL02244,GPCR,497.2964070901955,4.217690123854201,2,5,85.2325713559918,3,5,-6.386142188994246,-2.3443115177597966,4.0418306712344485,2.462459980325618,13.549236527442565,17.183618644160685,1,7,4,2,488.35513402484423,8.556197659349987,0,True,-3.63438211671812
MOL02245,GPCR,329.30943670290145,1.950322386898062,3,7,90.24073873335816,4,3,-6.428901660054005,-2.920315121088649,3.508586538965356,3.0145364877511707,10.841188666520504,12.658800009811108,2,4,3,1,328.2771964749573,5.269073470388049,0,True,-1.8176113432906043
MOL02246,protease,451.91051534973025,2.5058052252624825,0,3,5.0,2,1,-6.616107916725912,-1.0602794139938887,5.555828502732023,0.13797629713888038,8.888179621196945,8.146488171657687,1,2,2,1,328.94257721097455,8.16638729265047,0,True,0.7416914495392586
MOL02247,PPI,344.8410194243503,2.014542149631935,3,6,77.03471928801412,4,4,-6.646482831464164,-2.434596856105578,4.2118859753585856,4.316388439363398,12.950981342585418,15.639665453252011,1,8,1,1,402.1163305275018,5.511205110892804,0,True,-2.6886841106665926
MOL02248,nuclear_receptor,267.6325188003533,0.8919896445134006,0,7,82.10511991731866,9,2,-5.757312764187606,-2.532457666857582,3.2248550973300243,3.579503877861894,10.900144183286136,11.706504565550686,0,3,0,1,318.2886562097638,4.525578303623588,0,True,-0.8063603822645504
MOL02249,GPCR,309.6457719501004,2.3160607815784937,1,5,62.931613695258044,3,2,-6.177926565178708,-1.6698761856408684,4.508050379537839,1.742781367362996,8.417560758562338,7.7377431233297465,1,5,2,2,528.9974218457259,6.249127618452323,0,True,0.6798176352325918
MOL02250,other,289.9675082917406,2.711910850666828,1,9,113.23411943022245,7,1,-6.079135284279813,-2.004538398309719,4.074596885970093,4.0621248462816615,11.9108098047805,13.831698562151624,2,4,0,2,368.15038312730843,6.864352226212493,0,True,-1.9208887573711237
MOL02251,other,256.0956132739164,2.9129603062780465,4,7,137.17414497321232,6,3,-6.141225665753597,-3.1167870601411782,3.0244386056124184,4.119512736267923,13.168233500413551,12.113191924277068,5,8,2,0,536.0944833964394,7.564342060669382,0,True,1.0550415761364835
MOL02252,kinase,321.7924869171469,3.526229798088897,1,5,56.1580212875555,3,1,-5.929042124629569,-1.66569347151963,4.263348653109938,2.4231812417567373,8.901495968341942,11.2974263240655,4,11,0,1,527.1340354511696,8.621935813913828,0,True,-2.395930355723557
MOL02253,protease,581.450643228496,3.1881803186003053,0,4,35.985161787772356,5,2,-6.228880422640037,-1.1813307024290416,5.047549720210995,0.14071480446547513,11.779157572095599,13.917537958822763,2,4,3,2,452.62989484677513,7.272338978314372,1,False,-2.138380386727164
MOL02254,epigenetic,311.2791516372618,3.2030839183071396,1,7,72.27874729741765,6,4,-6.180905374556944,-1.883258234709117,4.297647139847827,3.6849319934135782,11.806619561599177,11.90297930582936,1,3,3,0,266.19168554818356,5.031746535170601,0,True,-0.0963597442301829
MOL02255,ion_channel,120.0,1.6822232353003175,1,4,78.09028615117606,3,4,-6.471099810790166,-2.7785572487002295,3.692542562089937,4.2557110826725575,8.975553582023323,9.79900093671486,0,7,5,1,508.32051307027643,6.688389137724602,0,True,-0.8234473546915364
MOL02256,nuclear_receptor,194.81860080144875,4.218158015950616,2,11,115.87327177842128,3,1,-6.667714534684601,-2.044089617659142,4.623624917025459,5.622365593685598,11.585923074085676,11.317082992227515,2,3,0,1,159.59352029623486,6.805098752955135,1,False,0.2688400818581602
MOL02257,kinase,382.02363435731564,-1.5,3,4,64.07820670307346,7,1,-6.988709128099124,-2.556136653710588,4.432572474388536,2.36567273823567,11.90948461438633,15.307567151103749,1,4,0,1,322.0859625854902,5.482193398995158,0,True,-3.3980825367174194
MOL02258,nuclear_receptor,200.40479982818815,2.701843896812465,1,6,68.9034913935788,5,4,-6.749442758610907,-1.9874963566468866,4.76194640196402,2.0807576906778134,8.715411692674984,9.735835414202231,1,5,1,2,412.011821597554,7.424188930203053,0,True,-1.0204237215272478
MOL02259,epigenetic,284.96235348272137,2.1842123037162704,1,6,86.53696955322611,5,5,-6.759480581570718,-3.0559696421396643,3.7035109394310535,4.009944582211744,11.987127292737163,12.440899409914648,2,10,7,1,649.789913041786,8.84791169829254,0,True,-0.45377211717748445
MOL02260,nuclear_receptor,343.5149026149725,1.0063316028152545,1,3,42.92758379888551,5,1,-6.9015689128204505,-1.7570307355981278,5.144538177222323,2.1250530799903427,8.92657504830777,9.534618144436084,1,3,1,0,200.71208411636533,4.753988682140422,0,True,-0.6080430961283145
MOL02261,other,366.11366384445347,3.754293794914976,1,6,61.13660081392356,2,1,-6.2612752108733165,-1.4120448904914973,4.849230320381819,2.8812378165936656,9.16613708860579,7.639383060993726,1,6,2,2,363.63155665043183,5.9529674625381155,0,True,1.5267540276120641
MOL02262,kinase,349.0210051217689,3.2696944800750756,2,8,80.41216536128496,10,1,-6.709385460489672,-2.776483057809865,3.932902402679807,2.6252369540756506,12.385764608682496,14.01893546855519,1,2,1,1,429.4403801656895,4.71690004080882,0,True,-1.6331708598726937
MOL02263,PPI,381.55337840974596,2.1927833390511804,3,5,90.72112531832022,5,2,-5.235088490624781,-2.302672130567493,2.932416360057288,4.154107994166263,13.324042781878672,17.938502620348252,3,7,2,0,440.8769159905987,7.352903345139003,0,True,-4.61445983846958
MOL02264,nuclear_receptor,195.55225572806066,2.136098866103091,0,6,83.37423671576977,7,1,-6.275998525728089,-2.337185333969312,3.938813191758777,4.291842813447768,9.278949583782035,10.546318049956383,1,4,1,0,354.34328338424905,6.420499850905096,0,True,-1.2673684661743483
MOL02265,protease,418.4071870454289,3.435773041836454,0,2,33.698379456272185,4,2,-6.2191046036415765,-1.182834755735967,5.03626984790561,1.7249305941503537,10.825676644517745,11.652484067118323,0,9,4,1,483.83071640229946,7.163062644502308,0,True,-0.8268074226005773
MOL02266,ion_channel,429.39883235440595,1.4285784948363958,0,2,54.4727465162734,3,1,-6.449218266036656,-1.3529118719666031,5.096306394070053,1.8451848478150614,10.244025618062473,13.085798651617605,1,5,0,2,462.4065751983338,5.403832281882995,0,True,-2.841773033555132
MOL02267,epigenetic,415.1242949853265,3.844762861297334,1,1,34.05976649008972,4,2,-5.439781910634148,-1.8256192525418244,3.614162658092323,2.6633741315314543,10.041681232282263,12.862281942938711,1,6,2,0,383.86514882653375,5.886648850505454,0,True,-2.820600710656448
MOL02268,kinase,269.8648882253923,4.432213622185214,3,8,105.412766679886,6,0,-6.445165706763703,-2.558194132240746,3.8869715745229567,4.204727896851243,12.60978684540998,10.187544622826792,1,4,0,2,386.7718136376021,7.043681476618257,0,True,2.422242222583188
MOL02269,GPCR,349.33253088819555,3.2032859945152214,2,4,71.80132740217218,4,6,-6.3146303575014295,-2.3104086802464976,4.004221677254932,2.584740256974242,12.203147989448597,12.170459458721755,0,6,3,2,387.42156415167597,6.913135143496141,0,True,0.0326885307268423
MOL02270,epigenetic,131.12640352526307,3.56651266285456,2,2,38.64233957500274,6,5,-6.077883888331036,-1.5344040103113001,4.5434798780197365,2.7329882670060295,9.173756709252338,10.294886629728502,2,11,2,1,502.2760524374005,6.82560287949576,0,True,-1.1211299204761644
MOL02271,epigenetic,562.463904399545,1.4943909230858476,2,3,52.40046245598821,4,2,-6.023279075253279,-1.8973352605163953,4.125943814736884,1.3792478547636706,12.080355863694088,14.020692366811273,3,0,0,1,245.44042446415443,5.608914352798234,1,False,-1.9403365031171855
MOL02272,ion_channel,377.5534516524946,2.1622604592486967,1,4,43.08413259358405,6,1,-6.29483688078622,-1.590891018971559,4.7039458618146615,1.475273851210981,9.84369458400419,9.705219594340507,3,5,1,1,311.7532745363465,6.730681146759583,0,True,0.138474989663683
MOL02273,nuclear_receptor,444.27540721119806,1.007118525041525,5,2,84.24070761376969,3,2,-6.341166714464364,-1.8806591790967508,4.460507535367613,3.4659306732158415,12.74883807926728,14.618451328952974,2,7,1,2,352.4532060912269,6.403532238578425,0,True,-1.8696132496856936
MOL02274,other,525.4553174943123,-0.10774244418949275,3,4,72.65812223930354,5,3,-6.689489143635829,-2.4823290481498264,4.207160095486002,2.6397418028369075,13.7982618902774,15.941165690028509,0,3,3,1,423.31982634245145,5.846879506192049,1,False,-2.1429037997511085
MOL02275,kinase,299.94153774948796,3.047992656570849,0,8,91.35914657541318,8,1,-6.0030811969660105,-2.3078905511449626,3.695190645821048,3.9535674780658767,11.14772234910802,11.98863683906552,0,4,1,1,373.302918232828,5.721030354554522,0,True,-0.8409144899575001
MOL02276,kinase,250.7543420046007,3.3595428612142175,1,2,33.93803421781408,3,3,-6.113276070489421,-1.2629877910224585,4.850288279466962,1.143065202342221,7.931039046339914,9.994094742842915,0,5,2,1,440.0326474751129,6.3248394759759465,0,True,-2.0630556965030005
MOL02277,PPI,297.0098687236465,2.832047342614005,2,8,117.21420279904775,9,3,-5.648355120279954,-2.5686616971874363,3.0796934230925173,3.8542037334085566,13.786279210724743,14.879736241050304,0,4,5,1,472.19868374029596,4.678553018872787,0,True,-1.0934570303255615
MOL02278,kinase,165.4188495914637,4.118659664333717,1,1,45.56974312407569,8,5,-5.887356633147733,-1.5546284144075986,4.332728218740135,1.1686266479724705,8.754401208344342,10.78196620564019,1,8,4,2,545.9024916459495,8.49128130755614,0,True,-2.0275649972958476
MOL02279,epigenetic,219.52925533514886,2.998260603180368,0,2,48.94715855152117,6,2,-5.676063187233459,-2.221660223945626,3.454402963287833,1.9873238831765982,8.258298113923523,9.337481287179825,1,6,1,1,420.5872926407246,7.398543949434054,0,True,-1.0791831732563022
MOL02280,epigenetic,282.924042303388,3.906192908689945,5,3,68.96895002609995,5,4,-5.9169286575331865,-2.126977703871883,3.7899509536613034,2.6705626806277465,11.268708546633217,12.821038094660363,0,4,2,2,356.3248011017087,7.726259502685866,0,True,-1.5523295480271457
MOL02281,ion_channel,338.0474949761449,1.7572198626906852,0,3,39.91102215214239,10,3,-5.954718956352376,-2.6137689562358286,3.340950000116547,2.002885509103205,11.139349650817673,13.900896636140441,1,4,3,0,529.2600088956581,6.584550734513024,0,True,-2.7615469853227683
MOL02282,kinase,274.22705398077034,3.0469737057743775,1,6,63.348030379359614,6,1,-5.4687527462236725,-1.9333395218578853,3.5354132243657874,2.3360142616430917,8.762909935287587,8.858589869392986,0,3,0,2,408.2047505898872,5.544230374733415,0,True,-0.09567993410539977
MOL02283,protease,526.6485092707628,4.011052595903561,0,4,48.076973147729355,3,0,-6.465508425204332,-0.5780516673042289,5.887456757900103,1.9882018808514414,11.172713311174288,13.503195647758083,1,3,0,1,201.81900976254286,7.596176787783909,1,False,-2.3304823365837954
MOL02284,nuclear_receptor,418.6535460694257,2.533499686890394,2,6,93.1565012481969,6,2,-6.443730298758733,-3.1855049814557215,3.2582253173030113,3.3842561144916425,13.665998792855284,14.610673538489301,0,1,0,0,326.41301990697764,7.350608516663989,0,True,-0.9446747456340177
MOL02285,other,378.2977096413246,3.1953174991906566,2,5,75.04286047986577,6,4,-6.503688040364179,-1.87124557743993,4.632442462924249,2.958575314645786,11.862058347287833,14.169247201409304,0,19,1,0,635.3135295360139,6.80452028375682,0,True,-2.3071888541214705
MOL02286,GPCR,240.41508771322367,4.027708266258901,1,6,97.34715197643503,5,7,-5.922739375439078,-2.5885218926506366,3.3342174827884414,2.7825558897441307,11.694228606774994,16.646147980855147,0,8,4,1,502.2398807498864,9.610972734352618,0,True,-4.951919374080154
MOL02287,other,330.224167638768,0.8503568847559602,0,4,43.10025781680471,5,2,-6.852473946851669,-1.6599630261811207,5.192510920670548,1.6448371503743344,9.129283383153393,11.276011134993968,2,7,2,2,431.64514442868307,6.074981197132226,0,True,-2.146727751840576
MOL02288,protease,304.60465484051144,3.02488223149091,0,2,26.500941817439767,5,3,-6.332826183755485,-1.8872221600532169,4.445604023702268,1.535973409979524,9.376502458384625,8.919565683548095,0,8,1,0,448.217022440721,5.986254308397858,0,True,0.45693677483652984
MOL02289,GPCR,280.24538216880876,5.885569342772813,0,9,108.4052758709808,2,1,-5.658313934036683,-1.9937283530532657,3.6645855809834176,3.0723211485177977,9.412247680024818,12.896111104612817,0,5,0,0,288.8044584959805,5.117334380235071,1,False,-3.483863424588
MOL02290,ion_channel,263.4666893718852,4.114242043282911,2,9,110.88073979777732,4,4,-6.2598575424449425,-2.9873808820587624,3.27247666038618,4.320929351309146,12.759229260685837,12.10886663925567,2,12,3,2,572.4694319526911,7.336327128540456,0,True,0.6503626214301672
MOL02291,protease,314.98406232144083,1.935103933063432,3,3,72.34606554857639,3,1,-5.993146035014237,-1.9470571266184316,4.046088908395806,2.0084924483884277,8.79489122131838,11.365746899497546,1,4,2,1,420.24909858796786,4.837051501480175,0,True,-2.570855678179166
MOL02292,other,497.54052400891567,1.7154290395524883,2,3,65.85035177089817,4,1,-6.200519660050647,-1.7300242036728808,4.470495456377766,3.5086091202586522,12.171392678269767,14.967010269792988,1,5,0,1,430.7604450257331,7.590548105071572,0,True,-2.7956175915232215
MOL02293,kinase,405.12340346914385,4.259528802302965,0,13,122.5512639437073,8,2,-6.632378683014697,-1.2294073124070481,5.402971370607649,6.717999096967973,16.58934944223772,17.63809269651224,2,5,1,1,443.2415289027914,6.9619494983487815,1,False,-1.0487432542745196
MOL02294,GPCR,411.0423970358475,6.7495983301399285,0,5,80.29048013882336,2,1,-5.862641958956729,-1.9259648679581836,3.9366770909985456,1.632521839640046,12.480773573433725,14.994118682748752,0,9,1,2,509.55993844813247,7.36234028491384,1,False,-2.5133451093150274
MOL02295,kinase,365.31291497901276,5.020662991541918,0,7,75.31207108146938,6,3,-5.855029616662313,-1.6269392068630975,4.228090409799216,3.2260399209177866,10.61989862186014,15.14060231613611,2,6,2,1,454.27016864407483,9.354541167475055,1,False,-4.520703694275971
MOL02296,kinase,395.4648735538008,2.7508519577504584,2,4,74.84180016704325,7,3,-7.347821228048706,-2.305023907592016,5.04279732045669,3.5578471614861265,12.318052832304204,12.544895492914064,1,6,2,2,517.9101327259975,8.256840656833731,0,True,-0.2268426606098597
MOL02297,nuclear_receptor,375.44935307659557,2.329701147665568,3,8,111.36849568590654,6,0,-6.175638029890953,-2.9300510396686805,3.2455869902222725,3.2240823699703816,13.447616822140866,17.42106396272351,4,7,0,1,450.45011974186536,7.422667264637122,0,True,-3.973447140582646
MOL02298,other,402.45518683087425,2.1215330461226705,2,6,77.38521172520795,4,3,-6.661065344321881,-2.7404203658635966,3.9206449784582844,1.7956290848578076,11.554384145626992,12.385525104965215,0,4,1,2,336.9853869939588,6.027595191575948,0,True,-0.8311409593382226
MOL02299,kinase,436.8469990838332,0.7393037508961664,2,4,79.43726316512178,5,2,-5.820250953110175,-1.7267214667836688,4.093529486326506,3.5072151921711088,12.052760281648542,15.302975802118882,2,4,2,2,511.47726654438395,5.8533273772334775,0,True,-3.2502155204703396
MOL02300,kinase,181.8438430065348,1.7012974888863721,2,2,51.942714297143596,5,0,-6.776796395520459,-1.4420459433928394,5.3347504521276194,3.140935940322021,7.973383628896631,8.225740282023102,2,4,1,1,433.67907579206644,5.846202589260764,0,True,-0.25235665312647093
MOL02301,kinase,604.3271172603861,1.443927185245325,2,6,76.74502885341832,5,4,-6.544203708084902,-3.046386099706641,3.497817608378261,2.5672516728459334,15.025635489108277,15.214166464223002,3,5,1,0,381.2490853156669,7.572490202228528,1,False,-0.18853097511472505
MOL02302,kinase,340.1136116433502,-1.5,2,6,91.26540797201586,4,0,-6.711023594318329,-2.069612964253394,4.641410630064935,4.297790990695065,11.54115258934455,13.202517984624444,3,2,0,2,341.5087463443241,6.690378034866082,0,True,-1.6613653952798941
MOL02303,protease,241.47521692835386,2.628614205136119,1,4,34.941882566107665,6,1,-6.751932962596996,-1.7912445888890538,4.960688373707942,0.7998306428853936,7.5919722196618045,10.41921939858935,0,3,0,0,434.5838377817293,6.430907966702967,0,True,-2.8272471789275455
MOL02304,GPCR,399.18091933693705,2.3379927197456234,0,5,72.65930225332636,7,3,-6.638660682444872,-1.9859052327638078,4.652755449681064,2.6790266284470867,10.881948498293886,9.225086058235247,0,2,2,0,393.20159171005054,5.8107015221390625,0,True,1.6568624400586387
MOL02305,kinase,489.7637048699875,4.490934901290674,1,4,67.01675440596965,6,2,-6.324103347814117,-1.8979610737105748,4.426142274103542,1.8217463245531134,12.296590846854114,14.337800826417057,3,6,1,1,323.946272822988,6.320726292930422,0,True,-2.041209979562943
MOL02306,epigenetic,411.93699490719774,1.8645653644695543,0,6,60.69871871170874,2,3,-6.956026469235733,-2.2318782695985244,4.7241481996372094,3.4589708427609502,11.076325877103384,11.896087769284271,0,7,5,2,545.9855450528972,8.629495710057261,0,True,-0.8197618921808871
MOL02307,nuclear_receptor,471.85268183523146,1.3863205941044823,1,2,41.84986143305258,7,1,-6.068874272950498,-2.140958837775432,3.927915435175066,1.0799889675721666,11.701472723201766,12.333579026391721,1,3,1,0,321.01354664310935,8.084181137265617,0,True,-0.6321063031899552
MOL02308,kinase,477.91721784339416,1.4070138316762075,1,6,73.59491896965288,4,1,-6.359464150155753,-2.6954846797599914,3.6639794703957613,3.359926818854734,11.634967875134477,13.74973124384182,1,4,1,2,356.3200693562327,7.275387897953709,0,True,-2.1147633687073437
MOL02309,PPI,165.6488935093244,-0.39453687366986534,3,3,50.281070372493545,7,3,-6.233462106536772,-1.8111081575756005,4.422353948961171,3.729699254109171,10.069296679148938,12.991852555795857,0,1,1,0,235.60897095592787,6.26499606660187,0,True,-2.9225558766469195
MOL02310,kinase,195.41679751240704,1.8666258544571095,1,6,104.56885539433361,2,4,-6.108146224040168,-2.870779610884131,3.2373666131560372,3.4269150627167853,9.134541281686126,10.030079351568942,1,6,3,2,331.06568045833546,7.270172234871291,0,True,-0.8955380698828161
MOL02311,nuclear_receptor,163.91180015119699,1.6155371517387487,1,6,80.20514742378685,3,3,-6.68082528737345,-2.4298734270259876,4.250951860347462,3.014156761598701,8.717320277418048,10.876425558764463,5,3,1,2,355.13795979098967,6.590850236896453,0,True,-2.159105281346415
MOL02312,kinase,520.4920336005971,4.438518931617935,4,6,85.05040379986801,2,2,-5.752714046119694,-2.4734166914853177,3.279297354634376,3.5086677381776283,14.124821186954936,17.394218132183322,2,8,2,1,441.8638118576546,8.389162506122359,1,False,-3.2693969452283866
MOL02313,other,405.78937519728373,2.699786109271891,2,2,64.57058887481054,8,2,-6.169676196468391,-1.6367022216894394,4.532973974778951,2.5420194480469482,12.001448073968426,10.674008943221233,0,5,0,1,371.2648947100014,5.343174274246367,0,True,1.3274391307471927
MOL02314,protease,397.2576933786635,3.930692994230631,2,3,67.42629427400314,4,1,-5.980743239776163,-2.2607878897438103,3.7199553500323526,4.183530308771151,12.093567222551965,14.605018820011962,0,6,3,1,541.9699661051534,7.8977929981273975,0,True,-2.511451597459997
MOL02315,other,404.4700152365224,4.003994779917048,2,5,82.23252072205838,4,2,-6.468744610214537,-1.9438039349518512,4.524940675262686,2.982398266794519,11.227833976386151,12.429134869761983,1,7,0,0,409.82850624580567,6.927230301182295,0,True,-1.2013008933758318
MOL02316,protease,284.5859858233043,3.6869833891751163,2,7,81.11549170896323,3,3,-6.3048492440981745,-2.815373625138913,3.4894756189592613,2.7628226418642097,10.914529173010056,14.007989993344959,0,9,0,0,435.35151921010805,7.231900766388967,0,True,-3.0934608203349026
MOL02317,kinase,391.2064585252787,1.2126435553127337,0,4,60.60797422381215,8,4,-6.818067232400776,-2.566106316402972,4.251960915997804,3.2201938820961167,12.866826001002377,13.198033797966385,0,7,1,1,495.59117998927724,7.555946901212396,0,True,-0.3312077969640086
MOL02318,ion_channel,491.23672759296426,0.3722630118401007,1,7,105.2411635000887,3,1,-7.1375978496273405,-2.2321105880419547,4.905487261585385,5.9460707401868005,14.686828065686568,15.796268394413525,1,3,1,2,384.33958743986943,5.550498629039691,0,True,-1.1094403287269579
MOL02319,protease,357.64184477426863,1.6672548561857203,1,5,91.02710364138575,5,0,-7.0691332790042685,-2.143757948105397,4.925375330898872,3.1476347529180817,9.972656888667181,13.43899164821071,1,6,0,2,357.8130596773479,4.614092409664798,0,True,-3.4663347595435283
MOL02320,protease,526.8702279413042,1.7441494167732556,0,6,85.13578544676383,7,1,-6.0157610934391785,-1.918602068426823,4.097159025012355,4.068037789645889,13.726359392680491,14.223511815203386,0,5,1,2,350.85333145264195,8.478975728659366,1,False,-0.4971524225228947
MOL02321,epigenetic,186.23246698218716,3.7250949163259484,1,5,65.72209024069252,9,1,-5.516609230853661,-2.017526304244818,3.4990829266088435,3.133406970415506,9.459499902529165,11.85184038911072,3,9,0,2,314.5643455732885,6.664075210903292,0,True,-2.3923404865815545
MOL02322,kinase,216.57491574281144,2.478750744149438,1,7,75.24233505348849,4,1,-6.425282994361885,-1.4214211456286927,5.003861848733193,3.905656988347333,9.005447114478127,8.773506678948255,0,8,0,2,370.4673290916296,6.232478902821049,0,True,0.23194043552987154
MOL02323,nuclear_receptor,539.3327948464588,3.2026478379771444,1,4,61.934350692299354,2,3,-6.621831426478044,-2.3456199925864385,4.276211433891605,3.033276463998503,12.519628077112756,17.91389000771046,0,10,3,2,496.1986102335371,7.186519166354803,1,False,-5.394261930597704
MOL02324,protease,380.0381541423533,2.5377678811689757,1,3,35.49062532252993,8,0,-5.952161427496436,-1.3649716346198453,4.587189792876591,0.16527417071145645,9.234925942766738,9.18515503950556,1,2,0,0,253.55296173217556,4.340185542654212,0,True,0.04977090326117839
MOL02325,GPCR,298.3926879739737,1.1217433562813763,1,3,56.77929417019995,4,3,-6.515842572849099,-1.8071589492723437,4.708683623576755,2.2892730691761285,8.282077579566016,11.263828490913486,0,3,1,1,364.49981806646906,5.505080732866107,0,True,-2.9817509113474703
MOL02326,other,224.21523029309768,4.90218063535842,4,2,23.1139214919652,5,3,-5.7880568093993885,-1.3812229049166764,4.406833904482712,0.8240898328824457,8.704169137364932,10.27161965058602,4,6,3,1,484.65632791380773,7.26595446596392,0,True,-1.5674505132210879
MOL02327,GPCR,400.38485590835523,0.5600042969969099,0,4,20.728652955564563,2,1,-6.747894013389891,-2.513951379496344,4.233942633893546,0.5805832408934353,8.673921671729623,9.493397117479303,0,5,0,1,294.71156801807393,6.179088300441234,0,True,-0.8194754457496796
MOL02328,protease,436.32313311807104,2.279660665017486,1,4,83.77517801135599,6,2,-6.811319197890401,-2.095275129636693,4.716044068253709,3.0485722447986072,12.11041408919853,13.187200520182385,0,3,0,1,306.8007544004292,5.9117755912362995,0,True,-1.076786430983855
MOL02329,PPI,159.20246135708013,2.549974049117663,1,7,66.72196147545452,1,1,-6.32422085916074,-1.5513071024502567,4.772913756710484,3.3388028363270963,6.7158007775098305,6.952366846820011,2,3,0,1,356.08084083668075,6.3792592098867935,0,True,-0.23656606931018054
MOL02330,other,518.3527613649003,2.3316589652661945,1,7,113.97858702381855,4,1,-6.528746679338134,-1.990921672220341,4.537825007117793,4.0595450084891755,12.247987687714849,12.648251794437577,2,9,0,2,598.7392133892596,6.4836617351940316,1,False,-0.4002641067227284
MOL02331,ion_channel,482.0834859797375,2.802046933494806,1,5,40.61276707033941,5,1,-6.036256131981398,-1.5453791933171355,4.490876938664263,1.8249873284910765,11.868982494665808,12.166019820629334,2,7,1,1,352.73163291273056,4.915974905376565,0,True,-0.29703732596352594
MOL02332,protease,412.4383840002987,3.6181352912530826,1,5,56.03502062772747,1,1,-6.229370855623337,-1.794443937112747,4.43492691851059,2.50994171881271,9.340128061535886,13.175248974198432,2,8,2,2,507.5840568156091,6.647292716477351,0,True,-3.8351209126625463
MOL02333,epigenetic,532.2714265087009,3.157704713742301,2,6,72.7414365592909,6,2,-6.291968379258957,-1.477541156214432,4.814427223044525,3.397250901014199,13.874361958775566,15.375177998887473,0,7,3,2,438.7530046025589,7.0037702597951,1,False,-1.500816040111907
MOL02334,protease,574.7374278582548,1.1659709613425429,0,3,59.14983961893016,4,2,-6.313335823175327,-2.4342021333306207,3.8791336898447066,3.489613656243769,12.749764031438309,14.004091967623717,4,2,1,0,438.5765045077112,7.415435854446612,1,False,-1.2543279361854083
MOL02335,ion_channel,326.9122729630192,0.5363501640391344,0,3,31.18764593504233,6,0,-6.106649021107983,-0.8886091466814577,5.218039874426525,1.696885403210606,8.885340081564122,7.228434705765207,1,1,0,1,356.2295334348344,4.839429778688019,0,True,1.6569053757989147
MOL02336,epigenetic,598.3729009459609,1.9182454577122106,3,6,97.25638238384468,5,1,-6.107305583918206,-2.110170647025683,3.9971349368925235,4.310837720154442,15.338465657651115,15.60785528034497,0,2,0,0,359.2979474709582,5.916901942852449,1,False,-0.26938962269385414
MOL02337,kinase,421.1670746048777,-0.05436952038570153,1,1,28.011228609324885,4,0,-6.042678304680599,-1.2627202282256627,4.779958076454937,2.120126597414799,9.108060126139694,8.353677910881252,1,3,1,1,277.16233982064915,7.015620235300856,0,True,0.7543822152584418
MOL02338,epigenetic,444.9496710585058,0.9787153772229189,2,6,111.86031452192523,6,5,-6.750203222772737,-2.531593155376261,4.218610067396476,4.824814709197429,16.035327671503143,16.4892001053783,1,5,1,2,386.09081924371355,7.504646917673661,0,True,-0.45387243387515497
MOL02339,GPCR,200.47067103804855,2.745072194481109,3,8,145.16859864744742,2,2,-6.289448888055046,-2.6923215747330547,3.597127313321991,5.1649407390638755,11.989641827047578,10.216911867072652,1,7,0,2,383.23017447289385,7.48851785430011,0,True,1.7727299599749262
MOL02340,protease,410.5534840713686,3.1026861046556418,3,8,81.40462085664703,3,3,-6.3479992338933675,-2.2576139279521,4.090385305941267,3.7237907791513605,13.061863209207708,12.477476884832143,2,7,2,1,408.6251142805968,8.92798111592924,0,True,0.5843863243755649
MOL02341,PPI,624.911269006419,1.1981340575446673,1,5,60.339901433388135,2,1,-6.406792437350208,-2.0707040497939797,4.336088387556228,1.7233720205081564,11.826322168105275,12.165285786858906,2,5,1,0,329.1062090965234,6.946540106286997,1,False,-0.3389636187536311
MOL02342,kinase,348.5468014871723,4.806040333834526,0,7,62.25019984356126,2,2,-6.0628575157428894,-1.1600059614473042,4.9028515542955855,2.864076133045664,9.253306456226937,11.10669039804171,2,9,1,1,460.6094698379948,6.7017387246617846,0,True,-1.8533839418147728
MOL02343,GPCR,344.35710604316665,0.34273656539815445,2,3,46.99536321864969,7,1,-6.231601669665969,-2.5815464441090494,3.65005522555692,1.368007246855414,10.043157822666535,11.42514320229156,1,4,4,1,465.596561766002,6.235739461279312,0,True,-1.381985379625025
MOL02344,nuclear_receptor,457.47784764556303,2.5957058710839767,1,7,73.3587694474286,1,2,-6.58736663059963,-2.145561223003533,4.441805407596097,2.6324246948166543,10.575453228828513,12.431391502894757,2,8,1,2,535.9642860694272,5.805612140887989,0,True,-1.8559382740662436
MOL02345,epigenetic,168.23924560546416,4.242434234218782,2,6,99.37948824618962,0,2,-6.093424240272237,-2.179836072542139,3.9135881677300985,2.6543455171971435,7.033563703262866,4.972477307711595,2,9,3,1,510.9258661877791,7.14396131002788,0,True,2.0610863955512704
MOL02346,nuclear_receptor,453.4073941603507,4.274272491213529,2,4,33.286121158066805,6,1,-5.869843682858488,-1.5346422481207964,4.335201434737692,2.1871246781130997,11.801634656005302,12.154215385756808,1,3,1,1,361.350009471492,7.970946449389875,0,True,-0.3525807297515069
MOL02347,kinase,446.3106561057604,1.3269111396440025,1,2,38.93301521181719,11,1,-6.8288711430588025,-1.695702364164055,5.133168778894747,2.1095204738040914,12.61844910831082,15.050743940492143,0,3,4,2,374.9753003715065,7.2366622479188,0,True,-2.4322948321813236
MOL02348,GPCR,373.8200777804944,2.77627416820306,3,8,110.704058136605,3,1,-6.6458539770215825,-2.3664540294187204,4.279399947602862,3.8965855099457842,12.150610210708678,12.80074492482281,1,5,1,1,323.7795827997222,7.402960187446482,0,True,-0.6501347141141327
MOL02349,other,279.88871078592524,3.0156753182720073,0,6,77.59187389764517,6,0,-6.141342673847398,-1.2820108078647343,4.859331865982664,3.548800965325206,8.996559516461865,6.833469221470757,0,3,0,0,284.6868479094713,5.3179592579940875,0,True,2.1630902949911075
MOL02350,ion_channel,532.8865992860997,3.0737201939047396,0,2,14.715435054662496,5,1,-6.276268186339817,-1.3009306603946469,4.975337525945171,2.223224532977463,11.800583673186706,11.4932338184456,0,2,1,2,320.25787850278795,5.267151551968161,1,False,0.30734985474110665
MOL02351,GPCR,563.4641428394341,2.774496711294192,1,4,61.14180789223641,4,1,-5.998090332768817,-1.8160581875630066,4.1820321452058105,2.149737979307474,12.297217646722352,14.320490413987029,1,6,0,1,396.2880423140931,6.612962559750328,1,False,-2.023272767264677
MOL02352,other,201.63748589041515,2.176697777378627,2,7,117.14457466971888,6,2,-6.206372589462286,-3.6533219337145324,2.5530506557477537,3.656729377868771,10.294005293413885,12.199953636782316,1,2,2,1,411.63307270673073,5.4805635385572025,0,True,-1.905948343368431
MOL02353,kinase,469.57390508177804,2.426529911497981,1,4,58.63350970826745,5,3,-6.572117319758848,-1.9348802185836476,4.6372371011752005,2.4016427697615685,12.45238808664525,14.423664023568705,2,7,3,1,540.2271218470692,8.108337380007907,0,True,-1.9712759369234547
MOL02354,kinase,481.91810909838244,2.3383683139505083,0,2,56.3689410958261,5,1,-6.186415935246819,-1.6275579208102415,4.558858014436577,1.6878423303603145,10.823129447102662,14.685897533868765,0,7,0,2,300.31211339692237,6.4055235255098575,0,True,-3.8627680867661027
MOL02355,PPI,155.3395739263848,1.9731125014872561,2,4,79.55736856198833,4,4,-6.401185794360908,-2.115170541592561,4.286015252768347,3.246574223075039,8.837092199262512,11.508940147036537,1,4,3,1,554.8235038451473,8.245263643560762,0,True,-2.6718479477740242
MOL02356,protease,176.22268109089956,3.8768367693359758,4,4,73.48889411382554,5,4,-5.5280411426932865,-2.814837602575468,2.7132035401178185,3.5636506469982563,10.820748119925101,10.369689569264432,4,8,4,2,530.4076524713647,9.079522236772235,0,True,0.4510585506606688
MOL02357,ion_channel,238.5643495383628,3.592820391491634,2,4,61.08024160278098,4,1,-6.277534127115708,-2.463922524941715,3.813611602173993,2.330510358903218,9.000957478511861,10.570525539491939,0,2,1,1,367.59592561310143,5.8383290493369495,0,True,-1.5695680609800782
MOL02358,epigenetic,415.6331683943497,3.158174219504481,0,5,69.03135101750912,7,5,-6.39779837506785,-1.9561226212002847,4.441675753867566,1.403922177040581,11.882916946397012,15.991650878205013,1,6,5,2,592.9040541634107,9.044905538618064,0,True,-4.1087339318080005
MOL02359,kinase,366.66657926214526,2.4376967966094596,2,3,63.34590889551751,8,2,-6.137052825823787,-2.366558863763616,3.7704939620601707,2.0838551137638537,10.514582344316885,13.575467538574978,1,2,0,2,290.07440745039037,8.03961195093359,0,True,-3.060885194258093
MOL02360,ion_channel,326.11839449966453,2.2915193378330154,3,7,114.84452306937487,2,0,-6.587057309126955,-2.3970783135363365,4.189978995590618,4.131734629363732,11.377612844716593,11.060792226012577,2,2,0,0,321.6767614797846,5.8685033192101965,0,True,0.3168206187040159
MOL02361,ion_channel,254.16760537645075,-0.3688947682279555,2,6,95.50037927688325,6,3,-6.733853594177288,-2.693317423735811,4.040536170441477,4.166342480210036,11.72178163837345,13.774745747045856,3,5,1,1,361.41107784585006,7.869945612115817,0,True,-2.0529641086724055
MOL02362,kinase,484.4856274150923,2.0707440737991556,0,2,51.674069760660984,6,2,-5.299189270558309,-1.9295739580253113,3.369615312532998,3.485890013066726,12.178880598421408,13.986074987369465,1,9,2,2,461.9126730960321,7.681609324103533,0,True,-1.8071943889480568
MOL02363,other,252.17038980394136,1.3216151225568193,0,5,55.109988236453795,7,3,-6.3213210803905655,-1.2247394390650577,5.096581641325508,1.7115417344555528,10.254979976664522,9.230478489642048,0,5,1,1,449.1867281148123,6.763035721588432,0,True,1.0245014870224747
MOL02364,kinase,403.38941714486543,2.2333704443587314,3,9,78.17213153459267,5,2,-6.44328790420241,-1.5765666784161079,4.866721225786302,3.3165395125637955,13.547975921444802,14.845032974546536,2,2,2,1,409.8669017650528,6.294726682513136,0,True,-1.2970570531017334
MOL02365,PPI,302.0700176958103,2.1254220902962073,1,5,63.769395651756255,7,2,-6.147941030930494,-1.5700043557484307,4.577936675182063,1.8093881591816665,9.14709836601385,10.8426096858852,0,9,1,2,388.8707856381292,6.558289014853395,0,True,-1.6955113198713505
MOL02366,kinase,394.50805591160844,3.0285676730543307,0,6,77.5083419950017,3,2,-5.711006960675302,-1.9950271192058535,3.7159798414694487,4.195894831159803,11.544687936978013,11.660857675991426,3,5,0,2,443.247580687451,5.695096273303047,0,True,-0.11616973901341332
MOL02367,GPCR,251.3985973816935,2.3509925707136334,2,6,76.7772377198103,2,2,-6.051188083760225,-1.2380749988301614,4.813113084930064,3.7874741337354307,10.043706346926566,8.733775243241679,1,5,0,0,317.2814344886033,7.172030195660522,0,True,1.309931103684887
MOL02368,kinase,120.0,3.7074112466147313,1,3,63.193738164007975,5,1,-6.539786341466213,-2.133270025308201,4.406516316158012,1.983377238586433,6.562665768171543,6.619224332455701,2,1,0,2,263.1684820821628,7.173162161364331,0,True,-0.05655856428415795
MOL02369,GPCR,374.77177487492764,2.2389538530704267,2,5,72.06900058935977,8,1,-6.018428642203265,-1.7961667772716594,4.222261864931605,2.1346751311235734,11.926984448537812,12.249096962897099,2,8,0,2,451.39521733403075,6.967184227142732,0,True,-0.32211251435928645
MOL02370,other,365.65366452379953,2.4347976655235017,1,5,68.14928066974109,4,2,-6.051901995844766,-2.136946103948081,3.914955891896685,3.213139919812468,10.342543986485792,7.91692051515383,0,7,1,1,365.19570858973384,4.62978929185848,0,True,2.4256234713319618
MOL02371,ion_channel,330.39091068651794,4.8218502371833605,2,4,60.92561966934584,4,0,-6.0962799374019285,-1.7586871215868305,4.337592815815098,3.6988060472120003,11.000733836235769,12.403297949864942,2,7,0,1,410.4092305583758,7.442090234838204,0,True,-1.4025641136291735
MOL02372,GPCR,497.152264688783,1.4360016884966202,3,7,74.08335998597708,5,1,-6.828157569207193,-0.9995634555373734,5.82859411366982,4.2750092510587265,15.063359841880454,17.712936271616492,2,6,1,2,307.8578446987886,6.448048973129933,0,True,-2.6495764297360385
MOL02373,PPI,165.78415847365181,4.249523923964797,2,1,48.65042216416388,5,2,-6.174249062576395,-2.3002076651113614,3.874041397465034,1.5715795090773512,7.006321417795801,7.849617880656603,3,6,2,1,454.6877182293208,5.25548360660717,0,True,-0.8432964628608017
MOL02374,PPI,314.1212142516472,4.157492720783876,0,2,31.020292985004986,5,3,-5.580417279745453,-1.3958284900760105,4.1845887896694425,1.4174183952821,9.690118856632516,10.033841929058633,1,6,1,2,527.9240724938143,7.892076590774917,0,True,-0.3437230724261173
MOL02375,PPI,356.1932852519256,2.7874290075618022,1,7,100.83521755883312,4,0,-5.679000254126856,-1.890827158711355,3.788173095415501,4.192920090793649,11.008935535768982,11.85388859918132,0,4,0,1,415.847252181121,6.3583900109544444,0,True,-0.844953063412337
MOL02376,nuclear_receptor,316.1097790782664,-0.34136262827188135,2,3,31.51035736577179,6,2,-6.415311298084665,-1.8822992792401276,4.533012018844538,1.814137917612822,9.530704072137102,11.646202514850142,3,3,0,1,322.9967944929617,7.116308565214968,0,True,-2.11549844271304
MOL02377,kinase,230.60000793995317,2.3633911808471186,1,6,96.96737685662113,5,3,-5.832896600022909,-2.4532110665524542,3.379685533470455,2.370331430694879,9.245475442752042,10.05228865738186,0,7,1,0,376.42580234942284,7.580344392160848,0,True,-0.8068132146298179
MOL02378,PPI,306.1508426710985,3.3754498001451365,2,6,108.64083719602255,6,4,-6.441696212455128,-2.3205343627115798,4.121161849743547,3.6622148086971205,12.913287917582362,15.601617070914253,1,7,3,0,509.1086635120743,6.234883798354165,0,True,-2.6883291533318907
MOL02379,protease,344.86381839293745,1.5350622457645688,1,2,22.88248543410716,4,0,-6.517694071168723,-1.292580787603743,5.22511328356498,1.0479190620568242,8.068921095133579,10.647681008642824,0,4,0,0,357.4344606454419,4.604377041793867,0,True,-2.578759913509245
MOL02380,ion_channel,383.26274325023076,2.317453326221046,3,8,116.0945848592791,6,3,-6.324251633621007,-2.9642495348091145,3.360002098811892,5.379077301730065,16.589339688283207,14.349051848827179,4,8,3,1,557.7356722384869,6.808471053603279,0,True,2.2402878394560286
MOL02381,GPCR,412.3230541687647,2.3829857911053174,0,5,75.50083202086401,7,3,-5.676774379096441,-2.6733631906415414,3.0034111884549,2.791699257216384,12.346781703208393,11.066210392361791,3,6,2,2,414.4900152368102,8.449866152108168,0,True,1.280571310846602
MOL02382,GPCR,418.01744932156856,3.356633558915854,3,5,77.5990693134241,9,3,-6.561719076965673,-2.4654529895642434,4.09626608740143,3.4852558930569097,14.807771086905438,17.50349883148038,0,6,1,1,431.99782615359857,8.174564880958837,0,True,-2.69572774457494
MOL02383,epigenetic,470.2520604840094,1.0750718620837494,2,6,77.61042876622095,3,3,-6.3314470010050865,-3.054520849770917,3.2769261512341696,4.188251997404333,13.229857618935297,14.763566859901577,4,5,1,2,420.5842833162206,8.036427929718997,0,True,-1.5337092409662798
MOL02384,GPCR,345.42083306533794,2.648241157171807,1,8,109.38321614986495,6,2,-6.313791871385316,-2.0594011932986405,4.254390678086676,5.529341660563242,13.348321589877415,12.366722818529771,0,8,0,2,275.93560110755243,5.07570160873371,0,True,0.9815987713476435
MOL02385,other,436.9287290915021,2.764510889745008,3,5,57.3119206314552,5,2,-6.042721379665942,-1.2504040601380577,4.792317319527884,2.6794931261071624,12.658100343263838,18.08307388780014,1,6,1,2,373.2641647337966,5.438788639146877,0,True,-5.424973544536302
MOL02386,GPCR,468.87685711612846,3.639934585357234,3,4,70.46915539975339,5,1,-6.725850159896191,-1.2535889366672648,5.4722612232289265,1.841592921809726,11.854144472220373,12.62413585863775,1,5,0,0,262.13220816529633,6.342708721918881,0,True,-0.7699913864173773
MOL02387,other,510.6693061849616,3.1083766483737616,1,4,64.18143747030527,6,3,-6.067662558698068,-2.817839886607309,3.2498226720907586,2.981496084457444,13.77123421232787,16.381167474622153,0,6,4,1,536.3132349182547,6.97276458738841,1,False,-2.609933262294282
MOL02388,nuclear_receptor,281.3698622355083,0.9364031931100847,2,7,113.76379921806861,3,0,-7.283540188967667,-2.042740151216432,5.240800037751235,4.822224244603322,10.357391105298463,10.112698330684939,0,4,0,2,415.03258952021577,4.9386309531526855,0,True,0.24469277461352412
MOL02389,protease,291.768438570356,3.306581584602978,2,6,121.92705593754599,4,1,-6.382177777373159,-2.4074839700362154,3.9746938073369438,4.298476881421503,10.737802634395383,12.873911152620964,2,7,2,2,388.81803742151936,6.302195342136389,0,True,-2.1361085182255817
MOL02390,kinase,260.9489318087253,2.001368660079131,2,7,106.91338434956093,5,3,-5.60907576947077,-2.521131604637044,3.0879441648337256,4.761466541131725,12.93392876157782,15.368437457050069,3,4,1,2,432.478961271108,6.999151274715207,0,True,-2.4345086954722497
MOL02391,GPCR,211.6591606530601,1.8055972524493447,1,6,49.93714542187348,8,2,-6.438447584215233,-1.4635540269779854,4.974893557237247,1.9226728751347784,9.816633075118492,11.805618639606992,2,3,0,2,214.08050213484978,4.833996319189831,0,True,-1.9889855644885
MOL02392,kinase,324.92298108215704,4.634741912209639,2,2,70.34149244312262,4,2,-5.661843109433502,-2.8954412229272743,2.766401886506228,2.688788001938883,10.751690813222105,12.074691970910294,2,8,1,1,374.6798561933132,5.652227701483945,0,True,-1.3230011576881893
MOL02393,protease,311.5962396815663,3.3544334371899245,3,6,82.68075170456514,5,0,-6.123315487171967,-0.8630498875598123,5.260265599612154,3.301834554004224,10.618206647305689,8.876247435917588,2,7,0,1,378.6051049522468,7.392700912245256,0,True,1.7419592113881013
MOL02394,protease,343.6651973595143,1.2931400984067323,3,7,113.2983074290036,3,2,-5.979125801946002,-1.9651669266564702,4.013958875289532,4.469810509279868,12.772303794247597,15.623005127948097,2,2,0,2,394.3559213410849,7.607397490496965,0,True,-2.850701333700501
MOL02395,other,280.99705262872584,2.8018702845093566,2,7,88.576445592197,5,2,-6.4037508188662,-3.148847059809076,3.2549037590571244,2.871809156131569,9.686546721337201,8.092906336467792,0,9,1,1,362.2848234907052,5.754319325868933,0,True,1.5936403848694098
MOL02396,epigenetic,172.01369784184067,2.6467872040986853,1,6,85.81098192840757,5,2,-6.873053912921882,-3.123487415543646,3.7495664973782357,4.2804792752570355,8.76312754051309,10.0465320458374,0,3,1,0,242.38685592890323,9.463160673632267,0,True,-1.2834045053243113
MOL02397,epigenetic,206.68377256003743,2.6617134411622314,1,5,56.29733756701704,7,2,-6.355784481927476,-1.7076691607209413,4.648115321206534,3.406195536803941,9.791275891365707,11.913076410611293,3,7,2,1,432.21217322361804,7.998078441078804,0,True,-2.1218005192455855
MOL02398,PPI,329.8330387197519,2.8513986993252693,1,3,53.93850249854202,6,3,-6.134761823013881,-2.524217573533964,3.610544249479917,1.68561154449183,10.00828313742681,11.39224041421185,1,5,4,0,506.43183336819214,6.712295244046303,0,True,-1.3839572767850399
MOL02399,PPI,456.11964127390144,4.883420328016204,2,4,89.21801051144425,3,3,-6.444003191183691,-1.5376329022650914,4.906370288918599,3.490118856880037,12.796370933226475,13.39756267599418,2,4,1,2,297.72520272498286,5.252296921025607,0,True,-0.6011917427677052
MOL02400,protease,354.672230091436,3.194352144323897,2,6,68.4307600793107,4,5,-5.5596767441757295,-2.731203250069445,2.8284734941062846,2.040601391400848,12.191901305939213,14.191806007299803,1,9,3,2,582.1027135587397,6.101976268384212,0,True,-1.99990470136059
MOL02401,kinase,303.36162779512415,2.1694438578647737,1,6,77.28118424051709,6,4,-5.942171447011487,-2.396460881621417,3.5457105653900696,3.939938932662473,11.77843676242819,14.230652396414738,0,5,3,1,460.77280867248385,7.3166989432413505,0,True,-2.4522156339865493
MOL02402,kinase,249.45895176375677,3.3389548204064425,0,5,49.22368002856461,6,1,-6.1177863410191256,-1.3552779531096308,4.762508387909495,0.8842775116249073,7.604958551358573,11.879553823499094,1,11,1,1,453.8481540415159,6.9950191260172385,0,True,-4.274595272140521
MOL02403,PPI,436.9211279886401,3.632826084988028,1,3,25.398946124903446,2,3,-6.08397676632122,-1.195732107688606,4.888244658632614,1.8697737853244698,9.885916044798295,13.15957326059196,2,10,2,0,476.4897476133474,6.311697007283504,0,True,-3.2736572157936656
MOL02404,protease,362.95593329516544,2.8323265182975903,3,5,80.70061792794307,4,2,-6.913673285277571,-1.6913817935584885,5.222291491719082,3.5006532406356574,11.832053586235999,12.50711651625152,2,7,1,0,436.0207951412037,7.64398041348819,0,True,-0.6750629300155211
MOL02405,ion_channel,438.5040432153055,2.3672663881913962,0,3,41.520048287056156,4,3,-6.396790675695789,-2.1454057110716276,4.251384964624162,2.001001430773614,10.550156184771666,11.436405152821688,0,5,2,1,319.5861820951867,4.694994667674705,0,True,-0.8862489680500225
MOL02406,ion_channel,342.32928819910353,3.5414190451597585,4,6,116.37386253388223,6,1,-6.038923759802292,-2.5350004780092323,3.5039232817930595,3.834490505511335,12.925618710728733,10.10206526025779,0,14,1,1,463.5868453406056,6.336877731690398,0,True,2.8235534504709427
MOL02407,kinase,270.9870625613437,3.951565306051286,0,4,59.537695138904006,8,3,-5.918265870388992,-2.894892964508213,3.023372905880779,1.8146721941008095,9.374322042220006,14.728939367593588,0,5,3,0,350.90094786966154,5.773621746234667,0,True,-5.354617325373582
MOL02408,kinase,295.1154141973785,2.3505547941813956,0,2,42.26303948004786,7,0,-6.462419966323507,-1.4868133548782654,4.975606611445242,1.3017634024028109,7.934575807180927,6.668063163707378,0,3,1,1,345.75327260261463,6.004717654927466,0,True,1.2665126434735487
MOL02409,protease,437.93719149797556,5.494575276913306,1,5,66.87801300157498,8,1,-5.716903821265029,-2.4109172293103867,3.305986591954642,2.647317577257536,12.769901958523509,16.349823518645735,1,7,1,1,485.5350523852799,6.755794744101085,1,False,-3.5799215601222265
MOL02410,ion_channel,343.4397883261004,3.1901153056853775,1,5,57.013269381654894,7,3,-6.1711054217143655,-1.4284374848271437,4.742667936887222,2.3093428333839072,11.297864165910568,13.482508963569543,1,4,2,0,352.48444895005997,6.3995139981202245,0,True,-2.184644797658976
MOL02411,other,522.2091496364847,4.684570327353343,1,6,99.20741576986104,6,2,-5.870057195281177,-2.815515796336902,3.054541398944275,2.4950896078370803,12.747137802043763,12.913472962475266,1,10,1,0,440.08796085855886,8.276509400360471,1,False,-0.16633516043150287
MOL02412,nuclear_receptor,252.85880546793385,1.4087275672069355,1,2,58.99602020005234,3,4,-6.489897316626724,-2.523206222083564,3.96669109454316,1.733670347092623,7.934731431524951,6.890874237045502,0,3,4,0,333.86835473962526,5.472213951691998,0,True,1.0438571944794495
MOL02413,other,287.1111386394239,2.7171112803786235,1,3,59.8636613324243,5,5,-6.035677641156927,-2.3061389050058736,3.7295387361510537,3.0216148791149093,10.848899247399018,13.354637635845474,0,7,2,2,483.84013445051255,6.472975838299414,0,True,-2.5057383884464564
MOL02414,kinase,430.8216657880821,4.500108293747153,1,4,69.48381594610899,7,2,-5.4295981596385365,-2.0921396773032397,3.337458482335297,1.4820170642447221,11.170305713803637,13.696552599258382,1,10,1,2,539.8709142566427,5.450437201482789,0,True,-2.5262468854547446
MOL02415,GPCR,317.5980050319056,2.363984653072085,2,4,48.37974987001008,3,3,-6.210076672945104,-1.8641455555413182,4.345931117403786,2.4263754843339624,10.230224783333625,11.287486023509956,0,8,3,2,486.53104840040186,7.058651167293937,0,True,-1.0572612401763308
MOL02416,PPI,330.6019359918439,3.3772060412202074,2,8,127.84308341005367,4,3,-6.108430444102972,-3.368945403861972,2.7394850402410005,5.111699004131578,14.680988119363304,16.07604378957814,2,5,3,1,343.13040489622676,8.195952780574942,0,True,-1.3950556702148358
MOL02417,kinase,344.99791725838156,1.9603740192622536,0,4,38.76499780929397,3,2,-6.281129979462498,-2.3540465230093686,3.927083456453129,1.330043050500996,8.33930724135061,8.74658695722982,2,8,2,1,354.17306962577584,8.981540290541938,0,True,-0.4072797158792092
MOL02418,protease,244.71041166601213,2.813074921551941,1,4,38.06333364164715,9,4,-6.549245133065829,-2.168966070075654,4.380279062990175,1.9967309077690734,10.03292657671937,8.575330035612467,2,8,2,2,542.2496012609008,9.571861624025546,0,True,1.4575965411069038
MOL02419,kinase,308.2858212452538,0.9550343146737241,1,7,90.37039403377592,6,2,-6.87898600548551,-1.0208275902583097,5.858158415227201,3.9768958986402736,12.183149764460005,13.882265916174584,1,3,1,0,447.906381274956,6.76387614636806,0,True,-1.6991161517145787
MOL02420,protease,539.2487408318892,1.7079422101318973,1,11,113.27128529363256,3,1,-6.38785184561489,-2.3588843151485364,4.028967530466353,4.736685959491281,14.515763829996716,15.674661976683982,3,10,1,1,511.50382060742703,8.069564050436815,2,False,-1.1588981466872657
MOL02421,ion_channel,352.5274590532174,2.4801687596244446,0,11,142.99240482671567,6,4,-6.971387121619632,-2.1795053576706875,4.791881763948944,4.706558278126199,13.014688160395975,17.770967577128307,1,11,3,1,487.7814358993041,6.479197198521935,1,False,-4.7562794167323315
MOL02422,epigenetic,290.08818075592336,5.385499339311988,3,1,21.139412799822644,6,3,-5.914026554453302,-2.0814150648499163,3.8326114896033854,1.7417471587337818,10.253344713026907,11.65923578908121,0,7,3,0,326.24908814374703,6.091869674229759,1,False,-1.4058910760543029
MOL02423,GPCR,440.29011524514164,4.120875621880829,1,5,66.61754888607405,2,0,-6.146709289039739,-2.3344437226246577,3.8122655664150815,2.6270635074815982,9.861953060658617,9.584499513855192,2,6,1,0,397.1822512962834,4.8789685453329295,0,True,0.27745354680342516
MOL02424,other,261.09103581659986,1.3037412872044238,1,5,89.95284404142751,3,1,-5.887522099228498,-1.7229656673893692,4.164556431839129,3.764853612009567,8.675257856933463,8.976192291139624,0,3,1,0,337.22493495689196,4.840101676774843,0,True,-0.3009344342061606
MOL02425,kinase,314.6521981173021,3.000869562985693,3,3,45.467070945768235,4,1,-6.352638102521569,-1.7063316495857466,4.646306452935822,2.1186812559472354,9.438237061124784,7.906318425626273,0,7,0,2,401.28900183128985,6.931517374527774,0,True,1.5319186354985117
MOL02426,protease,453.59609950106665,3.345142255802083,1,6,71.13466002919688,7,2,-6.125225351210781,-2.057172727607585,4.0680526236031955,3.4461078569537538,13.21334392250514,16.209479723060205,1,8,2,1,365.8491365036347,7.997242045532978,0,True,-2.9961358005550647
MOL02427,protease,331.7017252255438,4.149812990228742,1,12,122.54000314859486,4,2,-6.336102346767268,-2.2899940032990034,4.046108343468264,6.246118802073715,13.842915925776774,14.550818415252458,1,8,2,0,454.89272759663567,7.742819513756364,1,False,-0.7079024894756838
MOL02428,other,340.44961342099356,4.24755304541986,1,7,99.53248565108987,6,3,-5.900591280837872,-2.5027314947853716,3.397859786052501,3.6385157319549717,12.294786920506256,12.307148822341789,2,5,5,1,542.4932159124971,7.761235381838981,0,True,-0.012361901835532763
MOL02429,epigenetic,226.98961771346427,4.236393290684581,1,6,105.86639979744173,3,2,-6.2508385819098695,-2.7942122409602104,3.456626340949659,2.867583102076785,8.435241947941458,7.69050201448133,0,6,3,0,419.79074790502017,6.500075685540804,0,True,0.7447399334601279
MOL02430,epigenetic,383.4241865161009,1.5592201125188074,2,8,126.09513583221596,6,1,-6.42920401462704,-2.498962092932378,3.9302419216946625,5.8759562473196825,14.821160438631965,15.598278177823424,3,5,1,1,271.7150385097686,6.593782049339287,0,True,-0.7771177391914588
MOL02431,other,333.36106146886584,1.5806494907823894,2,6,106.3869328805001,5,1,-6.7774550541212335,-1.9695137906481226,4.807941263473111,3.375194000892852,11.09347379817614,11.5073164473282,3,6,3,1,541.0621032974698,6.398755902758503,0,True,-0.4138426491520608
MOL02432,GPCR,120.0,2.6385255762090036,3,12,164.49248617780685,4,1,-6.660587065441062,-3.24215277501541,3.418434290425652,5.959756474988459,13.82156013628753,14.085987403452748,4,3,1,1,268.0744914327777,5.639976424718682,1,False,-0.26442726716521747
MOL02433,ion_channel,192.26507863413832,2.7870027707071925,3,5,76.82986506172176,4,4,-6.528763752150676,-1.9442620679431228,4.584501684207552,1.7367421008523267,9.918721625038565,10.12112415766849,0,6,4,1,467.90134507534265,8.970109145724608,0,True,-0.20240253262992525
MOL02434,kinase,436.80609846887415,3.1800115147220875,1,6,83.21354412143582,3,1,-6.263481417896186,-1.7914828761200985,4.471998541776087,3.201209182390897,11.568368796768507,14.823645266274397,1,6,2,1,504.4288300702712,6.057222478282863,0,True,-3.2552764695058904
MOL02435,protease,205.01521397431722,2.187532332023306,0,6,44.285919142377814,5,1,-6.509382535364342,-1.5222389080010041,4.987143627363338,2.064089978104371,6.948479639052189,6.710482159029273,2,3,2,0,353.85290704010407,4.6418727706961675,0,True,0.23799748002291565
MOL02436,PPI,321.7034806621012,2.6321333951877457,2,4,63.131783936490955,2,2,-6.719052657004383,-1.9815012727827608,4.737551384221622,2.4098530869447465,9.163926434310827,11.67884052578617,1,3,4,2,370.4442202329922,5.5888721190283315,0,True,-2.514914091475342
MOL02437,kinase,392.56705504281473,2.6184132324898326,1,5,58.56593253245558,8,2,-6.4894373479886935,-1.275430631585593,5.214006716403101,2.725804914542778,11.982400587285216,14.194612994447558,0,6,0,1,331.09011651521615,7.118057413736321,0,True,-2.212212407162342
MOL02438,GPCR,403.4401535341942,2.057510663864577,2,5,67.7445279940626,2,2,-6.2887158892331865,-2.596128177827245,3.6925877114059413,2.3022802133033338,10.477933674808272,14.61177149639155,1,4,2,1,470.8906097575668,7.359524010304054,0,True,-4.133837821583278
MOL02439,kinase,528.9399033553512,0.9454657058631053,0,5,62.05120748798146,4,0,-6.619002117415136,-2.1690169707130584,4.449985146702078,3.9290539311593315,12.01422807529598,13.281796583808905,1,3,2,1,235.20328557612854,6.908869769027424,1,False,-1.267568508512925
MOL02440,kinase,443.64069482198704,2.7320855360889342,1,2,53.675185510976846,8,2,-6.462872481605411,-2.5599631474076587,3.902909334197752,1.2780806077129556,11.067526202161785,16.1429637408828,1,5,1,0,307.07534670189636,8.124128505666114,0,True,-5.0754375387210136
MOL02441,GPCR,195.79365073370334,2.179283143413196,0,9,112.36549040364405,2,2,-6.090121643646238,-2.3833087522691594,3.706812891377079,3.9156563252398353,6.423590563541229,7.171169162379232,0,3,3,1,409.0669671759636,6.393095152709601,0,True,-0.747578598838003
MOL02442,ion_channel,336.91614107145034,2.9033929808018213,3,8,108.04164247103138,8,1,-5.6650133192760155,-3.096937408714147,2.5680759105618685,4.1734563455883205,14.876801736869158,13.036345697858476,3,7,0,1,439.13987963300093,7.665802320000228,0,True,1.8404560390106823
MOL02443,ion_channel,466.28958607247006,3.104094553163349,0,3,56.2755001319486,3,1,-6.024600633622718,-0.8759228034656673,5.148677830157051,1.6568117234652526,8.832365350024462,7.760076189776271,0,8,0,1,309.34788633274906,4.523643084701743,0,True,1.0722891602481912
MOL02444,other,318.29559566785946,2.920089808439355,1,11,107.08286157534855,3,3,-5.881880067196381,-2.495129281064848,3.3867507861315325,4.597081149455189,11.935737171176275,10.61209567117602,3,4,0,1,382.45004436205875,6.65084406282389,1,False,1.3236415000002548
MOL02445,ion_channel,376.60760554286963,2.7972982908764754,0,6,68.46123238056683,6,3,-6.248828410734038,-2.5681492310572893,3.680679179676749,2.1047465694208327,10.93255130723781,13.067881319488698,1,9,1,1,397.0452501868176,4.940584459025722,0,True,-2.135330012250888
MOL02446,GPCR,213.77331356126743,1.4697536529204882,1,8,116.74242792467362,6,2,-6.978636853801079,-2.1212624909916915,4.857374362809387,5.150349492887594,11.295291774217525,13.648872654663055,0,5,1,2,348.7299818330061,8.456096576043386,0,True,-2.3535808804455307
MOL02447,epigenetic,263.6862698503797,3.5859938337142117,0,6,46.227245601207315,4,1,-5.079479228577703,-1.3833823075737448,3.696096921003958,2.978415753681369,8.414048620077908,8.590461419837753,2,8,2,0,462.74561600882384,6.934830909810281,0,True,-0.17641279975984503
MOL02448,kinase,483.0507959158967,5.21765896749287,1,5,64.474093503152,7,1,-5.391171060563467,-1.4660285269251796,3.9251425336382875,2.840421206071439,12.011909919110556,12.806136204655939,0,4,2,1,363.9184310825194,6.762240138044725,1,False,-0.794226285545383
MOL02449,epigenetic,120.0,-0.04820353139029532,2,8,108.11579950165178,4,2,-6.663919801503496,-2.171495984142141,4.492423817361356,4.153008323214562,8.787883506789981,7.787192805311123,2,2,3,1,429.5790800747154,5.4343337708721275,0,True,1.0006907014788586
MOL02450,kinase,409.809972400337,2.8511171720378803,1,7,88.31973273879032,5,4,-6.368090644797999,-2.198730767190733,4.169359877607265,4.512028114950768,13.294282012385079,15.110162902321672,1,6,3,2,359.1157613736332,9.119735345852025,0,True,-1.8158808899365937
MOL02451,kinase,271.2315109167863,3.3381042151785065,3,6,105.474660376103,10,2,-6.020828031800895,-3.1853607228280474,2.8354673089728477,4.376762681063775,14.278979181587834,17.762772739552613,0,6,0,2,453.45277374361314,8.256199111154519,0,True,-3.4837935579647787
MOL02452,GPCR,494.5197606844799,2.718965850051165,3,5,93.35460457032306,4,0,-5.840643721864484,-2.1674270217038534,3.6732167001606304,3.49142013160206,12.761198810513942,12.780674835299255,2,2,0,2,302.3856943905884,5.135134049808249,0,True,-0.019476024785312518
MOL02453,GPCR,385.5525759433735,1.7816886057721826,2,7,92.42965637933249,3,4,-5.954109524832303,-2.3416842923845773,3.6124252324477255,1.9373726237451403,11.1585079275708,11.751787772086224,2,5,6,1,464.77316558424553,8.10381804371831,0,True,-0.5932798445154237
MOL02454,PPI,452.62555230843304,-1.4254608915935179,1,5,71.73358997878307,5,1,-7.403705607036208,-1.8615200038021917,5.542185603234016,3.459351104213288,12.413805797704468,16.507914308365525,1,3,1,2,381.1341441475814,4.666037505517377,0,True,-4.094108510661057
MOL02455,kinase,384.2784607440074,2.2702276087409876,3,4,56.11364577233984,6,2,-5.773843068609612,-2.290040191141074,3.4838028774685377,3.0737221703609174,11.975202007634566,12.818340864406036,1,4,1,1,338.01292347152923,7.350079487653537,0,True,-0.8431388567714695
MOL02456,protease,354.53358636918324,3.792850513162657,0,5,64.33737156078915,5,1,-5.710323296938821,-1.1377726492031979,4.572550647735623,2.2464242431594723,9.098546160318307,10.9941747763452,0,4,0,1,371.79369659639707,6.5972646198887155,0,True,-1.8956286160268938
MOL02457,other,431.6252459546642,0.4943617658224366,5,4,72.03165145781657,8,0,-6.317674735553182,-3.1236554128018397,3.1940193227513425,3.8827844197070385,14.96106944160096,17.41793400655193,4,3,1,1,391.4705901898897,6.964350853466791,0,True,-2.456864564950971
MOL02458,ion_channel,261.48969415613436,1.8608621346589158,1,3,51.66485059618448,6,1,-5.885616982304843,-1.6792925807261372,4.206324401578707,1.979206342723204,7.977858158470319,10.089836178825445,0,4,0,1,349.627693858418,7.207288267432074,0,True,-2.111978020355126
MOL02459,protease,187.241895457834,3.018931742555109,1,1,31.919130002869945,7,1,-6.09992763367063,-1.4632350612526508,4.636692572417979,0.9541529900545993,7.355734603696071,7.415723580969784,0,2,1,2,289.4339068982609,6.526042213579082,0,True,-0.05998897727371322
MOL02460,kinase,161.40294343238847,2.4870264673879428,0,5,65.49545783246049,3,2,-6.621238460306992,-1.8340659101726688,4.787172550134323,2.2480893723018323,7.237888124162955,10.530114053505415,0,6,4,1,429.6707018551621,6.875933416827754,0,True,-3.292225929342459
MOL02461,PPI,296.29842462859125,5.489357200766211,0,4,44.25977378170654,7,2,-5.442235324341427,-2.1645345158433615,3.277700808498065,2.673054167413622,11.194407006443479,13.689357184661933,1,4,0,1,344.6695799619319,6.043752515253637,1,False,-2.4949501782184544
MOL02462,protease,255.26817873728504,5.462977132600988,1,5,57.82749049217813,3,0,-5.319417120753056,-1.1093615460899005,4.210055574663156,3.201296878351644,9.074826376115318,11.766855009649564,2,9,1,1,429.48994002583066,7.868422881817461,1,False,-2.692028633534246
MOL02463,epigenetic,510.24603092513075,1.678718230712605,1,7,71.88132284991511,4,2,-6.638285716468955,-2.113671850433269,4.524613866035686,3.7981069282744624,13.328969667104639,15.865407538898978,2,4,2,2,387.9104950916845,7.15279121948662,1,False,-2.536437871794339
MOL02464,protease,268.0382502242727,1.4868208344604001,1,2,32.5151763176903,1,2,-6.209584102548439,-1.6760075197136175,4.533576582834821,0.9309566908234375,7.57289253400012,9.821962027597756,3,1,0,0,217.19516390326905,5.748296416438408,0,True,-2.249069493597636
MOL02465,kinase,299.63993569384746,0.3101062995780981,4,4,87.05713390686434,7,2,-6.910988759257737,-2.0310420125365414,4.879946746721195,4.494822338048894,13.185677794960032,13.409770052143056,5,3,3,0,447.2040765021991,5.993433744944361,0,True,-0.22409225718302395
MOL02466,kinase,322.2342367943476,3.7612099730872304,1,5,63.15438543193427,3,2,-6.515232629314238,-1.7866298718546547,4.7286027574595835,2.7669617638800426,8.702146709687506,10.861455999264733,0,5,1,2,525.283006260587,8.565374181215134,0,True,-2.1593092895772266
MOL02467,GPCR,280.60537010071585,3.7100108221412773,3,9,105.38108560538448,8,2,-6.793827276598819,-2.970132809010528,3.823694467588291,5.032125273628387,15.018534058686418,17.75743066402491,2,13,3,2,545.9840052229938,9.44742215924613,0,True,-2.738896605338491
MOL02468,epigenetic,407.4325221166111,2.1066636917751236,2,9,98.39655899140048,3,2,-6.601853410085134,-1.8393889505205134,4.762464459564621,4.371247168395928,12.910184298287374,11.674881868816765,2,5,2,2,383.67304344003423,7.097438039151727,0,True,1.2353024294706092
MOL02469,GPCR,344.35136658752725,2.8451828921861364,1,1,49.50256867548681,5,3,-5.850312205301654,-2.24014843854989,3.6101637667517634,0.9585093409090693,9.07967630662818,8.178582071896201,1,6,6,2,473.60890008150193,8.32219227101126,0,True,0.9010942347319784
MOL02470,epigenetic,440.2006002127528,0.7881323827255693,1,4,76.93849531661533,6,2,-6.716878023041806,-1.5039545856868235,5.212923437354982,3.1967328762326663,11.822680721302293,13.959664155654918,1,3,0,0,469.0937758508968,7.982668801117375,0,True,-2.1369834343526257
MOL02471,other,361.9457100911521,4.169252978344087,1,2,51.22087483623246,2,2,-6.059427257246095,-1.466691769389091,4.592735487857004,1.107085160650998,8.225528798432283,6.762115729979138,0,2,1,2,309.11009190510805,6.231402159743275,0,True,1.4634130684531446
MOL02472,protease,419.8773626839803,1.6192719744361916,0,6,82.56561878229209,8,2,-6.662224574690309,-1.517629809685591,5.144594765004718,3.957169617559898,12.59598083168575,11.182517453821829,1,7,0,1,376.2595377113374,7.618775814458715,0,True,1.4134633778639216
MOL02473,protease,343.91980172093116,3.9835938876920425,1,1,20.059540728497936,6,2,-5.666955045098487,-1.5047946092976834,4.1621604358008035,1.6264978805126549,9.781395350966962,10.024634311270617,1,6,2,2,442.8550950909502,7.060422064820624,0,True,-0.2432389603036551
MOL02474,other,420.67005683965095,2.849137541029694,0,5,70.56284045186479,10,3,-6.851964721387378,-1.655715580946204,5.196249140441174,1.566783178438808,11.185467695122435,13.230308005111322,0,2,1,1,221.81929646886704,5.433420304647628,0,True,-2.0448403099888868
MOL02475,nuclear_receptor,426.1961689804685,2.303036412523724,1,8,93.19876197909844,4,3,-6.19418501866531,-2.931314459229532,3.262870559435778,4.078247519636357,13.799135913485221,13.361697155097566,2,9,1,2,432.7683291612522,7.609560105436432,0,True,0.4374387583876551
MOL02476,nuclear_receptor,299.29944735280657,3.5504618046959386,2,6,75.09362137678416,5,0,-6.528121442774684,-1.128466910410553,5.399654532364131,3.5186621404557257,9.954210357626442,9.25155757214869,0,11,1,2,494.2120278826307,5.658333263379013,0,True,0.7026527854777527
MOL02477,nuclear_receptor,389.4226159546507,4.809864670458136,2,5,63.35228714306087,5,1,-5.588247570973271,-2.5440087174365065,3.044238853536765,2.563490878449315,11.422270076130587,9.743605697660271,3,6,3,1,525.6934753997624,6.338655305349738,0,True,1.678664378470316
MOL02478,nuclear_receptor,393.78124154891503,1.5142166565097155,1,2,32.12336798488644,2,2,-6.630206897781795,-1.9284147243413805,4.701792173440414,1.5700285891893724,8.90242515472083,13.453961310591842,1,3,2,2,441.7868803730005,6.43080976952213,0,True,-4.551536155871011
MOL02479,kinase,373.4375153958081,2.741515171120822,1,4,73.24408637712959,6,1,-5.903585070684158,-1.86787598305776,4.0357090876263975,2.793782328254892,10.787106982220218,13.478324652657724,0,6,1,2,382.21353415041494,5.955892702133606,0,True,-2.6912176704375064
MOL02480,protease,364.8228015542596,3.362289113752082,2,6,62.54946420503265,5,3,-6.52176510701946,-2.0154132170300008,4.5063518899894595,0.5997594680690752,10.656812376019946,13.479348297556502,0,7,4,1,519.1586524983273,7.808717629676358,0,True,-2.8225359215365557
MOL02481,GPCR,195.80058920739512,3.5116154160918684,1,5,49.187748548405494,10,2,-6.020772820904462,-1.4247858443396317,4.59598697656483,2.3556893120600506,9.857712577207655,11.367986958261657,3,5,6,1,587.267302730879,8.024273594969442,0,True,-1.5102743810540016
MOL02482,GPCR,323.4376949801077,2.5757672566529517,3,2,75.88592987258505,5,0,-6.258676373188452,-1.2282857160631682,5.030390657125284,1.7562853375243117,9.357537105220345,11.680467356806416,0,3,0,2,278.4086354425778,3.352263594288069,0,True,-2.3229302515860706
MOL02483,GPCR,268.80426550048594,1.1854564846206705,0,6,71.50741824927279,3,1,-6.237509519462279,-2.2809288311590454,3.9565806883032333,3.7194299209933073,8.911155515453421,10.325251162249026,1,5,1,0,322.96997712521016,7.973832697282447,0,True,-1.4140956467956052
MOL02484,ion_channel,174.80282252052137,3.445793830376686,0,1,22.892000696723446,7,2,-5.826440837632461,-2.1031323526451713,3.7233084849872897,1.905428265623531,8.345289709021632,4.814658516987484,1,6,1,1,458.42700775678543,6.110652913306385,0,True,3.530631192034148
MOL02485,protease,344.08340625539927,6.940676856008086,0,8,96.30076847186898,4,0,-5.770778097240856,-1.1875566904438188,4.583221406797037,2.7805610231575746,12.924180172183158,17.15370629940938,2,8,1,1,366.49035266717465,5.870125148961038,1,False,-4.229526127226221
MOL02486,GPCR,452.27163926644033,1.836062541290953,2,6,89.86247402588411,3,2,-7.269236545687394,-1.417946810173385,5.851289735514009,5.88868140568289,15.738656814230547,20.377426865626347,1,6,3,1,551.037950632714,7.38391228140323,0,True,-4.638770051395801
MOL02487,PPI,400.7665796296279,3.177471378558149,0,1,17.16739377148521,1,2,-5.852748706688185,-1.6162221485486477,4.236526558139538,0.47136646077828215,8.648066767466721,12.740794095355556,0,8,2,0,411.3689093683095,7.329055940974888,0,True,-4.092727327888834
MOL02488,kinase,430.0841039551634,2.686495031247651,1,7,61.034151903114406,5,2,-5.995756747815211,-1.7103563486734992,4.285400399141712,3.467982061520264,11.652572642928163,14.600819363576967,2,5,2,0,474.87654772010586,5.410574748812953,0,True,-2.948246720648804
MOL02489,ion_channel,381.1315725842256,0.9206701499085128,2,7,79.2210838333823,8,0,-6.4203729506754295,-2.070751535002325,4.349621415673104,4.249647513831739,12.830637092243336,13.492353728723579,4,4,0,1,424.95081372224115,8.121899872598314,0,True,-0.6617166364802429
MOL02490,PPI,528.8954862382964,3.478515859836863,2,2,25.94744841690922,8,2,-6.061691682594736,-1.3167737238684722,4.744917958726264,1.6968824340807982,12.02911242313396,12.41384889634612,1,3,0,1,320.8756732331459,5.527837694565374,1,False,-0.3847364732121612
MOL02491,kinase,337.57879858702637,3.8226139205552014,1,5,96.57114402851602,12,2,-5.772483842170622,-2.083595328315524,3.6888885138550984,3.278144389596598,13.359341943488651,14.871526727950519,2,13,2,1,570.5777583030055,8.05282616766132,0,True,-1.5121847844618674
MOL02492,other,330.23087708432314,2.841827502834165,2,8,90.14602789163997,5,1,-6.29212791021999,-2.3605799086853065,3.9315480015346833,4.242179457717814,11.555558960576136,11.6911287879973,1,5,0,2,360.11964121263327,6.3481605773180965,0,True,-0.13556982742116475
MOL02493,GPCR,328.3751397259146,3.985165046783929,0,4,65.65137978623466,8,2,-5.45275943776303,-1.8324753698024467,3.6202840679605828,1.1244816852153154,9.597451376372558,10.822631230768453,1,5,0,1,415.089667225766,6.968925090487863,0,True,-1.2251798543958952
MOL02494,GPCR,485.8455748504828,1.8308520404851871,0,3,22.478117615099677,7,0,-6.739512820736254,-0.7921003940163976,5.947412426719856,1.955068118154044,12.183698849852066,14.997203949076,1,4,0,1,351.7331626876231,6.648442509621444,0,True,-2.813505099223935
MOL02495,PPI,362.4125609366314,4.532495419144119,0,3,54.81731152514291,0,2,-4.746414105319662,-1.5475286493717,3.198885455947962,1.9676500015925016,9.068601639570504,11.748090787190602,0,5,0,1,421.0600136313054,5.185005196255303,0,True,-2.6794891476200977
MOL02496,ion_channel,386.4791295260581,1.0860003891395342,1,9,90.6154297256141,2,2,-7.597331198774802,-2.3692396267833504,5.228091571991451,3.416460028203261,10.871038051276365,11.404909797497575,2,2,1,1,222.2179324938652,5.732566426680013,0,True,-0.5338717462212106
MOL02497,kinase,263.1921189975782,3.4675209633379565,1,4,42.06801420862904,4,0,-6.671430300032079,-1.509215440088389,5.16221485994369,1.6228590870003443,8.357712531685676,11.504401429208087,1,10,1,1,558.0565087854935,6.029414545822812,0,True,-3.146688897522411
MOL02498,kinase,466.6828443554259,2.846510984693272,0,5,93.61026034725958,6,0,-6.4396359822006835,-3.2167889812337,3.2228470009669836,3.626630194199986,11.5718447180467,12.83805415472861,0,5,1,0,256.2215663975783,6.879461712388472,0,True,-1.26620943668191
MOL02499,epigenetic,544.8040088459959,3.443859946218084,2,3,47.34155227846874,3,1,-5.243210608773561,-1.5028822774230626,3.740328331350498,3.06060406368654,12.608460737453074,16.406260435695973,1,11,1,1,423.1241100575353,7.015065512844783,1,False,-3.7977996982428994
MOL02500,other,423.8916663742453,1.341482712947715,2,6,90.61293670593255,3,3,-6.373729582088579,-2.58176386439099,3.791965717697589,5.423452635325968,14.16391802882447,16.128869270463337,0,4,1,0,321.22900731740424,5.418538590636755,0,True,-1.9649512416388664
MOL02501,kinase,359.5815266980785,1.738784315527267,2,5,89.48066619478902,5,3,-6.134200649465736,-2.87498370097666,3.259216948489076,2.4381239243839032,12.124975030316074,12.675481682367732,1,3,1,0,355.0630335231221,4.593707267684675,0,True,-0.5505066520516575
MOL02502,kinase,305.97986610434884,2.7158014650075306,5,4,71.82887249740816,6,3,-6.15109740699353,-1.9104253194289889,4.2406720875645405,2.264496975275042,11.171698938836032,13.20866465196708,2,1,1,1,436.03553396387383,7.523990799155788,0,True,-2.036965713131048
MOL02503,kinase,286.79241651906125,2.146577893109893,1,2,18.839990418772235,5,0,-6.100606534215361,-1.339793909988803,4.760812624226558,0.8225562583928001,7.626181876248736,6.944088568740001,5,3,0,0,336.28845339118016,5.9550317403613455,0,True,0.682093307508735
MOL02504,kinase,222.48256263450472,5.604925199878515,2,7,53.462867952343245,5,3,-5.404249500289825,-1.7989388513937257,3.605310648896099,2.205380072450599,10.824147885012529,12.439224382600655,2,14,3,2,582.2463109104149,9.213566875136928,1,False,-1.6150764975881255
MOL02505,GPCR,489.62669128457514,2.9196073665895357,0,9,88.37430230066165,6,2,-7.13834784774754,-2.118569381197586,5.019778466549955,4.744311761271409,13.40745352630441,15.17251102373202,0,5,4,1,527.987986343372,7.78456708079519,0,True,-1.7650574974276108
MOL02506,kinase,366.4154389738942,3.214763084432346,0,6,51.03771206561042,7,2,-6.79486731997577,-1.7298982242096224,5.064969095766148,2.5797941545002185,10.518908897819482,13.452302110298087,2,0,2,0,421.1308198699503,6.785380138911259,0,True,-2.933393212478604
MOL02507,epigenetic,232.84838632873345,4.092688306027006,1,7,66.64862071818308,4,2,-6.314275463588609,-1.057535700983819,5.25673976260479,2.038424575103151,8.762143640360112,9.14844429338778,2,6,0,1,348.65857581872604,7.507616398212766,0,True,-0.3863006530276678
MOL02508,epigenetic,299.6570722154297,1.8662412508392874,4,7,119.86067378695687,3,0,-6.382451241875923,-2.226102695587867,4.156348546288056,4.715466197581455,12.988416742617273,12.095964435790481,1,2,0,1,336.6621474902891,5.648169057521281,0,True,0.892452306826792
MOL02509,kinase,262.62572293486716,4.484052091967956,0,3,37.523436375338136,3,1,-5.889737226868563,-1.7823350386944803,4.107402188174083,0.5735328603605561,7.412701291795718,7.314936228650154,1,9,1,2,268.69711697240615,7.227151705278434,0,True,0.09776506314556332
MOL02510,nuclear_receptor,359.6741417932927,3.7113900023453006,3,4,47.44526498317413,6,0,-6.119556754352651,-1.3105020829261056,4.809054671426545,2.2624446551680513,10.868382943130415,12.00767736137172,1,8,0,1,260.1331470361789,6.179680691963995,0,True,-1.1392944182413043
MOL02511,GPCR,317.4255368834233,2.7289878590968484,0,1,9.036991946583562,5,3,-6.34227905532211,-1.2689100357331287,5.073369019588982,0.9348866084485835,9.564853554346385,10.987266620256321,0,2,0,0,351.21288890285774,6.433281891596462,0,True,-1.4224130659099359
MOL02512,PPI,402.4645438126906,0.7635434705146271,1,11,119.69457277365491,4,5,-6.446879465854119,-3.123877356497477,3.3230021093566418,4.95905244323219,14.866216540163036,19.05068715801005,2,5,3,1,360.1176974372511,5.901309146851171,1,False,-4.184470617847014
MOL02513,protease,365.8546151711997,2.631318519065252,2,5,51.77215111043467,5,2,-6.529857424942976,-0.6785659486199973,5.851291476322978,2.8193346195080746,11.285203194454045,15.888805145819827,0,4,2,1,322.9401427154329,4.4554646707923595,0,True,-4.603601951365782
MOL02514,epigenetic,420.3344378321016,1.1992292519801355,0,10,127.35042296330252,7,0,-6.4885944622416405,-2.67209284474997,3.8165016174916704,5.390799024158438,12.797760370261813,10.759034304766761,2,4,0,0,250.07674942356525,4.914807979399246,0,True,2.0387260654950516
MOL02515,GPCR,266.87980232549694,2.9318915896481617,4,5,90.50146720699298,7,2,-6.705149926419062,-2.304007974778736,4.4011419516403265,2.2990064619920143,10.483080757634427,16.760350670305098,3,4,1,2,366.9241217160677,7.09453504366738,0,True,-6.27726991267067
MOL02516,kinase,232.9716869215202,3.4153749012508907,0,1,23.234451401383083,7,3,-6.8254051684464105,-1.389311641792394,5.436093526654016,1.930440644359231,8.95197437070546,7.987468807661737,1,6,2,0,528.1788791384338,8.218399091328614,0,True,0.9645055630437236
MOL02517,other,313.90766037385043,2.8481662046114775,0,6,86.61863425046316,12,2,-6.178214534527656,-2.215766994775835,3.9624475397518206,2.5965185371300517,12.49904132003695,10.68471495351928,0,5,1,1,368.67520894642337,4.7194457028530925,0,True,1.8143263665176708
MOL02518,kinase,405.5627874942643,1.8850272946638724,1,2,22.54482234934447,4,5,-5.945176318035979,-1.3828103349561567,4.562365983079822,1.7726185815533715,11.261312742125103,13.877039694245264,1,6,1,0,256.19876565814707,7.273294035308502,0,True,-2.615726952120161
MOL02519,kinase,364.91592926039766,1.1498509544909123,2,7,117.19439199295167,2,2,-7.071199473691976,-3.1416290989048177,3.9295703747871586,4.3133303893131885,11.481750892944612,13.139735301800746,0,7,1,1,391.4799239061662,4.595696368026955,0,True,-1.6579844088561337
MOL02520,PPI,273.71658038536674,3.096993459862857,1,7,80.46451342732598,6,0,-5.932088633315329,-1.2635196712879437,4.668568962027385,2.715220676536574,9.591686406513238,9.807036290561308,3,4,1,1,459.78935733748904,6.409075886952102,0,True,-0.2153498840480701
MOL02521,protease,284.1810922209972,2.5587910152888633,0,4,38.49206569469048,5,2,-6.7463359485257275,-2.5504135551159997,4.195922393409727,2.049968795128538,8.944754131371472,9.710822238142471,1,5,4,1,378.2669883180498,6.576299641762078,0,True,-0.7660681067709998
MOL02522,kinase,395.33580424999116,2.404909168081104,1,4,34.042803189429385,4,2,-6.607870686495017,-1.7669630673123284,4.840907619182689,2.076895539960265,10.003418914355551,6.702532446291067,0,6,1,0,288.85050604866314,4.697304644682442,0,True,3.3008864680644843
MOL02523,protease,435.4256278263962,1.808556045631992,2,7,92.01702486692677,4,5,-6.254685408643115,-3.2036095976087395,3.0510758110343756,4.421922353382938,14.860066643298484,18.124515137249887,4,6,5,1,524.7390531139407,7.804577185171647,0,True,-3.2644484939514022
MOL02524,GPCR,338.2569200794148,2.806964457192237,3,4,83.45167306933452,4,2,-6.593397076970686,-2.5095059574494343,4.083891119521252,2.447654773726429,10.451769008162248,13.999692868788049,3,8,0,2,401.1769192389281,6.167497553865339,0,True,-3.547923860625801
MOL02525,kinase,447.2686202169275,4.902347824067081,1,2,26.312023433321936,4,2,-5.8380266372462035,-2.020623045058607,3.8174035921875964,0.9237786216101136,10.653125609791003,12.458381336654076,0,10,2,0,509.8600232787191,5.810326229649894,0,True,-1.8052557268630736
MOL02526,epigenetic,504.9538027879571,1.9997932197550856,0,3,35.723859290571696,8,2,-6.416592425645382,-1.0093611769985313,5.40723124864685,1.1567623399032159,12.996886548151796,17.318033304417476,0,2,2,2,363.917594537076,5.333744262223109,1,False,-4.32114675626568
MOL02527,epigenetic,538.7092216825708,1.5088174827195644,3,4,86.35210071892708,4,1,-6.025173557550065,-2.4508041114628503,3.574369446087215,4.044499276959913,14.831770056163474,17.002774307516873,1,1,1,1,318.5665684733328,6.010986579595892,1,False,-2.1710042513533985
MOL02528,PPI,372.81645561660633,0.850331454881577,2,5,85.71092940785492,3,3,-7.073390186839377,-2.4724941087777017,4.600896078061675,3.740681491917141,11.642307980731598,16.66554085713138,3,1,2,2,293.0020851106246,6.0304346796213,0,True,-5.023232876399781
MOL02529,GPCR,418.598238967908,3.156212822588391,3,4,82.111223300785,3,0,-6.2432826806196555,-1.4546562954326137,4.788626385187042,3.058652680931734,11.36794330388742,10.319319345016934,2,8,0,2,340.4678389821035,7.440511772157972,0,True,1.0486239588704862
MOL02530,protease,417.1249886817396,3.2660051767769485,0,5,45.39840644914884,4,4,-6.46089152317618,-2.002244621782975,4.458646901393205,2.827894170789749,11.282469831814126,11.273470405772885,1,11,3,1,597.9206524786149,6.7355204450475625,0,True,0.00899942604124071
MOL02531,GPCR,143.04790326335743,2.889728573426382,0,9,96.85488386738842,1,5,-6.411450369150697,-2.619186206170363,3.792264162980334,2.632876613053784,7.875430088894527,10.269554468424632,0,8,4,2,482.2184246411198,7.1071976409871755,0,True,-2.394124379530105
MOL02532,kinase,258.4427696536647,3.9095943268239006,1,4,35.659917752914055,6,2,-5.925404026123836,-1.0162874086103275,4.909116617513508,1.5192436168331596,8.88478134013353,10.115993945969432,1,7,1,1,422.40590881207913,8.805285065568492,0,True,-1.2312126058359016
MOL02533,PPI,473.31379624929167,3.442733664566429,1,3,27.830419578994036,4,4,-6.174369993006547,-1.935063531963623,4.239306461042924,0.7836030228405962,11.190766633727339,11.346217332578197,1,6,2,0,429.3082528507388,4.3410484242498,0,True,-0.15545069885085816
MOL02534,kinase,394.8768455178601,2.9892850063126954,1,2,42.63558271272551,5,4,-6.360821641091885,-1.503947707517825,4.85687393357406,2.2325070795674105,11.573934735322386,15.067226755264922,1,6,3,2,555.3021060091895,6.927954756619025,0,True,-3.493292019942537
MOL02535,epigenetic,397.1486716639328,1.579922437166873,2,8,73.0129736622788,4,1,-6.004135420819926,-1.2202469708636916,4.783888449956235,3.4469083435636367,12.343481298913245,10.43913408829519,1,5,0,2,420.04887850511057,5.231954798591748,0,True,1.9043472106180541
MOL02536,kinase,369.1967215989134,0.19870177048960125,1,5,50.930006083243505,2,2,-6.2016305731959465,-1.509789764727571,4.691840808468376,2.743469728104053,9.933332602701512,11.464505265175122,0,5,2,1,365.9598122499271,6.41160413344063,0,True,-1.53117266247361
MOL02537,kinase,411.56593443967495,2.34379827526156,0,5,55.8885088797992,8,0,-6.423111486261534,-2.838401184506391,3.584710301755143,1.8207531020370598,10.64969050921026,10.607599292776792,2,3,1,1,333.427744193841,6.612811450097712,0,True,0.04209121643346769
MOL02538,nuclear_receptor,225.2287444471818,3.4038454184893165,2,2,35.49061950568787,1,1,-6.5733120318073945,-1.617059320872126,4.956252710935269,0.9692605443316462,5.834619230483711,6.698536440223885,0,9,1,2,439.4511600916113,8.797665604178103,0,True,-0.8639172097401735
MOL02539,nuclear_receptor,306.8394412109686,3.5750815592792433,2,7,85.7645186347783,5,4,-5.707396673101998,-2.623728086149996,3.0836685869520024,4.139248831202799,13.29249284649908,14.939918569536845,1,2,2,2,297.68378755276046,7.062162173563927,0,True,-1.647425723037765
MOL02540,PPI,451.594872902169,1.4827528949753295,4,7,81.02658285798722,6,2,-6.703281646687269,-2.417001385277033,4.286280261410235,3.1213915822094127,13.989725206709773,17.168650316946778,0,3,2,1,409.4426560544083,5.606663094659285,0,True,-3.178925110237005
MOL02541,PPI,309.9421863178707,1.7442264739602673,0,5,46.12316917489869,2,2,-6.421371289743037,-2.538248715564901,3.8831225741781363,2.2727718038289946,7.446784766141519,7.205535851454999,1,7,3,1,436.58958332004124,5.191583239222121,0,True,0.24124891468652
MOL02542,GPCR,292.9434981957936,5.6152077133616185,0,9,119.56318775322153,1,1,-5.861961493326884,-2.2335489714257757,3.6284125219011085,5.389013121224095,11.103265320872023,14.908098607060158,1,13,0,1,412.46589383531204,6.32638190883422,1,False,-3.804833286188135
MOL02543,protease,451.3264673985077,0.9815986780676758,2,6,93.03235775475851,1,2,-6.164736579919218,-3.0441444886891693,3.1205920912300487,3.7559535976990857,12.833020276346868,13.915641944569483,0,3,1,1,265.76033809072993,4.623058170326759,0,True,-1.0826216682226146
MOL02544,ion_channel,494.1654809755569,4.795996838923081,3,3,49.36942018488014,5,4,-5.631508561444016,-2.6141428612799604,3.0173657001640555,1.3172814994720063,13.15026269275252,15.043123396493236,0,4,2,1,498.3169474761511,7.295800671918704,0,True,-1.8928607037407161
MOL02545,kinase,399.8984518403566,4.118822434324644,0,5,61.86753566117234,3,0,-6.3733472356505105,-1.3809090059723002,4.992438229678211,2.5709450517892947,8.821044986858896,8.844781134892699,0,6,0,0,481.4353311895628,4.277133071603385,0,True,-0.023736148033803417
MOL02546,GPCR,435.515597888232,4.076043460766002,2,6,95.50525848051208,6,1,-6.543456167428286,-1.4384544983458185,5.105001669082467,3.3218959087482838,12.324548249493633,11.882585811493128,2,6,0,2,322.01191013960664,7.560747133477719,0,True,0.4419624380005054
MOL02547,kinase,201.0263856019538,2.262527909243791,1,6,64.67134332299315,4,2,-7.416348549426822,-1.6689336388885452,5.747414910538277,3.176824075471858,8.377328937580238,6.001074167709598,1,5,2,1,301.88785875195833,6.201629621670605,0,True,2.3762547698706395
MOL02548,GPCR,370.4611246533046,3.054360126769842,2,9,118.31874726818397,6,2,-6.345270220598595,-3.1160188258896264,3.2292513947089683,3.8268585211964408,13.46929352537531,15.766571544221264,2,3,0,0,446.98284413449596,6.482543357988725,0,True,-2.2972780188459545
MOL02549,protease,330.5190329413535,1.6331005499760187,4,3,63.41538956576972,5,4,-6.358677933980602,-1.8112075420154983,4.5474703919651045,2.8027673670653224,11.454472572107525,12.808412563381994,3,5,4,2,478.6258692394423,8.088055327423344,0,True,-1.3539399912744692
MOL02550,protease,320.3668727394087,3.978278532528841,1,4,64.23964651721246,7,1,-5.301555070647242,-0.7394981575399342,4.562056913107308,2.386436006601161,10.041679228309299,13.253309705877035,0,3,1,2,354.2698512004592,5.784724372237355,0,True,-3.211630477567736
MOL02551,ion_channel,314.8115453522436,2.22473231455014,1,2,5.0,6,4,-5.938227092948707,-1.3516982257229548,4.586528867225752,2.028802584432297,9.931073095653847,11.00450295273607,0,5,1,0,335.7794827697747,6.5804968247904805,0,True,-1.073429857082223
MOL02552,other,484.39800554564226,2.4968025724860206,2,7,64.09547684528555,4,1,-6.777086626300511,-2.529008654849482,4.248077971451028,2.7943145817170145,11.994097773603436,14.399058038953088,2,2,1,0,229.4359583662343,5.486402142117296,0,True,-2.4049602653496525
MOL02553,PPI,308.94230806039775,1.882725989956344,2,8,65.51103244088196,5,5,-5.928134833559904,-2.8599351005095013,3.0681997330504025,4.515365857819342,13.565638275062707,15.703263697263273,1,3,3,0,451.0579760227285,6.601284704852974,0,True,-2.137625422200566
MOL02554,protease,218.9393360876297,4.7896040919260345,1,9,79.34098112076148,7,1,-6.050141835006728,-1.869705143930206,4.180436691076522,3.338570461538389,10.142625494968218,7.270377749482481,3,10,0,1,437.0511597352694,7.098555900941055,0,True,2.872247745485737
MOL02555,protease,260.9495348807837,0.9983073485250726,1,4,70.38176928290223,9,1,-6.46470387780081,-1.6914060513532183,4.773297826447592,4.272362957516963,11.127116019779978,9.572648841357816,1,4,2,2,313.2441764732097,6.007139813239459,0,True,1.5544671784221613
MOL02556,other,450.19757382172963,2.764559187566554,1,4,74.3294752795382,8,1,-6.245262984500407,-2.090153864128398,4.155109120372009,2.4658793429164936,12.435688209731575,14.894277357872193,3,1,0,0,272.3580246045974,5.207915710412644,0,True,-2.458589148140618
MOL02557,kinase,183.47390838130838,2.184213494953606,1,8,68.13072699374925,6,1,-6.798584673269808,-2.2254077698862758,4.573176903383532,3.1007064136319755,7.901343460974759,10.721243593500889,2,6,1,2,437.60791067569585,8.237177820421223,0,True,-2.81990013252613
MOL02558,kinase,321.63417022381975,3.8418024048099757,1,2,26.514288480544415,7,3,-6.557939983565153,-1.7597735958177287,4.7981663877474245,0.4736704705353294,10.084553106980996,11.19210508191035,1,6,0,0,313.6137740866496,4.722820557514728,0,True,-1.107551974929354
MOL02559,GPCR,338.12637579777873,2.278456065082507,3,6,64.50611134584645,4,3,-6.480202181537911,-2.8195047874332575,3.6606973941046537,2.55875212307883,11.453159938149811,13.791779206833773,2,8,5,2,476.75030003358006,6.893057675780313,0,True,-2.3386192686839617
MOL02560,kinase,312.6204704206584,3.6247874154068507,0,3,39.41628587572638,5,1,-6.44368970716094,-1.3126426131181115,5.131047094042828,1.472584500864628,7.930151586225069,8.564792097361579,0,2,0,2,429.67970501903375,7.131722733330025,0,True,-0.6346405111365101
MOL02561,GPCR,462.1692846514769,5.77786873735659,2,5,62.56035090312372,5,3,-6.12724123990423,-2.3350703832266175,3.792170856677613,1.3818562547213753,13.661720657736018,16.573710431600485,2,12,1,0,631.6662627665263,7.687356445351612,1,False,-2.911989773864468
MOL02562,nuclear_receptor,370.15655504894636,3.212343746193251,1,9,106.15116233266151,6,2,-6.72254558222746,-2.002813892102808,4.719731690124652,5.0278829197524315,13.562364410766964,12.851160333385362,5,8,1,2,347.86343358398517,8.323629293943831,0,True,0.711204077381602
MOL02563,ion_channel,312.34382972599553,1.8325704883874878,2,4,88.75861830877426,3,0,-6.450267377872875,-1.995160252566921,4.455107125305954,3.384986988380053,9.709826966570745,9.128200917907085,0,5,0,2,254.48419787268398,6.937184535242048,0,True,0.5816260486636597
MOL02564,kinase,250.80509526030144,1.392138129451533,1,3,28.961797211572193,8,1,-6.717798158569351,-2.2940603326342597,4.423737825935091,2.4718571705035215,9.892057998631602,8.817274805475336,1,2,2,1,401.40810986112456,7.561554254415849,0,True,1.0747831931562661
MOL02565,kinase,242.84458957406474,2.4876694218260975,2,4,42.8362191690934,6,3,-6.128980988716385,-1.7253316185121021,4.403649370204283,2.219807113146044,9.581569572753732,8.604526268643598,1,1,2,1,463.5436228167773,6.596359022138519,0,True,0.9770433041101345
MOL02566,epigenetic,412.78437223672,0.11006892067177532,0,2,76.69561916737916,5,1,-7.102435817804453,-2.1471082383576863,4.955327579446767,3.018346091845198,10.723624217071443,12.661468464295403,1,1,1,2,388.7607810431245,4.550931368521491,0,True,-1.9378442472239605
MOL02567,ion_channel,454.1777901726476,1.580844053397174,2,3,63.7876494025451,3,0,-6.323035169121123,-1.0463538237456431,5.27668134537548,2.0291913201107827,10.588194296031936,12.273828318240867,4,5,2,1,458.06971010518896,6.0019364912210165,0,True,-1.68563402220893
MOL02568,nuclear_receptor,375.8609400298605,1.997857059438938,1,3,46.16337630900049,2,1,-6.0227180258006765,-1.9938300376424514,4.028887988158225,1.4693019278833688,9.157238140889461,8.831136094745634,0,4,1,0,395.6833486735021,5.240600857460404,0,True,0.3261020461438271
MOL02569,ion_channel,500.22440702596737,1.4590695169095822,1,7,68.6841968415791,5,0,-6.7422642742025385,-3.381566518361108,3.3606977558414304,3.071554323543344,11.770231298177979,13.304873562863374,0,6,0,0,348.04658747102155,6.98267988198935,1,False,-1.5346422646853952
MOL02570,nuclear_receptor,568.2036385114117,0.29315533508981106,1,2,25.095357597859763,4,4,-6.18719002049755,-1.8482339420192389,4.3389560784783106,1.504410878592223,12.982322556310018,16.389134439915836,2,2,1,2,339.2412141811523,8.213037449319078,1,False,-3.406811883605817
MOL02571,epigenetic,300.3748630469887,1.442093988266355,3,5,105.22909989429505,1,2,-6.395665179179263,-2.6880905016266183,3.7075746775526444,3.7597716162327237,10.813275101815657,13.074722128873011,0,6,0,1,390.2040374513465,8.172525192853143,0,True,-2.261447027057354
MOL02572,ion_channel,217.41079062642225,2.0183630822184684,1,5,69.76619327945878,5,1,-6.7464165724495,-2.1304029637852744,4.616013608664225,3.2117409549035654,8.88968501055824,7.441193625309972,0,4,3,0,365.3266372535943,5.46967187172681,0,True,1.4484913852482686
MOL02573,kinase,157.43066511628808,2.7837959567376176,0,4,50.39132758574335,6,1,-5.668875716311513,-1.5087440234686005,4.160131692842913,2.112701787843217,7.237838612216521,8.501281644559516,0,2,0,2,277.0214159681161,6.66274113256561,0,True,-1.2634430323429946
MOL02574,other,400.23951820493653,2.9105026413725037,1,8,111.44261421638458,9,1,-6.2347595830174996,-2.2427287943791088,3.992030788638391,3.3301015990641427,13.512012828993436,12.383911591033234,2,6,0,1,491.20129795739797,7.855279153320113,0,True,1.1281012379602018
MOL02575,kinase,300.9970088510836,4.2559871176213875,1,3,31.933371597490517,5,2,-6.12133933732194,-2.083969376093423,4.037369961228517,1.8381071784389926,8.81778041392433,10.678642901227898,1,10,0,2,409.5026081797402,8.138678217275544,0,True,-1.8608624873035673
MOL02576,epigenetic,340.03400605187875,2.766393327094752,0,5,35.07904260530608,8,3,-6.778161470524644,-0.8824464734745014,5.895714997050143,2.6138359102994353,10.413922924953852,11.961728540383403,1,12,0,2,544.0699781176395,8.625475119372203,0,True,-1.5478056154295512
MOL02577,ion_channel,499.69868323899095,3.650273608106552,3,4,64.7242033065078,3,4,-6.008161299428391,-2.4998038750267733,3.5083574244016176,1.871448093305934,12.942930508105137,15.526786727046321,1,5,3,1,477.7457523162576,6.24651677115302,0,True,-2.5838562189411842
MOL02578,GPCR,430.5436345819952,4.1624478055287835,0,3,58.11866916408959,5,1,-5.793627115471105,-1.8251172870386951,3.9685098284324103,1.8460386896016026,9.465406587962356,10.210532067682708,0,3,0,2,307.61531259842036,5.375797202244291,0,True,-0.7451254797203521
MOL02579,protease,423.3903777362977,4.043068874195471,2,7,119.28064584989507,7,4,-6.27968441213295,-3.0981695694607807,3.181514842672169,3.1686589333838726,14.60641463907504,15.908026712932273,3,3,2,1,455.9483506583901,7.326719029783108,0,True,-1.3016120738572337
MOL02580,kinase,252.88836337120716,4.893459912506623,1,8,105.87984899907414,4,1,-6.503446600432104,-2.5991287232525755,3.904317877179529,3.044162396059374,9.835882448448062,9.636540324394456,1,4,0,2,402.03944940040657,6.350058182917996,0,True,0.19934212405360618
MOL02581,protease,249.381809177834,-1.2167039737571872,1,1,24.001884439213768,5,1,-6.435759017996979,-1.6794689202744952,4.756290097722484,2.1498014547244644,7.215203423781502,6.6299508468078665,1,2,0,1,467.0600952396079,8.117375686136443,0,True,0.5852525769736356
MOL02582,kinase,469.2562036945148,1.8063559803576672,2,2,43.90597106805946,3,0,-6.236499933950832,-1.163140451629052,5.07335948232178,1.8116418907108613,8.952725620335205,11.633709127077491,0,3,0,1,163.8647891229973,5.024222403193174,0,True,-2.6809835067422867
MOL02583,other,159.33939028438613,2.2783388100305078,2,3,68.44675584247186,8,4,-6.060881045816051,-1.161532820040316,4.899348225775735,3.5453261990026004,10.861346832326394,13.027751835307043,3,4,1,1,481.4057317849812,7.24711806286271,0,True,-2.1664050029806496
MOL02584,GPCR,364.392384277731,2.922901563972279,3,3,80.87502753591717,8,1,-5.767002168369273,-2.2393401933262598,3.527661975043013,1.561488745516036,11.355343887377618,10.137458787540353,4,6,0,1,402.62810126842544,6.174463631929672,0,True,1.2178850998372646
MOL02585,protease,276.50832886120367,1.6113392353737335,2,3,68.255731598888,11,4,-6.4672313170908895,-2.9261148531691212,3.5411164639217683,3.5723797107027986,13.20316203238978,16.359616925873443,2,6,3,2,498.31365217445045,8.203680065177508,0,True,-3.1564548934836623
MOL02586,other,274.2020764251231,2.1176926697685765,1,5,49.205900847666314,1,1,-6.052815326536958,-2.1532336644739867,3.8995816620629715,2.580324873232149,8.544083559686625,7.759482981839095,1,2,0,0,244.70678090612003,4.36794309481446,0,True,0.78460057784753
MOL02587,GPCR,638.4824190903219,0.7599469782012682,4,7,117.56893652512285,3,1,-6.5240718455574385,-2.9670168534734764,3.557054992083962,5.622664869740356,18.539657898365537,22.28119385188013,0,0,2,1,275.94948141902256,5.083085491012131,1,False,-3.7415359535145924
MOL02588,kinase,343.13745265059924,2.127552582186971,3,4,75.96091636887937,4,2,-6.500776565005346,-2.069567577237531,4.431208987767815,2.8027638939220547,10.327187948777363,14.328423899585848,3,2,2,1,376.26522333172477,6.97824889742303,0,True,-4.001235950808486
MOL02589,nuclear_receptor,363.60086739555993,2.7182578931305246,0,5,50.58352662580785,4,3,-6.653695569575693,-2.138519302986883,4.51517626658881,1.362729313038081,10.069753323861315,11.400852168088832,1,7,4,2,414.82439120604283,6.386066907647338,0,True,-1.3310988442275171
MOL02590,kinase,350.6294521241523,1.6989573050102673,4,4,87.40410662397545,5,1,-7.282028456071313,-1.8583727931055987,5.423655662965714,3.5042212564815856,12.77141772334829,14.16752579429285,0,6,2,0,456.3284926024368,4.252021521924076,0,True,-1.3961080709445604
MOL02591,protease,480.3582460354581,0.29620373307573455,0,3,46.037634831072765,3,0,-6.594561520852237,-2.4040532410254842,4.190508279826752,1.557875007782508,9.722998094012423,10.753499172561517,0,1,0,1,216.9441534982373,4.683419867521403,0,True,-1.0305010785490936
MOL02592,other,291.16911675431265,2.1378037841539888,2,6,120.33303453292284,6,3,-6.2350758868373655,-3.476820168382527,2.7582557184548384,2.475715713661536,12.19095201898655,16.25315435901956,2,3,1,2,277.69846268869946,5.8995403155047175,0,True,-4.062202340033011
MOL02593,kinase,300.32551882745963,5.081163397364475,1,8,108.3441824931324,6,1,-6.228681720617491,-1.636510949095868,4.592170771521623,3.4824401145200437,10.864577099801862,11.086898408049807,2,4,0,0,255.44101962515944,6.95694903842097,1,False,-0.22232130824794538
MOL02594,protease,361.20372309417894,2.5922043644090857,3,9,104.48020137866294,4,2,-6.1679754174318315,-1.8008360982758214,4.36713931915601,4.584214132286876,14.660902028777542,17.61481337126611,0,6,1,0,421.33665171929323,6.737884638155782,0,True,-2.953911342488567
MOL02595,other,184.043612081695,2.870464499632691,1,3,75.52625260477775,6,2,-6.3451954968385,-1.8990967026886019,4.446098794149898,2.944748822246648,8.422593258768096,8.412344436182057,1,6,0,0,558.7312200372193,5.974064539048149,0,True,0.010248822586039097
MOL02596,kinase,528.5420786700947,2.9903183187347424,3,7,96.7246609450198,3,2,-6.5601326533533415,-2.703273342973337,3.8568593103800044,2.6125656731464355,13.226320122957013,16.778828409556546,4,5,1,2,401.6888960432777,8.72840973162335,1,False,-3.552508286599533
MOL02597,protease,386.69195904719726,1.7157380232841097,2,7,78.98045303714694,3,4,-6.724085565757049,-2.0925608779330243,4.631524687824024,2.894960611948516,12.41824753479413,13.855459838160932,0,2,5,1,467.89983376737376,7.354539978669253,0,True,-1.4372123033668025
MOL02598,GPCR,247.3697505190047,2.282324689624102,2,3,38.88062510116627,8,4,-5.916230765751042,-2.406556805317509,3.509673960433533,1.7939547941845917,10.433981192721607,11.182105948675307,1,4,5,2,472.02733799534343,8.169663794491251,0,True,-0.7481247559537003
MOL02599,PPI,402.44901309852224,3.4875699081981035,2,5,93.41649367070559,3,2,-5.909733396088656,-2.0212556990021238,3.8884776970865325,2.4948517107132115,11.548503951821806,15.204757600835931,1,1,0,2,319.4443150453623,5.617269134888625,0,True,-3.6562536490141255
MOL02600,GPCR,408.65794705461894,1.884119867423165,3,4,55.29725548740828,4,2,-6.33085569111974,-2.690202897632992,3.6406527934867476,1.518293044498775,11.279198280042758,15.560290811424737,2,3,1,1,348.3390824278759,4.944179204695183,0,True,-4.281092531381979
MOL02601,PPI,387.0375279192228,1.6025000626042867,3,13,159.78694773534198,3,2,-6.585965608041463,-2.378150968136187,4.207814639905276,6.981021439372777,18.96749985648558,18.202911442852546,3,3,1,2,291.0962731788228,6.556277685350966,1,False,0.7645884136330352
MOL02602,nuclear_receptor,269.0145144689095,1.39641652159141,0,6,78.04563948516109,4,3,-6.486042432472524,-2.5201650808393983,3.9658773516331256,3.108016851429633,9.57248076403994,9.692393942668266,0,5,3,2,396.09720417466866,7.406624178968906,0,True,-0.11991317862832673
MOL02603,nuclear_receptor,160.71843372856696,2.305278660772636,2,5,96.92449674379117,3,1,-6.520399711008941,-2.3050229331061645,4.215376777902776,2.9972791224973783,7.139501836744974,8.066055897198511,0,3,1,1,231.8082277325449,5.086788204573989,0,True,-0.9265540604535376
MOL02604,protease,463.10284579690517,3.38074429184159,1,5,84.8910250639763,5,2,-6.396684431379652,-2.4069436352402835,3.989740796139368,2.9358740471072826,11.810970328930491,15.941169962205866,1,5,1,0,383.5029608690264,5.654769459216837,0,True,-4.1301996332753745
MOL02605,PPI,500.1819551035498,2.4183679575884036,1,5,61.92884531492791,8,0,-6.028600850999041,-2.35989536194902,3.668705489050021,2.58237236654201,13.331350433676217,16.979861061899317,0,7,1,2,350.9939218192835,7.243720559744693,1,False,-3.6485106282231
MOL02606,epigenetic,249.4222613455945,3.1954203782562747,1,7,82.77264472281105,2,2,-6.608749504563934,-1.6703243453632213,4.938425159200713,3.635276498214882,8.618780019578995,11.308842992603905,1,2,2,1,471.4063927916922,7.049034743580042,0,True,-2.6900629730249097
MOL02607,GPCR,353.4634073244666,2.9489298388585277,0,4,63.76474484630465,5,3,-6.389432870892433,-0.8126334961941994,5.576799374698234,0.9028963394197635,9.800036736155445,7.4352791516224315,0,7,4,2,441.95144279167897,7.486556017136079,0,True,2.364757584533013
MOL02608,kinase,439.90860190943636,1.7750388203300416,0,7,87.4807633106171,3,0,-6.42208310783647,-2.2123779445045395,4.209705163331931,3.8070195084154346,10.584330304598177,10.572514438375674,0,3,0,1,339.12708717022053,5.209048999138965,0,True,0.011815866222503857
MOL02609,other,320.96319724349945,1.9104178936212044,1,4,80.01362346927485,6,1,-6.466872375149845,-1.6833473879062453,4.7835249872436,3.10387653483375,10.472360341211669,11.594627259619783,0,3,1,1,345.3926054447027,5.712873061005862,0,True,-1.1222669184081138
MOL02610,other,188.59976679166877,3.6818554503125744,1,4,46.817088360237605,8,0,-5.479536489644781,-1.19522155559685,4.284314934047931,2.7818845417880116,8.334611921663068,6.719844803896357,0,6,0,2,389.18536932825225,3.915686462226039,0,True,1.6147671177667116
MOL02611,kinase,421.52558056691726,3.6948158677426886,1,5,81.44254762572012,6,6,-6.0780349564978255,-2.6214099203303434,3.456625036167482,3.1452954353130553,13.864150619003171,16.72830106739242,1,7,3,0,423.21124755428514,6.507231558551876,0,True,-2.864150448389248
MOL02612,PPI,412.58363649582594,1.834960457556964,0,9,92.40524190748167,4,0,-6.018816766258483,-2.3005065375539053,3.7183102287045773,4.232118767026234,11.125657582098766,13.06468806611137,4,2,0,2,428.321628857826,7.363640119335093,0,True,-1.9390304840126031
MOL02613,PPI,486.56808994732563,1.1317044999859378,2,3,80.2698840752125,4,4,-6.254925206260691,-2.856634017439202,3.398291188821489,3.1688034012383453,13.071644953255902,16.37046870224219,0,5,0,1,418.7444183284398,6.112069442772727,0,True,-3.298823748986287
MOL02614,protease,362.42779611124206,2.8939499966059206,0,9,92.75673743851465,3,1,-7.058416858111637,-1.4362123787597127,5.622204479351924,2.9430225162533743,9.502675138804365,11.648383454326739,3,3,0,1,350.1970129706994,6.54560043047015,0,True,-2.1457083155223735
MOL02615,epigenetic,373.40487996603525,3.3939678041728367,2,6,86.6552025315314,7,6,-6.08695336594078,-2.918169925016886,3.168783440923894,3.982807381265565,14.300466006080772,15.188332826838774,0,6,3,2,392.82324916277884,5.84715268202476,0,True,-0.8878668207580027
MOL02616,PPI,293.03900964591276,2.9630715887850774,2,7,100.6358683831736,2,4,-6.260426081658543,-2.265797222828584,3.9946288588299588,5.296999533519527,12.651593401564755,14.54508586633576,1,4,2,2,342.2072372942001,8.06998571357009,0,True,-1.8934924647710059
MOL02617,nuclear_receptor,447.2994105898064,1.154565656156907,4,2,46.72557757795786,4,0,-6.522418445833834,-1.7746737091035623,4.747744736730271,1.2216931649781761,9.994814475920867,12.172248294087257,2,2,2,2,274.02302739012424,5.186462827358621,0,True,-2.1774338181663904
MOL02618,other,385.52634264011334,3.945016126299689,0,6,71.15729157460171,4,4,-6.743959156172859,-2.520693506897983,4.223265649274875,2.481916417510151,9.993248455393783,10.196229196982472,0,7,3,2,361.6253144726206,6.105332445457007,0,True,-0.20298074158868928
MOL02619,PPI,363.56318010540895,4.371931369007874,1,4,61.591448689307946,7,3,-5.4616998298653,-1.3904255867292608,4.07127424313604,2.404039270639249,10.040756040517197,8.158784906153503,0,6,4,2,347.0838747975948,6.401607244267963,0,True,1.8819711343636936
MOL02620,kinase,303.3146688676234,0.3056451670261868,1,5,74.38317800196592,9,2,-6.59033810383813,-1.9113408039355466,4.6789972999025835,3.4221857824510424,11.349466989580524,11.314546014030263,1,2,1,0,266.17733679822777,6.977327402380831,0,True,0.034920975550260636
MOL02621,other,153.45646856961318,0.9395507610996248,2,2,39.96927838007963,4,0,-6.186702576160072,-1.4409240714594869,4.745778504700585,1.3730527152629695,5.471426523995956,5.586838145822911,0,5,0,1,329.68643107760147,4.29696639475027,0,True,-0.11541162182695519
MOL02622,GPCR,432.891561687892,1.8410686392167546,2,5,69.15986573284376,3,3,-6.444761980426996,-1.8927058312128424,4.552056149214154,1.552161740246609,11.084379163586402,11.677409470094295,1,2,2,1,316.29983975624253,6.452832531206298,0,True,-0.5930303065078935
MOL02623,GPCR,246.38102277539585,2.56562603725584,1,9,111.89717012152074,2,1,-6.943601953086132,-2.532751337367774,4.410850615718358,5.080636993179034,9.568632740031076,7.049180078038326,1,3,0,1,317.4891513544902,6.720588103046116,0,True,2.5194526619927498
MOL02624,GPCR,336.85573147166673,4.309550865716741,1,7,67.28753719867697,6,2,-6.495077610380157,-1.1485575085176987,5.346520101862459,3.0228635014447467,11.16231003307445,12.555906979932226,2,8,5,1,483.9686510544417,7.458509957780028,0,True,-1.3935969468577767
MOL02625,other,416.3241274402965,2.07239463873381,3,5,90.54136178429512,4,2,-7.0508197271013655,-1.5542274894574342,5.496592237643931,4.178725065185935,12.864513100344977,13.075198939305626,1,3,0,1,290.2490471966203,5.449132766307549,0,True,-0.2106858389606483
MOL02626,nuclear_receptor,411.16208771607546,1.0316466268466133,1,3,24.739756263552792,8,1,-5.9568112929290455,-1.6274135645439847,4.329397728385061,1.8993327595893759,11.20502633338853,14.253432739928892,1,0,0,0,199.92604869251994,4.901248099978599,0,True,-3.048406406540362
MOL02627,epigenetic,120.0,3.120872229317693,1,10,97.88167251556283,6,2,-7.065916498867368,-1.4499263147966681,5.6159901840707,3.2241124081666683,8.299645635023328,10.48360176019282,2,8,2,0,456.56182300767773,7.250429286056374,0,True,-2.183956125169493
MOL02628,epigenetic,371.9619471679578,1.6777059924675213,2,4,54.88887882319267,4,0,-5.8441158455992674,-1.2763874334736152,4.5677284121256525,2.513048762343313,9.479008168213394,10.96379361612863,3,5,1,0,372.15411472884125,7.528579245220941,0,True,-1.484785447915236
MOL02629,nuclear_receptor,216.19391464637985,1.666901692702163,1,1,37.96809868845495,2,1,-6.247697194596014,-1.814976062758202,4.432721131837812,0.8093831292277439,6.388207592847511,5.684383098074715,0,4,2,2,358.39130358180245,7.880045413852374,0,True,0.7038244947727961
MOL02630,GPCR,419.3181901712993,2.1279737152254734,1,3,60.03625909291395,3,0,-6.548840504155266,-1.7163157375141214,4.832524766641145,2.6938373293807603,9.604114170686875,11.538468494183784,2,3,0,2,301.7384187885052,6.549697403632751,0,True,-1.9343543234969083
MOL02631,PPI,429.787430111965,4.229506633157546,3,5,62.39722453001635,4,0,-6.093215867260906,-1.4657569741726655,4.6274588930882405,3.3119991543663554,12.02915936971637,14.495865547633498,1,5,0,2,407.247951409994,7.210191352633181,0,True,-2.4667061779171284
MOL02632,kinase,193.17866197241617,1.331607758569729,3,5,81.94488724841096,2,6,-6.310894602086362,-3.083970816004357,3.2269237860820055,3.924065796792452,11.305091363341655,10.524675432878311,2,8,3,2,454.65266546221784,6.909967455596742,0,True,0.7804159304633433
MOL02633,GPCR,295.65337024737147,2.289578560201246,1,6,84.6829306015164,9,3,-6.2913904831497085,-2.5470074308825943,3.744383052267114,2.8714720634785276,11.83899764790935,13.596590773776244,2,6,2,0,356.1738391440718,7.138750385972013,0,True,-1.7575931258668938
MOL02634,ion_channel,433.63989291240233,5.024519302982682,0,4,64.4387973491952,3,1,-6.3129867602982825,-1.6547496888781876,4.6582370714200945,2.4054915203383618,9.40170165022651,10.585791517272458,2,6,2,2,471.4868694938843,8.536945104012114,1,False,-1.184089867045948
MOL02635,protease,301.9146225045048,3.9646545959727773,1,4,22.669126172672165,5,1,-6.555119069704293,-1.154700363402491,5.400418706301802,1.2676385232119114,8.753672873867119,8.929086868490527,0,8,1,1,563.9254877721522,5.922444268826224,0,True,-0.17541399462340834
MOL02636,ion_channel,352.7097239460644,3.114231226801571,3,6,84.63272914537659,3,0,-5.553482161784798,-1.7789916609255418,3.774490500859256,2.483212375140231,10.187025065996826,12.541242892664968,1,3,1,1,359.7437068728769,5.794320096466023,0,True,-2.354217826668142
MOL02637,PPI,476.63035136287505,2.709886508902443,1,3,81.01616508929432,7,2,-6.094635945759685,-1.3696261612969394,4.725009784462745,2.7297540385048418,11.644498032827872,14.62339291856316,1,7,1,0,410.368000847633,6.052775060187017,0,True,-2.978894885735288
MOL02638,ion_channel,319.423840409626,4.649027926967595,1,3,57.08150476004396,4,2,-6.064088677435357,-1.8448723716326936,4.219216305802663,2.2289276141098546,8.79880196793356,9.602331026287846,0,5,0,0,252.36331223388515,5.634393276545724,0,True,-0.803529058354286
MOL02639,kinase,396.81686354788764,2.901317923445152,1,4,47.37509501521514,3,1,-5.619551753782834,-1.5679678138900845,4.051583939892749,2.0174409963021613,9.547256015316018,10.679027073975691,1,4,0,0,287.900344942337,6.52281560955453,0,True,-1.1317710586596732
MOL02640,GPCR,407.9756279168827,2.059916992498842,0,4,34.36233032563521,3,1,-6.807107580195688,-2.099476761305777,4.7076308188899105,1.3341910300707738,9.305257893244884,14.698053137237753,3,6,0,2,403.3309263970949,8.164031642159005,0,True,-5.39279524399287
MOL02641,other,195.21582481683595,1.949051235701937,0,6,57.50400882258158,6,3,-6.281011695026578,-2.260706954069323,4.020304740957255,2.783476325547601,8.922422279515375,10.065048476654551,0,2,3,2,353.85754776334795,7.529360948185507,0,True,-1.142626197139176
MOL02642,PPI,144.3856613359404,0.8418410983511213,1,5,87.08736806719828,4,3,-6.4292466666937536,-2.489790500427863,3.9394561662658907,3.6321096886386353,8.798294852365634,10.439219255026254,0,2,2,1,313.28689894037575,6.418829220828367,0,True,-1.6409244026606196
MOL02643,epigenetic,188.39459023062872,2.683326297382313,0,4,29.659132643330302,5,0,-5.99733959307097,-0.8270864299728902,5.17025316309808,2.8633340069351814,6.851654589054372,6.359460591357582,0,9,0,1,374.05373508134596,6.543982728138734,0,True,0.4921939976967904
MOL02644,other,268.0022900786462,3.7592870584571423,1,5,76.08081213570172,5,4,-5.655107480116027,-3.293452097267121,2.361655382848906,2.4486698251317134,10.589511091224352,12.13194479223182,0,5,0,1,358.05298581990246,6.420661355587257,0,True,-1.542433701007468
MOL02645,other,392.11998635610564,1.7455024864304693,2,8,113.08355672972645,4,1,-6.4996064532895605,-1.8109951712203314,4.688611282069229,4.295101217271148,12.924412862004015,13.729889683544677,0,2,1,2,351.66455875125246,6.13484032804319,0,True,-0.8054768215406618
MOL02646,kinase,181.83010616132,3.7261882646004363,1,5,80.75408698993162,2,2,-6.163381401660207,-2.1756543065212695,3.987727095138937,3.4676754792274913,7.148634377831726,8.323981849220036,2,4,1,0,296.40940217677377,6.269591397304997,0,True,-1.17534747138831
MOL02647,PPI,202.22698516291476,3.773569536698532,1,2,62.81307296944102,3,2,-5.8893259937469935,-3.0281537904802125,2.861172203266781,4.056398092166543,8.837139910183126,7.930283093020236,2,5,1,0,400.99974699601563,6.55336225459717,0,True,0.9068568171628897
MOL02648,kinase,401.9850064107385,1.2785463191520325,2,5,72.53036131716694,8,3,-6.765519042614369,-1.6204206477799503,5.145098394834418,3.2167955079103048,12.673726987911381,11.347555055525891,2,5,1,2,350.01394850437373,8.113285944963117,0,True,1.3261719323854901
MOL02649,nuclear_receptor,434.41685224781406,1.1102260455845656,2,4,73.04175843473853,3,0,-6.175487899316689,-1.8731161734623707,4.302371725854318,2.504017856926962,10.644212757346134,13.6965530493069,1,3,0,1,404.3397739210767,7.660723490166878,0,True,-3.052340291960766
MOL02650,kinase,402.9188492262251,2.8423909303476083,2,3,36.49638581657347,3,4,-5.740633962203538,-1.86931077894797,3.8713231832555683,0.9201429925160771,10.180913856996856,12.521719069663309,0,3,0,1,341.6410640749785,6.811035960475138,0,True,-2.340805212666453
MOL02651,GPCR,259.39671935796366,4.078908228518293,4,5,67.51995775502759,5,3,-5.481167004908488,-1.894856202747831,3.586310802160657,1.8796896942020909,11.147214194133277,12.950465658942813,2,8,2,2,463.06731843911456,6.147298938795389,0,True,-1.8032514648095361
MOL02652,other,279.15666139296053,3.0143750024937046,1,6,48.38840844382939,6,1,-6.450424013638823,-2.0310308977809233,4.4193931158579005,1.1263713607375914,8.513130621280208,8.42255913183688,0,6,1,0,369.0344898737955,4.321490584409868,0,True,0.09057148944332738
MOL02653,GPCR,394.81347622697706,0.9957223602522998,1,2,54.46988081027839,7,1,-6.830763159200369,-2.2779382632310146,4.552824895969354,2.2406308715062146,10.697665195158205,13.626154731735916,3,2,1,1,332.5427902514347,4.966925565932871,0,True,-2.928489536577711
MOL02654,ion_channel,232.26435176245656,1.1998635617569036,2,6,84.3292081308162,6,1,-6.80943843913671,-1.9929334295910979,4.816505009545613,3.0678864608193726,8.549705747418587,10.815531254108398,1,1,0,1,224.11712977207046,4.806599159096727,0,True,-2.2658255066898114
MOL02655,kinase,392.4472353779072,2.8263538038261142,1,4,73.03074342384645,3,3,-6.159878905707272,-1.3068745528662928,4.853004352840979,2.059341436888829,10.452889644427811,13.03727461715148,1,2,3,2,402.92484285099584,5.619022415840421,0,True,-2.5843849727236687
MOL02656,kinase,255.3100575458601,2.9052096539786496,2,8,72.60623345652961,10,2,-6.139432901205206,-2.7014648991169397,3.437968002088266,3.1584368057970913,12.100169973916682,11.937996873547238,0,4,1,2,359.3409683605096,6.6410077322882035,0,True,0.16217310036944355
MOL02657,protease,248.4310142729537,1.562093877890436,2,4,64.59302541101532,6,2,-6.3381308962706395,-2.1923853389041352,4.145745557366505,2.5277927061465295,9.013345239729462,8.2591186400769,0,3,2,0,394.93463153238395,5.914691318997499,0,True,0.7542265996525614
MOL02658,protease,403.60075389594266,0.8004377254706343,4,3,67.75990705717308,2,2,-6.259805192356069,-1.3125430549445714,4.947262137411498,1.8939299033147334,10.393959047694933,12.300878619924635,3,5,1,0,345.9906972271107,5.222614221558427,0,True,-1.906919572229702
MOL02659,nuclear_receptor,178.8094442886491,1.8881433323600638,0,4,45.34322154379622,8,1,-6.004430128719461,-0.9840688187005765,5.020361310018885,1.81293237276401,8.298732035702027,9.933593040658717,1,2,0,1,271.9801500341092,4.986343211555499,0,True,-1.63486100495669
MOL02660,protease,304.6223326929805,-0.2949316697651807,1,3,50.12010862946586,2,2,-6.135368415106895,-2.2859581442067216,3.8494102709001736,2.310035068503873,7.148229002075631,9.464674346823767,0,5,2,0,431.81984544830493,4.6314641709299655,0,True,-2.3164453447481357
MOL02661,epigenetic,372.35389837891273,3.667923542223174,1,4,65.39894951965589,9,2,-5.349992804488919,-2.283790317885939,3.0662024866029802,2.862375324117593,11.923940856437646,12.683481591295346,1,6,1,2,510.2345248147115,6.248949043344548,0,True,-0.7595407348576995
MOL02662,other,432.6416434719185,1.2507769478161042,0,5,63.099258931365455,11,1,-6.215270306022633,-2.3112749973572684,3.903995308665365,1.9910764057643546,12.281710623055531,13.358467888065341,1,6,0,0,382.734566410825,6.162083158545019,0,True,-1.0767572650098103
MOL02663,other,483.7494942259518,2.767984466651637,0,5,85.26295462827532,6,1,-6.188810587649413,-2.2158000114548098,3.973010576194603,3.6583523081243894,12.241376374598666,15.896146689925388,1,8,0,1,483.12860988509925,7.544131546489513,0,True,-3.654770315326722
MOL02664,epigenetic,310.2820135910985,2.4597728927903826,2,3,38.61801743271404,6,3,-5.569090716006609,-2.711558512338536,2.8575322036680726,1.9302279271503933,10.320157083859872,11.157697212070559,0,6,1,2,459.1338117153392,7.7085566547038225,0,True,-0.8375401282106871
MOL02665,nuclear_receptor,299.7481951300616,4.31340516777053,1,6,78.05365055553348,5,1,-5.8499941130990685,-1.397775251149185,4.452218861949883,4.629770420313583,10.522511774395934,10.541545675513245,2,7,0,2,403.0260046179634,4.960036153739377,0,True,-0.019033901117310847
MOL02666,protease,569.2893161975339,2.8527827052504775,3,3,73.22471388781075,5,3,-5.694849768000757,-2.168581327222364,3.526268440778393,3.0620669022320164,14.327103990274114,15.107933322260719,0,2,4,1,478.2941235443307,7.028320323080167,1,False,-0.7808293319866042
MOL02667,nuclear_receptor,331.9574775892713,3.448750934650292,1,6,85.11206964584262,5,2,-6.059018874816148,-1.5974641147159006,4.461554760100248,3.8523918642497743,12.126453864543736,12.89207633000921,0,5,2,1,520.6572349646112,5.269366537839914,0,True,-0.7656224654654746
MOL02668,ion_channel,303.58273082866947,3.8117065593283774,0,8,71.79132589750901,3,2,-5.837346432888654,-1.6411149822952233,4.19623145059343,3.407471947141,9.064703920830079,7.98569963024922,0,8,1,1,377.8812544100356,6.982671388677549,0,True,1.0790042905808583
MOL02669,epigenetic,305.2051188062315,1.730534618500222,0,2,53.39802597067896,2,4,-5.902504051882979,-1.5378484428746813,4.364655609008298,0.9990148176670559,8.873639757090098,10.356911275249674,1,8,4,1,493.1766792656801,6.805959014652362,0,True,-1.483271518159576
MOL02670,kinase,398.3518065834592,3.0748095733357794,2,4,67.52754274253104,5,3,-6.036721573112696,-2.5863790706677285,3.4503425024449674,2.5873203127997737,11.50877614528797,15.040753493245287,2,6,3,1,445.3715616849536,7.922764035823163,0,True,-3.5319773479573175
MOL02671,PPI,120.0,0.3162757496829247,1,6,95.58902961442672,7,2,-6.249151319463878,-2.58735799523619,3.661793324227688,4.383840992016991,8.925355673773293,9.714655795639716,0,1,1,2,311.0843585586829,5.020830002621471,0,True,-0.7893001218664235
MOL02672,kinase,243.21670181461366,0.44518979996683106,3,6,102.55315978046862,6,2,-6.472266300558283,-1.7085660603424988,4.763700240215783,4.059533168082745,11.384340884415906,11.355925806379426,0,2,2,1,291.9300428891174,5.784825187980442,0,True,0.028415078036479358
MOL02673,epigenetic,316.283836499687,1.6706567740245095,4,5,78.9037023216799,5,4,-6.385819224951043,-2.2461790685443415,4.139640156406702,3.4478677116586582,12.67305737932621,11.776530805900993,0,5,1,2,325.7281860767047,5.865887571889881,0,True,0.8965265734252164
MOL02674,nuclear_receptor,270.42421667642685,2.9617018645643958,2,4,67.43637223300473,7,0,-6.1979208815058735,-2.060217886753243,4.1377029947526305,2.1848105137397806,9.45529740415363,12.383101492775713,1,4,0,1,312.40726257575955,6.161144527971672,0,True,-2.927804088622084
MOL02675,kinase,376.0844136404918,2.2242183677328944,3,5,84.1736005434212,3,6,-6.834411944224339,-3.1983192769080215,3.6360926673163174,2.873239758554253,12.896306608048773,18.138324095511543,2,6,1,2,417.1026536489363,9.155644849940892,0,True,-5.242017487462769
MOL02676,ion_channel,387.2838186830397,3.0917293038288807,2,7,82.17294318713779,5,2,-6.78323421899453,-3.0999365717574214,3.683297647237109,4.437091088303186,14.302970736102678,15.400698330742342,1,4,4,1,584.3046527629856,7.938758370865888,0,True,-1.0977275946396645
MOL02677,kinase,386.7016589581212,4.957082863600124,2,5,89.98797764926941,5,1,-6.074048795658717,-0.8802849944676268,5.19376380119109,3.676653191705754,11.798980442533326,15.360007339773858,4,7,1,1,530.225537786239,7.387318561791611,0,True,-3.5610268972405326
MOL02678,GPCR,225.37039206359324,0.4113105278309557,1,7,96.5466933106619,7,2,-5.703442243382115,-3.000004001336723,2.7034382420453924,3.9210394006227753,11.482269898736993,11.988850200904738,1,3,2,2,370.6817782136069,6.032663973086221,0,True,-0.5065803021677446
MOL02679,kinase,499.62061942838636,2.321828529291481,1,0,5.0,1,1,-7.105237212381799,-1.135099028420417,5.970138183961382,0.4770268416091412,9.822602151601833,11.905397859730492,0,5,0,1,318.1740125972943,5.558047590649328,0,True,-2.0827957081286588
MOL02680,protease,458.53152530028166,3.123961386129062,0,4,36.943064287136075,4,2,-6.814166040041164,-1.684738517417875,5.129427522623289,2.48170613082771,10.909820470346574,12.531454699752112,1,3,2,1,346.5191345339708,7.522446583192749,0,True,-1.6216342294055384
MOL02681,kinase,230.53576115530313,3.430040858336982,2,2,42.89206702284738,3,3,-6.134852944280708,-2.10853374289815,4.026319201382558,2.2743178675142155,8.857014348242172,9.60072145765161,2,8,4,1,523.2120169668867,8.066212875078707,0,True,-0.7437071094094367
MOL02682,protease,488.6834032650901,2.3304011108986997,3,4,70.1315536206507,9,2,-6.295594966909991,-0.8708686731257462,5.424726293784245,3.0096789352277,14.221708689020677,16.09675833321633,2,5,0,2,369.30730059338185,6.702057659354179,0,True,-1.8750496441956521
MOL02683,epigenetic,173.99142533140343,2.4749821033352286,1,4,65.09247339522385,3,2,-6.0356976239994955,-1.5559063117064127,4.479791312293083,2.2479381655920765,7.623531811615562,6.085824437414365,2,4,2,2,407.2930711714133,6.4865749046835095,0,True,1.5377073742011973
MOL02684,kinase,321.1309119897304,-0.34555685545230297,0,7,94.21887573218824,2,4,-6.663383862090653,-2.946644216984265,3.716739645106388,3.320537713672639,10.850419177748964,13.112924815595683,4,4,0,1,423.20252288905783,5.719050369601375,0,True,-2.2625056378467185
MOL02685,protease,305.7107796913611,3.6313318394196226,4,6,97.97957144134463,5,3,-6.293637622220622,-2.937034775425205,3.356602846795417,4.018272848631239,13.173821408829129,13.728079866225182,2,3,2,1,388.37369403088366,7.355435459761315,0,True,-0.5542584573960525
MOL02686,kinase,343.61588811448405,5.033714482861055,0,3,13.736593692183064,6,2,-6.386069651322034,-1.4298933661995394,4.956176285122494,1.0464140563693876,9.131935094356663,9.071135106451722,1,13,2,1,730.9072636406897,8.606281050421174,1,False,0.06079998790494123
MOL02687,GPCR,399.56413514049035,-0.2804300761942704,0,10,116.65918280788019,4,1,-7.59001348715313,-1.994872193246342,5.595141293906789,4.897939470787383,11.811015160881066,13.859329206568319,2,3,0,2,354.36515794589485,5.591363475710838,0,True,-2.0483140456872526
MOL02688,kinase,228.80961328091018,1.842785419353226,1,4,56.842472283204685,4,4,-6.7309970730297035,-2.6709929632306735,4.06000410979903,3.938963369340514,10.320033274813536,9.85782285021191,0,4,5,1,424.7426741244867,7.90794801878292,0,True,0.46221042460162565
MOL02689,kinase,582.5096063377094,2.7743428442475713,0,8,108.7111885564835,6,1,-6.709065783286967,-1.7445014485277266,4.96456433475924,5.22574915270116,15.770236739766602,18.367927684389866,1,7,1,1,491.5534011136002,6.652075620082366,1,False,-2.597690944623263
MOL02690,kinase,502.97853511970595,0.3677335415026186,1,2,33.158926659817325,4,2,-6.98739760372319,-1.2269168700572595,5.760480733665931,2.0527740198254056,11.719939793417403,14.11419615558917,2,6,0,1,424.32032655661783,7.8408640946000006,1,False,-2.3942563621717667
MOL02691,kinase,297.0325978473713,1.7837265851277206,2,2,34.10492393698631,7,3,-6.391420084224323,-1.6654885890495532,4.72593149517477,1.632173027403807,10.567295903302703,7.914718635890677,2,4,1,2,290.79252763430225,5.77070123372954,0,True,2.6525772674120267
MOL02692,GPCR,292.4905226713178,3.532398152199238,3,6,98.02266240605975,4,3,-5.761261176947449,-1.5268669483328252,4.234394228614624,3.6525267294887924,11.325473966179771,12.940113601723606,1,6,1,1,270.06483981331144,7.684497261146082,0,True,-1.6146396355438348
MOL02693,nuclear_receptor,487.9785377116542,3.174083632372022,0,5,43.971657436248606,5,1,-6.7637399915258145,-0.5224957397361503,6.241244251789665,2.135468321748504,11.537444727600965,12.282933627993172,0,4,2,2,308.8693305917437,7.264437700921868,0,True,-0.7454889003922069
MOL02694,nuclear_receptor,361.791870379467,2.1174280691276697,1,4,67.08745066586116,5,0,-6.7583424122721265,-1.522780782734211,5.235561629537916,2.968643594088658,10.042969351795588,6.903776719596149,1,5,0,1,239.97363739609415,6.134569584590756,0,True,3.139192632199439
MOL02695,GPCR,384.30850348935843,4.952909793496003,2,6,75.36962438304144,2,1,-5.768264586753557,-1.8544784164490153,3.913786170304542,3.327990740776283,11.107917738074033,13.263835192485022,1,4,0,1,353.0364081955996,6.172509516246438,0,True,-2.1559174544109894
MOL02696,GPCR,292.6013176646305,1.9379754977132901,0,7,93.99428078366935,5,1,-6.4366778107382885,-1.7476836005789154,4.688994210159374,5.559314177892355,11.146787398731288,12.537110260631499,2,5,3,1,323.50363791504526,6.078350824065739,0,True,-1.390322861900211
MOL02697,kinase,408.2897615388825,1.0842411081652834,2,5,51.13499034180799,7,2,-6.2358168795061415,-2.1612035896909068,4.074613289815234,1.8958495467132868,11.423168721347702,11.592361944899682,0,6,4,1,338.9799636440131,8.184675398017312,0,True,-0.1691932235519804
MOL02698,ion_channel,209.4078636465553,0.5831948821851336,2,7,88.12270212036341,2,0,-6.530056899135045,-2.0498949460764697,4.480161953058575,3.2588912181706378,7.639180976283071,7.827428134666608,0,6,0,1,404.2401568941931,4.389848901001777,0,True,-0.188247158383537
MOL02699,GPCR,224.05787261192927,3.8521782836428295,0,2,18.90042444013039,6,1,-5.994815922852312,-2.0622796562648036,3.9325362665875083,0.983791873611412,7.258978770531319,7.414212035891628,0,4,2,1,393.6966141932599,6.319378352340847,0,True,-0.15523326536030968
MOL02700,epigenetic,311.22453724328994,1.2363110843468055,1,5,75.36183970486232,4,1,-6.240654641358091,-2.5027589690373633,3.737895672320728,2.8026154390990072,9.243214335091984,8.975530668000907,2,3,2,0,476.9157647166351,6.350754362608219,0,True,0.2676836670910774
MOL02701,epigenetic,346.3198248780608,0.7369344351519709,2,7,87.67838292975868,2,5,-6.279983715712183,-2.762471005924911,3.5175127097872725,3.346358932620838,11.727573841450948,14.455458593662714,1,4,5,1,534.9551687891864,6.485674244203459,0,True,-2.727884752211766
MOL02702,protease,438.3394991170602,3.934360126095366,1,4,58.53808619345929,1,3,-6.224341887680103,-1.3461258304539547,4.8782160572261475,2.2106772913899526,9.949877754248615,10.144826703022002,1,4,2,1,475.57435432485,5.574309863331546,0,True,-0.1949489487733871
MOL02703,GPCR,475.9289481900988,3.0247884303311747,0,5,87.64745073822084,8,0,-6.627749653174179,-2.880685079227973,3.7470645739462065,4.329272313633879,13.470435873811088,16.335861408136907,2,4,0,1,328.7285093803223,7.073339372245854,0,True,-2.8654255343258193
MOL02704,kinase,451.23374288035046,5.11315358814988,1,1,31.062202735942382,8,2,-5.569078663815635,-1.6799727608394384,3.8891059029761963,0.856192266554192,11.094583590882634,11.766023378188724,0,8,0,0,427.2138601510257,6.150857223397904,1,False,-0.67143978730609
MOL02705,other,366.71695787679744,4.2105577920545345,1,6,79.03675385407293,4,1,-6.388702648743073,-1.2888374599192194,5.099865188823854,2.479066108321457,10.142872467861864,12.579978069474624,1,6,0,0,272.1174900572685,5.725570491178899,0,True,-2.4371056016127604
MOL02706,kinase,317.74157674723625,1.4029479641668503,1,8,101.13655769055929,7,2,-6.569563526823009,-2.4689072390313114,4.100656287791697,4.583429678790996,12.59232755535914,12.053575467538906,0,5,2,0,451.9021239879079,6.628676199703894,0,True,0.5387520878202334
MOL02707,kinase,345.5647700028956,4.4518333654311935,0,5,67.4030173900123,7,3,-5.9755497966628415,-1.0241395691834854,4.951410227479356,1.5974902933469615,10.075734209123727,10.640626123044028,2,4,1,1,361.0009612691282,6.592189207749447,0,True,-0.5648919139203006
MOL02708,kinase,409.89521662173274,2.1353951743914155,1,3,29.82152881250151,6,0,-6.426639554325978,-1.4324468240948809,4.994192730231097,2.73393012978621,10.06099610656535,11.846502842906173,1,2,0,1,336.789109279185,5.686473746288543,0,True,-1.7855067363408228
MOL02709,nuclear_receptor,371.2350164228646,3.9743550928887084,4,3,56.55119297421821,3,0,-6.003299731260391,-1.1357886767105574,4.8675110545498335,1.7916341276851138,9.393682780337492,11.890708410137488,1,4,0,2,316.02202123875014,6.4245049779906624,0,True,-2.497025629799996
MOL02710,PPI,341.01377552759465,4.697385741544194,3,9,120.63520552943376,5,0,-6.082864485930398,-2.6486435495821596,3.4342209363482383,4.715753151872706,14.272601125802128,18.041360455384126,1,6,0,1,334.7237130338421,6.237668999523332,0,True,-3.7687593295819983
MOL02711,nuclear_receptor,371.85800939010113,3.349725887573119,2,2,21.08589589973531,9,3,-6.105877922167984,-2.362084966936295,3.7437929552316893,0.1294647256333159,12.030371450027848,14.388389915328222,2,12,0,1,373.91986599061266,7.27647029559257,0,True,-2.3580184653003737
MOL02712,GPCR,235.11114542169923,4.257225459513242,0,5,55.62138700239467,6,2,-5.253170905929478,-1.922590762714174,3.330580143215304,3.3097091496206255,9.546239539931925,11.693792885918102,0,7,3,0,414.2741908512589,6.321926408372273,0,True,-2.147553345986177
MOL02713,other,350.38268827178746,6.503842246418115,3,10,106.36242544630896,5,1,-6.1721815366300135,-2.2560064027460798,3.9161751338839337,4.19998413346497,16.795207730238264,21.817807406941082,3,6,1,0,379.6315561726383,5.895418037923553,1,False,-5.022599676702818
MOL02714,epigenetic,311.84423225269666,2.8080926638803683,0,4,57.525871755789716,2,0,-6.296027560650733,-1.661760906847492,4.634266653803241,2.9640121716664742,8.295234989011785,8.19907807499215,2,4,2,2,417.5772963494393,7.000848616034924,0,True,0.09615691401963566
MOL02715,nuclear_receptor,331.6890974709145,-0.021784783148139475,2,4,57.05750058077669,6,2,-6.098896104796547,-1.9992286991585237,4.099667405638024,2.637667530272699,9.805068503822321,9.44713602470904,2,3,0,2,232.63628608731253,6.469702004645223,0,True,0.3579324791132805
MOL02716,kinase,389.66066982773094,2.5142944450735096,1,4,70.40457038892781,6,2,-6.2719498853953075,-2.2148964604823216,4.057053424912986,2.600441422473084,10.969926482078654,11.34469487503251,0,5,2,0,323.90004910618154,5.7612173483233935,0,True,-0.37476839295385567
MOL02717,nuclear_receptor,343.0218389240417,3.074251556559454,1,5,62.09628117385148,7,4,-6.396957171267243,-2.6190624540121306,3.777894717255112,2.7503629896329818,11.557300306093781,16.304158563762783,3,8,2,2,546.1022921940327,8.60932304943475,0,True,-4.746858257669002
MOL02718,GPCR,533.240379298669,2.308446528534395,0,3,22.142912740618552,2,3,-6.32254410943597,-1.6688426152355014,4.653701494200469,1.7662904485962532,11.02939084710856,12.398058884388615,0,8,1,0,487.0359815102117,8.591768365997405,1,False,-1.3686680372800542
MOL02719,epigenetic,427.6849427447663,3.8374731237844504,2,6,58.50664306263734,3,2,-6.116153790706467,-1.9950930845967318,4.121060706109735,2.637382374624389,11.065114190687884,12.520648251711085,2,7,1,1,351.17430042709344,6.0826538797908105,0,True,-1.4555340610232008
MOL02720,PPI,451.59363403942575,3.1874745787810386,2,3,59.19390412521037,4,1,-5.6023379748116655,-1.2654967189803277,4.336841255831338,2.123583316573201,9.937754561256867,11.636471785868816,1,4,1,1,427.35958805283997,4.586043865534112,0,True,-1.6987172246119489
MOL02721,protease,298.5317018765183,4.077010167453879,2,5,84.15518198292337,5,1,-6.152462778340938,-2.309659854044417,3.8428029242965214,3.560070935665917,10.967780374220036,11.548083612683282,1,7,0,1,412.488066448581,5.218278448772579,0,True,-0.5803032384632463
MOL02722,protease,472.86440531392384,1.638298178457862,1,11,152.20190728929484,10,1,-6.458838706574835,-3.1008460602416337,3.3579926463332015,6.217005095521643,17.82239108353955,16.678500615891107,2,3,0,0,334.7591581227356,6.47631450735036,1,False,1.1438904676484434
MOL02723,PPI,463.8771763645448,0.477070568972505,4,9,109.20640356056975,6,2,-7.013529204926223,-2.4451123096538763,4.568416895272346,3.9639844391053463,15.862054883333917,20.923709667206776,2,4,0,1,390.06689171658866,5.768924569374019,0,True,-5.061654783872859
MOL02724,GPCR,134.99649324875773,3.1356564133243556,6,4,92.89897878076322,4,3,-5.967448725136201,-1.959117773875728,4.008330951260473,3.7278542469274685,10.217479110484977,9.619100171343746,2,5,0,2,348.8725583040313,7.985770276562885,1,False,0.5983789391412309
MOL02725,kinase,351.52854624515004,4.150182122310392,1,6,98.14103374171563,3,2,-6.475926585104066,-1.6441483098982759,4.8317782752057905,3.2528220763739846,10.36350593108437,10.053479146089954,2,10,2,1,426.8768169381262,7.45896571702568,0,True,0.3100267849944167
MOL02726,protease,297.1915685540473,1.2288181749654372,3,6,99.95657849039172,4,4,-6.548167968581752,-1.7921257005896947,4.756042267992058,2.8550216281371528,11.46694085301343,11.106804162699046,0,9,6,2,538.1093780390225,6.120084170273515,0,True,0.3601366903143841
MOL02727,other,460.6328790105521,1.6944656033319192,0,5,56.4770243579296,7,2,-6.646536337927828,-2.231119031356014,4.415417306571815,2.792904218522749,11.741293398348096,15.080116116820571,0,3,1,1,206.65992926848782,8.277579214013148,0,True,-3.338822718472475
MOL02728,protease,252.65957247383906,2.435833507864266,2,3,32.81372139085111,10,1,-6.3037939642914385,-0.6001852847149675,5.703608679576471,1.5127795053719442,9.675578772224684,12.058547507002505,0,2,2,2,362.5508766957056,6.15001935023296,0,True,-2.382968734777821
MOL02729,other,401.50278461931936,2.4609205247532553,1,5,67.5075309916225,2,1,-5.658219822859764,-2.5545518681094563,3.103667954750308,3.4842350522142977,9.493579282659573,11.282194984077915,0,4,1,2,365.5034650443165,6.473570968133589,0,True,-1.7886157014183421
MOL02730,protease,475.23589661657365,3.9598850217114263,3,3,57.127978205467116,3,1,-5.751283421542332,-1.4525531806775085,4.298730240864823,1.0237587997843443,9.817347674293144,13.253573918402548,2,4,0,1,402.5356481547854,6.773176759943646,0,True,-3.4362262441094042
MOL02731,other,499.40869982280367,2.553914057791574,2,4,70.25521886436324,4,5,-6.333988591341838,-2.309481789053828,4.024506802288011,2.9893866339133552,14.179829233109515,18.394175499901095,3,7,2,0,567.9656743019433,8.212260027574864,0,True,-4.21434626679158
MOL02732,ion_channel,417.9582640458533,0.9699827853853331,2,4,45.32685331430189,6,4,-6.197053635360867,-2.081628676126213,4.115424959234654,2.6104318146168306,13.10466459858495,13.245217108316888,0,2,0,2,291.39200881069206,5.874085738682733,0,True,-0.140552509731938
MOL02733,kinase,409.1578490522508,0.9478531600123516,1,7,101.76464983914474,1,3,-7.333965790204523,-2.757944081524429,4.576021708680094,4.603374316000472,11.761543117022281,11.437569521388802,3,6,4,1,484.69224647704704,5.067093617989952,0,True,0.32397359563347905
MOL02734,kinase,343.46456830666295,3.581496810664113,1,1,23.14720086676398,4,3,-6.355795224819642,-2.446539320812103,3.9092559040075385,0.003306010615491628,9.26703584629873,10.709801440877749,0,4,2,0,402.10424131314494,8.009787980254723,0,True,-1.4427655945790185
MOL02735,kinase,328.3131890917457,4.370019823496948,1,7,113.35977673554189,3,4,-6.414357381869695,-2.6400983190219747,3.77425906284772,5.073302319996767,12.901389823541908,13.229837570199418,0,11,1,2,489.85925378542714,8.201760703497774,0,True,-0.32844774665750975
MOL02736,GPCR,354.2334848258338,-0.24994966752845116,1,7,105.69766699017663,5,2,-6.302741342982764,-2.15600871849246,4.146732624490304,3.704624493022088,11.435706975617054,13.941654408492303,1,3,2,1,451.4520231074432,7.120343888828152,0,True,-2.5059474328752493
MOL02737,kinase,476.18244176519624,1.7682264724294399,2,5,63.58094688869525,1,4,-6.490976397111022,-2.9015632062078147,3.5894131909032074,3.7934475976433064,13.335576646056353,16.01255948035679,0,2,3,2,373.8599629426107,5.824434873763114,0,True,-2.6769828343004356
MOL02738,GPCR,404.2520280954016,4.257632400377183,2,3,74.18276697475265,6,2,-6.359094879992066,-1.5055089594095805,4.853585920582486,1.9225425200282829,11.558763973252745,11.97534892613745,1,7,1,2,283.19011663508695,7.224369896095635,0,True,-0.41658495288470476
MOL02739,epigenetic,369.35014013699544,3.3097051653373772,3,8,117.51799904587963,1,1,-6.886153747590662,-2.3049360327068493,4.581217714883812,4.49639184229937,12.095008810884934,13.463498110520769,4,7,0,0,411.4374950608355,9.28906556879804,0,True,-1.3684892996358347
MOL02740,ion_channel,198.58377772158008,3.336918546411712,3,4,59.59967810330093,1,1,-5.681518971199904,-1.5479668191903821,4.133552152009522,2.687616523072191,7.823789639586012,8.604824749566415,1,9,2,1,526.5499744128081,8.028988002352998,0,True,-0.7810351099804027
MOL02741,nuclear_receptor,207.85046653373269,3.1017287393301696,2,3,50.946540972644286,6,2,-5.366753476545515,-0.6889832561552653,4.67777022039025,0.7134615247124021,7.985564936667169,7.5054697474998155,2,8,1,1,493.14383476739636,8.156303579922533,0,True,0.4800951891673533
MOL02742,kinase,285.32800857967464,3.888849698830036,1,7,101.87617755862183,5,1,-5.321957473986436,-3.0750094661970864,2.2469480077893498,3.5009937788013707,11.266471317133442,11.55904391641859,2,9,1,2,414.222347869825,6.868659508175426,0,True,-0.29257259928514756
MOL02743,other,207.66752032973682,2.1139419746715022,2,1,40.46783199563602,6,1,-6.144187025605804,-1.532759910954944,4.61142711465086,2.5825617097155256,7.9069377994989525,6.639155944923231,0,5,0,0,326.3337198542876,3.008104971937498,0,True,1.2677818545757216
MOL02744,ion_channel,454.1074194570402,1.4142282521823257,2,5,43.46636091873468,3,1,-6.999352790313788,-1.128682238190891,5.870670552122897,2.642191980481462,10.179281761588928,12.210498861263797,0,6,1,1,351.0379493888823,6.322065677552364,0,True,-2.031217099674869
MOL02745,kinase,308.6128034322053,3.3099570974516093,3,8,96.7152757658846,3,2,-6.123041411546759,-2.585524880375143,3.537516531171616,3.533530708580647,12.375860044996353,12.49047645588902,2,9,1,0,544.4871383641636,8.699315272666817,0,True,-0.11461641089266728
MOL02746,kinase,194.82758415578655,2.023806758581799,2,5,57.02645252719007,5,0,-6.570531570070662,-1.2330210677780367,5.337510502292625,3.8508526016866496,8.615094656416206,7.1843172004856095,0,2,0,0,380.6458224012561,5.408697184974462,0,True,1.4307774559305964
MOL02747,GPCR,228.2686485385088,3.705884541668249,1,5,74.99795103439672,7,1,-6.1639073763728485,-1.4045794871036286,4.75932788926922,2.772572076012082,8.344374949921693,7.129541541280101,1,3,1,1,285.30707796731315,6.525991336344909,0,True,1.2148334086415922
MOL02748,nuclear_receptor,438.9114352115206,0.6471329746684964,1,5,60.75661641113893,2,3,-6.684094443056532,-1.282839677196241,5.4012547658602905,2.80665628514908,11.325553554296608,14.258035594980852,4,2,1,1,358.095984988005,6.589422408982242,0,True,-2.932482040684244
MOL02749,kinase,352.7766741056766,2.3525149581187,1,5,101.93916408171384,7,3,-6.211285869374832,-2.615210117166927,3.5960757522079048,4.563982782845594,13.06277831790244,11.850538522449101,0,2,1,1,389.23806385373916,6.103219435752301,0,True,1.212239795453339
MOL02750,protease,173.15588290496987,1.257953469888784,2,7,105.75037573808838,5,1,-7.149379370409793,-1.817090807866573,5.33228856254322,4.34336721059958,9.92871240129848,10.886415131469384,1,6,1,1,457.5900443660622,7.194165213912844,0,True,-0.9577027301709045
MOL02751,nuclear_receptor,388.7545915557241,2.066847750649359,1,8,81.58965888826813,6,0,-6.464535483541861,-1.368206992285807,5.096328491256054,3.943258482089401,12.012836460172828,12.57887088022873,2,7,0,2,433.8733112381302,7.9693754582666605,0,True,-0.5660344200559013
MOL02752,protease,304.90569952542114,3.1604640972451157,0,6,99.60356363773536,9,2,-6.249091600778489,-2.8241723719053633,3.424919228873126,3.3781053975763253,9.973245475075586,11.603814861022169,0,3,1,1,343.0469891930892,6.260649943624519,0,True,-1.6305693859465826
MOL02753,nuclear_receptor,276.8311414981034,2.073892427535842,2,2,17.008838905230785,3,4,-7.248983088332913,-1.238950232979384,6.010032855353529,0.7342014252314267,8.895561966688385,10.861707439941561,1,3,4,2,352.3179266776148,7.739889035323847,0,True,-1.9661454732531762
MOL02754,kinase,377.8825523451551,4.012354648848929,1,4,58.81597485190255,3,1,-5.696274167650241,-1.052242104892457,4.644032062757784,2.765631690201529,8.658180332004939,10.24453691898819,2,3,1,2,367.0971701120995,5.753091737141935,0,True,-1.5863565869832517
MOL02755,kinase,431.2935383053552,2.2979602214941464,2,6,85.6694909160982,5,3,-6.367847190050201,-2.503813441608957,3.8640337484412437,3.1471345933738597,13.609500472153053,16.15318892798828,1,3,2,0,422.9649774425984,5.83115186442825,0,True,-2.543688455835225
MOL02756,PPI,372.4905203191053,4.864045132348196,3,5,84.26889387695503,7,3,-6.479091625876515,-2.6233108763653954,3.85578074951112,3.5321117835596363,13.563707061713638,15.142740342589448,0,5,0,0,414.86150170263204,5.900928064076087,0,True,-1.5790332808758105
MOL02757,epigenetic,320.1348114792704,1.4276980566084232,0,3,37.8395865302596,9,5,-6.268038815826346,-2.6754115617262393,3.5926272541001065,2.3099901968797822,12.16216216837897,13.01781254720664,1,11,2,2,525.9893475254781,7.695602535544672,0,True,-0.8556503788276704
MOL02758,other,331.50618847926165,0.6511789719658705,0,4,59.20385576122712,6,2,-6.660372190020471,-1.8665384490201908,4.79383374100028,3.66580574311651,11.150706551159734,13.944133167565132,0,4,1,0,299.29064563261346,6.586864668625816,0,True,-2.793426616405398
MOL02759,GPCR,446.1076480822492,3.226698144177354,2,2,16.676872198521362,4,0,-6.593233094749233,-0.3954413713961279,6.197791723353105,1.2824684565985158,9.407876183626744,9.661024196583245,1,6,1,1,410.6144023040113,5.8034467386274855,0,True,-0.25314801295650113
MOL02760,kinase,189.15378796306376,2.158627627883073,3,6,94.29766317050849,4,3,-5.953826064851761,-2.719125699704049,3.2347003651477118,3.8521838917842803,11.007423858673835,10.531363367447915,0,8,4,1,459.19618223215264,9.900420610039236,0,True,0.47606049122592076
MOL02761,kinase,355.0324947966022,2.4303640745905395,1,8,112.20406234207445,5,2,-6.0299540325585825,-2.214791737932751,3.8151622946258317,3.3479937902848604,11.584310440580742,14.876883959153325,0,7,2,2,475.99363391566567,7.267582392221517,0,True,-3.292573518572583
MOL02762,other,511.8923009725212,3.0627903060962796,0,6,68.76517640195001,5,5,-6.193358326837618,-1.8501532261623332,4.343205100675285,2.1237162342599865,12.658943765459222,17.534580717987804,1,5,7,2,486.6408785930169,7.633160382035081,1,False,-4.875636952528582
MOL02763,kinase,309.6651657243693,2.7494827724092543,1,3,53.12189690646141,1,0,-5.911924548462672,-1.6759191064424763,4.236005442020195,2.577392187955216,7.620008717586922,7.994056932021223,0,2,1,2,372.47820378444817,8.596396656194699,0,True,-0.3740482144343016
MOL02764,epigenetic,326.3515313890039,1.0317620365215934,2,5,61.30636775595266,7,0,-6.318963391435046,-1.3574532236785803,4.961510167756466,2.205636956284198,10.2387703378025,11.353949660897946,0,4,0,0,435.1212418295155,4.114296228221056,0,True,-1.1151793230954468
MOL02765,ion_channel,266.195433022207,3.649477729686235,2,5,94.1404377623184,2,2,-5.515409298193591,-2.2658907241662964,3.2495185740272943,3.945126589407823,10.314571478839634,9.159663796392188,2,8,1,2,306.80113277896567,6.676182183735606,0,True,1.1549076824474458
MOL02766,PPI,446.61116135304536,4.292132838663967,3,3,60.301700434816034,3,1,-5.918381203910744,-2.0982767995356864,3.820104404375058,2.84320719541674,11.30544192006452,15.507592168343098,3,9,0,0,550.8740306603092,5.936137575696547,0,True,-4.202150248278578
MOL02767,protease,470.3050227651584,3.2051160779083236,2,5,63.40608871268594,7,4,-5.886416324900974,-1.9237354959160662,3.962680828984908,2.4044654147633358,14.106880904378418,17.11109368979207,1,10,1,0,517.174488389495,8.777940597966499,0,True,-3.004212785413653
MOL02768,other,436.6694508187918,0.12185214173244008,3,7,94.69103022151286,4,3,-6.9485459364112305,-2.385567977021752,4.562977959389478,3.037655895842793,13.985250354447745,16.5171312788643,1,3,4,0,524.1370302497742,6.767036602965874,0,True,-2.5318809244165568
MOL02769,kinase,406.28320227309047,1.1673350626254257,3,8,135.78643825660254,8,2,-6.723810232910698,-2.757797147916546,3.966013084994152,5.377240530959827,16.186929498232644,16.5385243822397,2,5,1,0,416.8241000297341,6.185905853357322,0,True,-0.3515948840070564
MOL02770,GPCR,467.30304799847954,2.9049782819791523,0,2,48.78286957269216,5,0,-6.206440086296676,-1.6401619313951068,4.566278154901569,1.318559030068196,10.22045188659432,13.414727779444137,0,10,1,1,534.9550793626915,7.741422936673266,0,True,-3.1942758928498165
MOL02771,other,242.34263933414496,3.174150000660494,1,4,60.42825485946604,6,3,-5.468639582096933,-1.631188265416037,3.837451316680896,2.540916186451054,9.251917781622934,8.079228984546974,0,5,4,2,465.34665178939787,6.39437199215694,0,True,1.1726887970759599
MOL02772,kinase,369.7443065419568,2.9752537183908854,5,2,63.32884300912603,4,2,-5.811824055168727,-1.7208530199701004,4.090971035198627,2.599174580511931,10.530977058436651,10.419344879973938,1,1,2,2,395.4820831823215,7.420475721845801,0,True,0.11163217846271323
MOL02773,kinase,358.0264063590997,1.5816257307618866,2,3,70.66009015102172,1,2,-5.8530274408360174,-2.0250542438475723,3.827973196988445,2.956753659818776,9.205731908677501,11.86292474862574,1,5,3,1,547.4062133098261,8.051942007241575,0,True,-2.657192839948239
MOL02774,kinase,334.0006204035161,0.8629735091361934,0,9,103.70786908926988,6,5,-5.616171178419959,-3.60268705931529,2.0134841191046693,3.9969426500132657,13.238898119252703,14.991026881091342,2,7,3,1,496.8635862898472,8.210365071453477,0,True,-1.7521287618386392
MOL02775,kinase,201.13297702258382,5.506729419129666,3,6,82.22910545401298,5,3,-5.621304116687897,-2.721733183265494,2.899570933422403,2.826777415583106,11.974810336606371,11.332873341485483,2,4,0,1,384.4315659783251,7.3274684295198105,1,False,0.6419369951208882
MOL02776,kinase,306.8457965166941,3.468238762423014,1,3,53.697886527903464,8,3,-5.881527497215702,-1.3609718800684614,4.52055561714724,2.1774692720233753,10.530773094736729,9.782321415760807,1,8,3,1,512.9380477223817,8.974745171066402,0,True,0.7484516789759219
MOL02777,ion_channel,385.3167132815571,4.461771614118311,0,8,111.58340153208889,1,3,-6.445808152223395,-2.1376945788576234,4.308113573365771,3.747132663180062,10.631046736791728,12.226898133418118,1,5,1,2,280.7541053038101,5.173441624790288,0,True,-1.59585139662639
MOL02778,epigenetic,414.1030656674668,3.7018092108383946,3,6,84.28419283220327,3,1,-6.038741811967512,-1.9558664341700862,4.082875377797426,3.8695211895920614,12.54744696006246,11.900692349252596,2,8,2,1,384.0559317713835,6.483519592863061,0,True,0.6467546108098645
MOL02779,GPCR,303.803157399437,3.6127385538186205,1,7,79.50414168666137,10,1,-5.613309814460708,-2.015375002033362,3.597934812427346,2.3323796651637396,10.274349214967222,10.342230028666469,0,5,0,0,312.28870732754086,6.899834570220644,0,True,-0.06788081369924726
MOL02780,GPCR,393.0208164541679,2.29769757953711,1,4,51.755782387196106,4,4,-6.629773324830965,-2.4661453680504444,4.163627956780521,2.108963475109661,11.404312715012885,14.665593951478167,1,6,1,2,387.05291507675423,6.604617391138274,0,True,-3.2612812364652815
MOL02781,GPCR,303.544822157315,1.441293482360052,0,9,96.15952072762425,9,2,-6.560078766924313,-2.5466221565678926,4.013456610356421,3.778696362574835,11.354927077196148,15.01923283540178,2,5,1,0,346.66593804179473,5.784230477065921,0,True,-3.664305758205632
MOL02782,kinase,297.53607073135186,3.8567595423962673,3,2,38.16745999348366,3,3,-5.473904568101445,-1.5650015555535697,3.908903012547875,0.5027164248778797,9.13134667675886,10.858251696575,0,6,5,0,526.3468007862144,8.638834202453696,0,True,-1.7269050198161402
MOL02783,nuclear_receptor,297.40507081087475,1.8244808212868169,1,5,52.39913247451527,7,0,-6.388254821306354,-1.683118310998067,4.705136510308288,1.6946783087753696,8.19420323917897,6.612231289370024,0,4,0,2,308.97405245741993,6.971977078930886,0,True,1.5819719498089455
MOL02784,epigenetic,253.09716371624685,0.5108219483830712,1,4,42.44743078524819,6,4,-7.23909720023714,-2.073065218539381,5.166031981697759,0.5676573638247577,9.60630436511208,11.454370763717783,0,4,2,2,369.2768610738538,6.836409459855492,0,True,-1.8480663986057024
MOL02785,ion_channel,272.7335744494193,1.6389469876894858,1,4,57.69963613274643,7,2,-6.786063921621939,-2.106649777335918,4.679414144286021,2.4897094894632428,9.099380242880237,11.378464296494426,3,2,2,2,225.00620166797557,6.08305380134354,0,True,-2.2790840536141896
MOL02786,kinase,246.23921167928427,1.2231040899504249,0,2,36.23190798275387,7,2,-6.995846135958394,-1.6881332266695306,5.307712909288863,2.440199275825748,9.509849896182159,11.30581330455799,0,2,3,1,360.1200420164053,6.268240809690206,0,True,-1.7959634083758313
MOL02787,epigenetic,380.2597333113655,2.170202030553394,1,5,65.54592993280102,2,5,-6.896666221013154,-2.5820135174503083,4.314652703562846,3.178001648886964,11.483193177733547,12.80687758396289,1,6,4,1,453.4242596392113,7.666947590551838,0,True,-1.3236844062293436
MOL02788,other,230.6194778791685,3.5383574156473276,2,4,40.429206403040624,8,3,-5.904480286852239,-0.9349583085363273,4.969521978315912,2.5308084226161665,10.704802863775669,10.03264601350466,0,8,1,0,447.93325380447624,6.388996515820901,0,True,0.6721568502710085
MOL02789,protease,561.4388851997746,0.5648652379360186,0,7,86.40165389076809,10,6,-6.036187063647088,-2.259125965077804,3.7770610985692836,3.572954307809785,17.077066969675368,18.720402545273945,2,3,10,2,487.54966464321404,9.359063981959874,1,False,-1.6433355755985772
MOL02790,ion_channel,411.6943524561396,2.136482201412537,0,3,51.830751967050844,13,0,-6.729446603739383,-1.204396950747408,5.525049652991975,3.3330568542141084,13.101716789264636,12.497716445891912,3,3,0,0,469.4363681166062,3.698543739459973,0,True,0.6040003433727232
MOL02791,kinase,353.75100157401107,2.336645066852371,1,5,82.7118219554239,4,1,-6.2813988333486375,-2.2304038312635894,4.050995002085048,3.938217269151751,9.940532702469254,9.74225735691055,1,7,1,0,450.6145246322184,6.1386379500124875,0,True,0.19827534555870407
MOL02792,kinase,454.52792183432973,2.249154115027349,0,11,111.47305443580177,5,1,-6.591565240108058,-2.402202791901647,4.189362448206412,4.909339105090861,12.657449328762596,15.05362685804235,1,5,1,2,289.97996246677974,7.35971352965731,1,False,-2.396177529279754
MOL02793,protease,363.5934640777812,3.0876836255229936,1,6,61.85793705425569,6,4,-5.799260414336366,-2.7420873344983527,3.0571730798380137,3.0802570376488574,12.301572993108508,12.373107348617195,2,3,1,1,271.0396281179567,6.27258570699217,0,True,-0.07153435550868714
MOL02794,kinase,343.97505253219146,4.25342294164506,0,5,84.9839050686926,3,1,-6.414573513131645,-1.334265422790807,5.0803080903408375,3.653379756763463,9.34314741306755,12.93109738746599,1,6,2,2,400.94727249793436,6.970451731229695,0,True,-3.5879499743984393
MOL02795,nuclear_receptor,394.41281639638873,3.5709981093463528,2,5,74.63064953976671,3,5,-5.654044170484088,-2.282501790703884,3.371542379780204,3.6920864104433506,12.53259879587016,14.163303741346436,3,7,4,2,594.7367993279273,7.583521522976497,0,True,-1.6307049454762765
MOL02796,other,343.8893992784218,5.09449491447393,1,8,98.4542145942675,6,2,-5.727334966059912,-2.4696979584521475,3.2576370076077645,4.272733211673405,12.71741809928193,15.705467957990342,0,6,1,0,325.8377085746699,5.583043402793437,1,False,-2.988049858708411
MOL02797,kinase,294.4123965210426,3.3199200794986803,0,6,87.63091340942336,6,1,-5.587269030597725,-2.5134246689056896,3.0738443616920357,2.4750568447894556,8.79239110470405,8.4247989222576,2,6,1,1,508.4620401082135,7.527292062863076,0,True,0.367592182446451
MOL02798,kinase,166.19285543900526,2.063587938686732,2,6,102.15146536931559,5,5,-5.763819040634276,-3.6622703353571477,2.1015487052771284,3.777779316273253,11.906959128370929,11.489296017401895,0,3,3,1,327.03506441261254,8.40778716642081,0,True,0.4176631109690341
MOL02799,epigenetic,285.90810216859717,2.29610492320567,2,8,133.79582311429795,2,1,-6.908395978589245,-2.5592777319223194,4.349118246666926,5.481097873452686,11.96868104870464,10.809641425681535,2,4,1,1,433.8842222259329,7.535814110754063,0,True,1.159039623023105
MOL02800,epigenetic,343.3727701000046,3.582007417399176,0,4,54.247830362073536,6,3,-6.8385255804825285,-2.257847294715896,4.580678285766632,2.219520376328664,9.597224818447897,15.047690116179776,1,9,4,1,565.9121543857251,6.3735521581425605,0,True,-5.4504652977318795
MOL02801,protease,318.9470852767615,1.1194772323233704,1,3,35.88057692694878,4,1,-7.2116341410064155,-0.8614721707815002,6.3501619702249155,1.976427340161234,9.10620245360525,9.152497958133674,2,2,1,1,269.59123892384054,5.08539347931253,0,True,-0.04629550452842324
MOL02802,nuclear_receptor,494.30635846861503,2.765436016161521,0,4,56.73052893237274,4,1,-5.962685550040033,-1.5855208490738004,4.377164700966232,1.8508320887835135,11.014813910850975,15.470957276824391,0,2,2,2,347.922450807116,5.479775075265465,0,True,-4.456143365973416
MOL02803,PPI,228.94821814064767,3.641166349965619,1,6,82.33964967797601,2,1,-6.209668710102664,-1.8920375956790032,4.317631114423661,3.647577191681787,8.16923079231195,6.713946802965557,2,4,3,2,568.2864751061348,6.805334147414639,0,True,1.455283989346393
MOL02804,GPCR,403.16116085277565,3.6302288430893395,0,6,70.92572431992733,7,2,-5.492792390395346,-2.5634278271301794,2.9293645632651666,3.4842667844924113,11.531655433332567,12.498297511220736,1,3,6,0,327.84081994972087,6.270257574765043,0,True,-0.966642077888169
MOL02805,kinase,120.0,2.2418029378940902,1,4,45.42234086917522,5,1,-5.502195421692422,-2.6695817119162446,2.832613709776177,2.062430704052062,6.937109244789675,6.034599925404948,2,3,0,2,293.3524772415141,7.857044501498586,0,True,0.9025093193847269
MOL02806,protease,334.6558242393563,3.6246697469534013,2,8,105.7972263552215,3,0,-7.057911434614443,-1.3880708467070393,5.669840587907403,3.7506190018336873,10.304094279515878,9.884714123864583,0,2,0,1,167.87532341382249,6.261049296606993,0,True,0.41938015565129483
MOL02807,nuclear_receptor,285.5342375216746,1.5618473319733954,4,4,51.45725022999687,4,1,-6.321032588880888,-1.9397756167566158,4.381256972124272,1.5793275039652896,10.209696108531286,12.270565918933269,1,4,2,1,367.65560861665665,4.655654251667006,0,True,-2.0608698104019822
MOL02808,nuclear_receptor,447.12982918697094,4.6196965613853305,1,4,61.398802119826634,5,2,-5.744548616318629,-1.8602437107546865,3.8843049055639423,2.3633136322859554,11.414990505612451,11.833836051535302,0,9,3,1,579.3878671776974,6.6482743172217225,0,True,-0.41884554592285106
MOL02809,PPI,230.46936280269347,1.825283912709681,2,3,60.957067518546566,6,1,-6.244867842676835,-1.4755636168351305,4.769304225841704,2.5577721838455894,8.460104265946438,9.868562636918925,1,6,0,0,313.0021164249109,5.359007819104278,0,True,-1.4084583709724878
MOL02810,kinase,318.7072706031515,5.24041792103875,2,6,96.12898150061434,4,2,-5.998626522170947,-2.075760768513811,3.922865753657136,3.8411058720907576,11.931797328924482,14.752260535001941,1,9,2,1,526.7153641726587,6.135419580405767,1,False,-2.8204632060774593
MOL02811,protease,333.19928001973176,2.4672519216392472,0,3,42.73245021014785,6,0,-6.095207149931905,-2.1022686988718404,3.992938451060065,1.0901958371675753,8.031236473925977,7.604032434664344,0,7,0,0,476.031559191268,7.202807957932589,0,True,0.42720403926163364
MOL02812,GPCR,548.2103598292723,2.9667545009902088,2,4,69.95718538014377,7,2,-6.029766774954949,-0.6361002397968496,5.393666535158099,2.0983775652712353,14.14270794004568,17.099712971732266,4,7,0,1,401.30433780710104,7.271815666697878,1,False,-2.9570050316865863
MOL02813,kinase,407.02117608203423,1.1541121259318994,0,11,131.4150338187835,4,1,-6.45258818974174,-3.033798451251946,3.418789738489794,5.108150695162609,12.919256624491139,11.715773567290494,0,5,1,1,327.3612177357184,5.383372834714562,1,False,1.2034830572006445
MOL02814,kinase,201.6213704787602,0.7929497510141708,0,6,49.78818079837228,3,3,-6.864780612507881,-2.5674345931617863,4.2973460193460955,2.8827961920252347,7.535069680894157,5.8014246511106755,0,6,1,1,325.399111207347,6.573366211614102,0,True,1.7336450297834816
MOL02815,kinase,448.94540793756937,2.6823634227155986,0,2,46.726274372125374,6,2,-5.349643684061365,-1.9150920388010428,3.4345516452603224,2.0985478599226877,11.031813175163101,14.974232804240422,1,5,2,1,426.53387137231493,5.91293940161163,0,True,-3.942419629077321
MOL02816,nuclear_receptor,175.20912694588978,0.9607388847876659,2,11,93.98491434647019,3,0,-6.435522967395638,-1.994622676052596,4.440900291343042,5.794156918364474,11.486339171891538,9.97096102163077,1,4,0,1,327.48573655663864,6.416622777277332,1,False,1.5153781502607693
MOL02817,kinase,418.5516898562535,2.750043755302289,1,1,49.372957555779706,3,3,-6.218460638648639,-1.6243286845425708,4.594131954106068,1.6250936851688078,9.87184085309823,13.403256782147976,0,7,1,1,479.7965045381089,5.308931708674864,0,True,-3.5314159290497464
MOL02818,other,146.0035748159132,4.829754164301488,1,3,36.25591911214083,4,1,-6.466164984740881,-1.9762011895976785,4.489963795143202,1.0065535280823141,5.74086433378615,7.196617546388453,1,8,2,1,506.53479006810556,5.157126575601338,0,True,-1.4557532126023034
MOL02819,PPI,313.3754684250421,2.3126661660937096,1,6,81.51138525653715,7,4,-5.063092134732521,-2.5202373604180113,2.54285477431451,3.727498548897049,13.015066775542568,15.40756971424725,3,6,1,1,441.3173828240756,4.992125503383196,0,True,-2.3925029387046823
MOL02820,PPI,355.04174261361004,3.428612065538965,2,4,55.68045632985985,6,4,-5.885168538077308,-1.1193027381023444,4.765865799974964,2.7344270246484794,11.698153639328297,11.907721153616237,1,10,1,1,639.334910584558,7.657320515880638,0,True,-0.20956751428794007
MOL02821,nuclear_receptor,348.83255908103644,1.1091634714456293,3,4,75.19181796259646,4,3,-6.436337627771497,-1.9903855890285007,4.4459520387429965,2.534875564389349,10.606511970074482,12.354219519489755,1,2,0,1,298.56358015559266,6.57150559519363,0,True,-1.7477075494152725
MOL02822,epigenetic,233.42625886826767,3.457170346907268,1,4,57.550426932389456,6,4,-6.026595336168181,-2.007483086261448,4.019112249906733,2.3242544121836612,8.898267769694643,6.784281718849252,1,7,2,2,424.7312875234173,7.381035042257202,0,True,2.1139860508453907
MOL02823,kinase,428.57556887816014,1.123933043517731,1,4,79.044060651862,7,3,-6.163375922928028,-2.4487531890402745,3.714622733887753,3.085642768161936,12.489815995369547,14.955251982677382,0,2,2,1,281.5371812691096,7.386115904942661,0,True,-2.465435987307835
MOL02824,nuclear_receptor,518.3846042250955,3.453523383782029,0,2,42.93177400798608,4,4,-6.798984838855189,-1.7030730292907896,5.095911809564399,1.4281434154934414,12.124426140607248,14.676711290289436,1,7,2,1,510.9820123130935,7.698029199769339,1,False,-2.552285149682188
MOL02825,kinase,336.84678158694794,1.961281610352417,4,10,144.50603064451553,8,3,-6.400346641265574,-2.0520315599999295,4.348315081265644,5.362661979947281,17.396871183404432,20.039436388869284,1,4,1,1,380.0378795098768,6.19037009987941,0,True,-2.6425652054648516
MOL02826,kinase,356.29016474570125,3.9110451182513755,2,4,73.80573607812445,7,2,-5.693101160753431,-1.7732220408745738,3.919879119878858,2.952451561055961,11.673882096121986,14.225199870149606,1,6,1,1,482.9423774273451,8.150405346508514,0,True,-2.55131777402762
MOL02827,GPCR,147.5834932044698,1.2577016385802595,1,8,91.38301434222328,4,2,-7.0244737425668955,-2.763051649568122,4.261422092998774,4.219575275597963,8.676591881722151,8.324295262598309,3,9,1,1,634.7589260137115,7.379862860418823,0,True,0.3522966191238428
MOL02828,protease,312.6767336470093,3.700667290423923,1,4,74.27914263885567,4,2,-5.470180917562076,-3.588226269953262,1.881954647608814,2.5197716912067225,10.88583983101454,12.877864586438694,2,7,1,0,415.4330820050705,8.08182286280807,0,True,-1.9920247554241541
MOL02829,PPI,270.6394598611143,1.115866272982293,1,4,87.63670289459137,4,1,-6.4656368244042906,-2.441181654284327,4.024455170119964,2.0566116111499038,8.34441484530351,8.294125018003076,3,2,0,0,354.0863865378184,6.270658170220464,0,True,0.05028982730043374
MOL02830,epigenetic,652.0102396493033,3.424622710977011,1,1,24.94325803763141,9,4,-6.245354895143815,-1.5035419677086228,4.741812927435192,0.7623442731494849,15.511905796065143,18.28386425979846,2,5,1,0,391.20813110342505,7.248686319838146,1,False,-2.7719584637333163
MOL02831,protease,495.42417803734463,2.8798938462845536,1,3,46.08470917055969,2,1,-6.789400063256014,-2.1464129015200637,4.642987161735951,0.6646247589923087,10.10106533876561,9.920599900766266,1,3,0,2,267.2854746311334,6.313563913494979,0,True,0.18046543799934334
MOL02832,kinase,283.3987994097864,3.158587876829997,1,5,93.88931442841934,4,6,-6.248954192189584,-2.0560382789998264,4.192915913189758,2.450727375404746,10.7992005012058,16.465848565945947,2,9,4,2,506.94193198110247,9.884480563993485,0,True,-5.666648064740148
MOL02833,protease,247.54630248213005,0.9185938583597237,1,4,74.37052492500288,4,6,-6.569074553256326,-2.8550885897099514,3.7139859635463743,4.137391527034782,11.331388281427085,14.800535683423846,0,4,3,0,344.2357069394691,5.594694279714007,0,True,-3.4691474019967607
MOL02834,GPCR,489.89625465279414,4.253480817520046,1,4,61.90211101754398,6,3,-5.353643599424151,-1.5523592349989837,3.8012843644251673,1.6564304032648627,12.015437454853135,15.190804353899503,0,8,2,1,483.82465139524083,7.044581753598699,0,True,-3.1753668990463684
MOL02835,other,218.31024608475,2.24758883342458,0,7,100.06928976832276,6,7,-5.542236947118615,-3.0771100398390154,2.465126907279599,4.931307960272758,13.833007301359022,16.221969504056172,1,8,5,2,692.3981952944436,9.352044901427046,0,True,-2.388962202697151
MOL02836,protease,393.6252541493909,1.9127675050179773,4,6,106.6156340957721,6,5,-6.3362871077263385,-2.368542513051084,3.9677445946752545,5.092924800141381,16.66843490132759,19.713870518735106,2,6,3,2,507.807019028565,7.378286905569503,0,True,-3.0454356174075166
MOL02837,epigenetic,283.76533039284294,0.5798143064958774,0,8,90.62741346081455,4,1,-6.414112930883601,-2.2248601951866007,4.189252735697,4.397837595201696,9.732430333791916,9.205474849477447,0,3,3,1,384.8689251431214,6.538916049222485,0,True,0.5269554843144686
MOL02838,protease,612.5725705933485,3.144282242707515,4,8,122.92156390043748,4,3,-7.1748484756414115,-3.034569904264485,4.140278571376927,5.056665278720821,18.42768522448873,20.900237711036223,2,8,1,1,476.8973796229466,7.418242781451618,1,False,-2.4725524865474924
MOL02839,nuclear_receptor,375.0738406776069,3.450256431513075,0,2,17.195994482066308,5,1,-5.820448797583699,-2.1859131698853047,3.6345356276983947,0.8164555186064906,9.142173481194861,12.924633113620352,2,9,0,0,473.72972246156723,6.386594684471078,0,True,-3.782459632425491
MOL02840,kinase,543.1348120980424,5.683673924951799,1,6,90.30930970035892,7,2,-5.25792072103829,-1.9710549299808888,3.286865791057401,2.4687571503369163,14.677319903908336,15.784702915291298,0,10,1,1,348.55107155215745,6.564928031940917,2,False,-1.1073830113829626
MOL02841,kinase,355.4801849356688,3.569545252035949,2,9,110.95060155857979,6,5,-6.640553346389383,-2.0140970876640365,4.626456258725346,4.43900850954637,15.370185362192471,16.595576019560838,1,12,2,2,479.3028354307928,8.186859108545914,0,True,-1.2253906573683668
MOL02842,nuclear_receptor,448.16717231311577,2.546326323300327,2,2,37.516291787627196,3,4,-5.852839840144392,-1.9680586167031935,3.8847812234411983,2.752087565511092,12.08023833559665,15.259775537166075,1,5,1,1,390.1355294598141,6.611430094254583,0,True,-3.179537201569424
MOL02843,epigenetic,360.29397118225233,3.1391164402539524,3,4,55.18585817089197,7,3,-5.756833707443465,-1.981666205584263,3.775167501859202,3.5925365966640666,12.943817426993665,16.16134694098906,1,10,1,2,479.38398074959,6.050242653055068,0,True,-3.2175295139953946
MOL02844,GPCR,360.1706370213604,3.524679399637766,2,5,62.68118253839326,10,1,-5.711563324221628,-2.5724571092238637,3.1391062149977644,3.2199746836083465,12.899037926829537,11.168250250137728,1,4,1,1,509.71915774607146,5.11948253866913,0,True,1.7307876766918096
MOL02845,kinase,388.5831840090528,2.672091372463716,1,4,32.018314336291084,1,2,-6.629816378982516,-0.9743039361352098,5.655512442847306,1.1448587627096125,9.172594845291751,12.417926871778171,0,5,3,0,451.09043838045426,6.686619552817326,0,True,-3.2453320264864196
MOL02846,nuclear_receptor,397.4015848737907,3.5766008946427994,0,10,108.31801176010704,6,5,-6.095297208501437,-1.6998272877246097,4.3954699207768275,5.0416755778313025,13.752786668577174,15.268414493320385,0,6,2,0,375.918940128338,9.186250073622578,0,True,-1.515627824743211
MOL02847,protease,566.335698713989,2.0247317799533713,1,2,72.59354711363666,5,2,-5.661979634824945,-3.45576305329225,2.2062165815326953,2.412090956776924,14.402200281615462,15.580304187673951,0,5,4,1,520.7422273644532,6.109545229974853,1,False,-1.1781039060584888
MOL02848,kinase,361.27745004802074,3.5361851690627066,1,9,124.4688347421195,7,3,-6.203173323134666,-2.662651241681727,3.5405220814529392,5.101861228444041,14.717021186361164,15.604838948159582,1,7,2,0,326.9256636220149,6.2376426793918505,0,True,-0.8878177617984182
MOL02849,kinase,167.1458503315918,5.3357190406786215,4,5,109.09503956995306,5,0,-5.811183179689919,-2.200097018688212,3.611086161001707,3.8920827254787334,10.431065799140914,10.792607097851556,0,0,0,0,312.3094100599868,5.22592583955188,1,False,-0.3615412987106428
MOL02850,kinase,241.2475125850043,3.415656178738892,2,7,87.42749973040817,1,2,-6.3399667708519525,-1.4980802320885598,4.841886538763393,3.4426552381789066,9.261269033619248,6.634717502325837,0,8,1,0,403.06337057023393,6.158685514073926,0,True,2.626551531293411
MOL02851,protease,236.65080721778315,2.2574548523074798,0,5,75.00213779694548,4,4,-6.396499831329307,-1.4572739750452106,4.9392258562840965,3.243914716848608,8.766037995355015,10.271932534174033,0,4,6,0,502.1446453113747,6.276794207233734,0,True,-1.5058945388190175
MOL02852,epigenetic,339.36539363209675,3.1277088730185856,1,7,112.24447506943707,6,0,-6.752194029135631,-2.1762682167304632,4.575925812405168,4.076272377794402,10.777466086506898,13.013425699860802,2,5,0,1,319.4602158940909,7.569819318979774,0,True,-2.235959613353904
MOL02853,kinase,247.97598550826228,3.6650248566971424,0,3,37.81493032950969,5,0,-5.608517900038213,-1.0732482820263973,4.5352696180118155,1.6499479982208876,7.308915246415197,9.274116893220398,0,4,0,1,293.7777469403459,6.783730315546818,0,True,-1.965201646805201
MOL02854,epigenetic,120.0,4.777315108504643,1,1,34.10350852391553,7,4,-7.075619539074426,-1.9022456011402906,5.1733739379341355,1.1342672380297916,7.742315899680005,8.185659181603409,0,5,4,2,426.7307755865452,6.586536514222897,0,True,-0.4433432819234042
MOL02855,kinase,385.52340295781295,1.8423037194530059,1,5,44.38915332308977,6,3,-6.091874436045481,-1.8882868543010898,4.203587581744392,0.9249151837278531,10.325150491421637,11.122099260057702,0,7,1,0,452.08497098128026,6.17197323220445,0,True,-0.7969487686360655
MOL02856,kinase,219.01780488622643,4.302107319233821,2,4,42.42608557131773,7,0,-6.110520005245436,-1.3244440285331611,4.786075976712275,2.751951325434338,8.55786472615043,8.042446032456084,2,6,0,2,285.86124378269085,7.890674417582898,0,True,0.5154186936943468
MOL02857,PPI,476.88227786680784,2.0561969977966283,1,4,52.16592343032879,6,2,-6.902016976638192,-1.5337041901953945,5.3683127864427975,1.288709955163049,11.908152167086607,13.07503309818863,1,9,1,0,403.21333089109856,6.008929547738557,0,True,-1.166880931102023
MOL02858,protease,367.4975992331403,2.9244398245596974,3,7,89.27118919168113,4,3,-6.430530688713102,-2.005711619851829,4.4248190688612725,3.5183030024277313,12.909480581418412,12.414919164657263,2,2,6,1,415.02226870773717,5.586885693688907,0,True,0.4945614167611492
MOL02859,kinase,521.050961982701,2.3532961370658776,0,6,96.4521448748972,8,4,-6.979176086892451,-2.8388263685114246,4.140349718381026,4.141010932102817,14.351569685093697,16.277477338076235,0,6,4,2,412.5000943329161,7.832661315275108,1,False,-1.9259076529825379
MOL02860,ion_channel,454.0796098472747,2.872404083180603,1,2,15.024150581996707,4,4,-6.606704294043585,-0.7904852598502202,5.816219034193365,1.4707721499525093,10.66540960754051,13.148680119933774,1,7,1,1,383.8094799351905,6.444037262278192,0,True,-2.483270512393263
MOL02861,epigenetic,147.36894531525627,2.2641964114372453,1,8,83.90833581038106,5,3,-6.028104641032231,-2.561729242144891,3.46637539888734,4.041459176800309,9.066986082692706,8.738831381221658,2,5,1,1,404.8767065049199,6.476607179297273,0,True,0.32815470147104797
MOL02862,epigenetic,359.82920659189205,4.885115544207547,2,5,85.25019875303815,7,4,-5.835819001090201,-0.7089413456737648,5.126877655416436,3.351599413697775,12.658220989639196,12.796638117667879,0,5,3,0,415.40433819215707,7.188703533116608,0,True,-0.13841712802868322
MOL02863,nuclear_receptor,299.1014221322226,1.349846295690222,1,7,91.35332428285682,5,1,-6.346166465513377,-2.4714271119305646,3.8747393535828127,4.309570566656094,10.0759285485729,11.145107720942493,2,4,1,1,459.28086887097015,6.800044290712716,0,True,-1.0691791723695925
MOL02864,kinase,272.8753036625226,0.6162235523477626,3,6,120.15868169325255,3,0,-6.6664424512102975,-2.1475996426282733,4.518842808582024,3.737942513123037,10.013015897009941,10.370863796282423,2,2,0,1,316.77310611742246,5.853685791036499,0,True,-0.35784789927248184
MOL02865,protease,385.1583382815094,3.3894514287582114,1,9,109.53614235574511,8,2,-6.107494373169047,-2.060246472123033,4.047247901046013,4.713436782332465,13.854997810457649,16.35646294224482,2,1,1,1,471.08555427723314,6.377676933879425,0,True,-2.501465131787173
MOL02866,nuclear_receptor,307.5468016779275,1.5881862798392525,1,9,105.07603231397195,5,0,-6.686546135916654,-1.9651467613885432,4.721399374528111,3.6573086453712844,9.780336039708962,10.764516458640124,1,3,0,1,333.22699842316877,8.084887974577367,0,True,-0.984180418931162
MOL02867,other,126.79511111196558,3.527683790465698,3,9,111.66514136499464,5,1,-5.934034657535456,-2.554450501328112,3.379584156207344,5.004453414824838,11.907173036127606,13.626212614752836,1,2,0,2,287.9328869869284,4.751026078502032,0,True,-1.71903957862523
MOL02868,kinase,158.21385563446032,1.0181996348948008,1,4,61.02791478690811,5,1,-6.597705349044327,-1.425839169907582,5.171866179136745,2.758725582010089,7.605795911672233,6.34913409214791,2,5,0,0,368.9088528449744,5.881771224710637,0,True,1.2566618195243233
MOL02869,GPCR,477.2554725722135,1.4106137849920946,3,13,155.87946816704485,6,4,-6.778048616542728,-3.122769655382576,3.655278961160152,6.322308128431962,20.765352888177908,22.434042192445236,3,9,5,1,667.9444089174797,9.264074900567936,1,False,-1.6686893042673283
MOL02870,kinase,397.3970303806726,5.323592572615125,4,4,87.41171860273396,6,2,-6.196531208546809,-1.4278359440298676,4.768695264516942,3.381933036656509,13.763797535328507,14.733777834385082,1,7,4,1,428.59984221941147,6.156680401578006,1,False,-0.9699802990565747
MOL02871,kinase,201.5282083419927,0.18900384708048712,0,8,99.16845289688496,6,1,-6.723982074539601,-2.152013256132204,4.571968818407397,4.903903284784203,9.01737750252348,8.915958238848184,4,3,1,2,455.29708512210703,6.288834928703519,0,True,0.10141926367529663
MOL02872,nuclear_receptor,261.4844212343759,2.643499117825322,2,5,81.30579473991774,3,7,-6.5935796105115445,-2.1713919262342403,4.422187684277304,4.090363002197091,11.073025015439427,14.01948505648171,1,9,4,0,537.1563103106458,8.63605506534503,0,True,-2.9464600410422825
MOL02873,ion_channel,398.9646132968535,2.2645462358842035,0,4,53.10997900572217,3,3,-5.938354535253394,-2.4289228968763465,3.5094316383770474,1.892748858311198,10.513104202903214,14.078541122551337,1,2,3,2,339.11957143634703,5.921047273376716,0,True,-3.565436919648123
MOL02874,nuclear_receptor,437.14832558238675,2.181188026589129,2,4,81.78115472246273,4,2,-6.658308835325201,-1.4250215629483391,5.233287272376861,1.5653851447167264,10.870942683982102,11.07812480197853,2,4,1,1,298.08749883719076,6.563481930063116,0,True,-0.20718211799642816
MOL02875,PPI,325.69512385790733,2.4953568302741234,2,4,46.07133160234786,7,4,-5.944674879468863,-2.1167843767975767,3.8278905026712864,2.5879835865810117,11.9656089215525,13.357402797039244,1,5,1,1,405.2928578746962,4.873422334580186,0,True,-1.3917938754867443
MOL02876,protease,233.142400745239,1.5826124206425383,3,7,107.44404101366437,8,1,-6.1731330327069776,-2.5402628941402807,3.632870138566697,3.6933915722292276,12.59690042292949,8.121076540207024,2,8,0,1,353.6279012392462,6.840566142100667,0,True,4.475823882722466
MOL02877,epigenetic,424.25871574840215,2.849818686051436,1,7,87.37846407477443,10,2,-5.912612038906293,-1.7832610670375044,4.129350971868789,3.01602093277548,12.644767679385614,15.126034434758486,0,10,2,2,524.8155959626622,6.72247783304082,0,True,-2.4812667553728716
MOL02878,other,314.8538448004987,1.1656737052953114,2,4,82.38341004280983,6,1,-6.278579997674979,-1.7720441495448376,4.506535848130142,3.0821509903045485,9.695099361208301,10.887904077340755,0,5,0,1,340.8089992781362,8.11688450453953,0,True,-1.1928047161324535
MOL02879,PPI,417.9550694537571,1.5573480004281368,3,10,130.76176791138266,7,2,-6.529451039092991,-3.557095863190222,2.972355175902769,5.036902914063304,17.483176503854057,19.195281651844915,3,6,1,2,422.05006345568916,6.66361366910312,0,True,-1.712105147990858
MOL02880,protease,350.91312269654327,1.625969309235468,2,3,41.54108119467375,7,1,-6.7980345890498235,-1.6277788793821488,5.170255709667675,1.3586163957957202,10.016153649558282,7.806019355511818,1,3,0,1,302.3987132898153,5.250472728663753,0,True,2.2101342940464637
MOL02881,nuclear_receptor,355.7474851000718,6.050260859987368,2,10,118.87853350436257,4,1,-6.136713984295148,-2.478128609407479,3.658585374887669,5.495393081136872,17.06531775779306,19.14522534086769,1,7,0,0,427.9611073715663,6.265269248834658,1,False,-2.079907583074629
MOL02882,GPCR,353.88061908270794,4.066754623584323,1,5,69.83495462320823,1,3,-5.780443382888208,-1.740357436144433,4.040085946743775,2.124584163432489,8.99077540060301,12.20743525182727,2,10,2,1,397.22379750785296,7.674235022845403,0,True,-3.216659851224261
MOL02883,epigenetic,404.581520201452,3.4194403071908175,1,4,68.36503833943226,7,2,-6.337563307940353,-1.7080590631007286,4.629504244839624,1.8136645582813382,11.187492756236624,10.92344514630311,2,4,1,0,398.1336579474912,4.282730521247661,0,True,0.26404760993351495
MOL02884,nuclear_receptor,306.27754348254086,-0.014446338215422738,0,6,61.546984062766924,5,2,-5.97022349613182,-2.789655297453052,3.1805681986787677,1.9843726234534471,9.528273991948847,12.080891448047156,0,5,1,1,441.470877340466,5.182589561718093,0,True,-2.552617456098309
MOL02885,PPI,234.527226856825,1.0607126674631695,5,1,74.12671462354737,4,5,-5.94611617289005,-2.5470863599546436,3.399029812935406,2.3148561567078594,9.42512177761058,11.954025282527443,0,5,3,0,374.7588089580317,5.49092453337294,0,True,-2.5289035049168636
MOL02886,epigenetic,412.0811843176719,4.157134789649211,2,1,19.232498931742448,5,2,-6.451895377697013,-1.905319497154162,4.546575880542851,2.5373179679958198,10.116245067718427,15.811854160173336,0,3,0,1,568.4620425699251,6.775876916103603,0,True,-5.695609092454909
MOL02887,kinase,228.67831626163945,1.9841901221279519,0,4,44.19444004522721,4,4,-6.240502915504134,-1.5013687877465156,4.739134127757619,2.6642548679449956,8.694022609743728,8.767325596142545,2,6,2,2,485.9151469576916,5.993598688114222,0,True,-0.07330298639881683
MOL02888,PPI,300.42910055561947,0.47706285536308135,3,7,71.75484149568061,5,0,-6.421271519454217,-1.8292709774077398,4.592000542046478,3.8563838960231083,11.815278582225922,11.738935715151625,2,2,0,1,414.84843664621604,5.169275953559571,0,True,0.07634286707429716
MOL02889,ion_channel,120.0,2.0458456493325263,0,5,59.23790770920788,8,0,-6.879377151377622,-1.585237181975768,5.294139969401854,3.1906502770015646,7.217667436630779,8.181167348876897,0,4,0,1,372.3071606183398,6.623814588079411,0,True,-0.9634999122461183
MOL02890,other,308.70335262678805,3.2670362734111866,2,4,62.984693065653765,5,0,-6.329430025767635,-1.8744175320609573,4.455012493706677,2.1847454609686583,9.047511156962727,10.429589300867598,1,3,0,1,296.97970079204566,5.997109903958798,0,True,-1.3820781439048702
MOL02891,other,301.4611576269616,1.60617973101536,3,5,59.59272861150329,2,1,-6.319887129244484,-1.5238934339889738,4.79599369525551,3.867110618821033,11.045030116951562,11.03791593913141,1,4,0,1,357.14118328856676,5.865635340718329,0,True,0.007114177820151113
MOL02892,nuclear_receptor,280.1451602728363,1.5890678471094908,0,6,64.84993104200085,3,3,-7.018506966350781,-2.567732916588306,4.450774049762475,1.8879492832248566,8.325063675962218,11.163039581646869,1,2,1,0,320.040288018133,6.8666045916596214,0,True,-2.837975905684651
MOL02893,protease,500.15149536525905,3.3815413019183205,0,5,60.811029034023484,4,1,-6.233691011391725,-1.0631647539503053,5.17052625744142,1.6374207641821468,10.780302969600843,12.713847326191104,3,8,2,2,591.9993676912563,5.717476357711244,1,False,-1.9335443565902608
MOL02894,epigenetic,317.129973523032,0.932399170739322,5,9,101.56739387199758,7,4,-6.671873341447105,-3.522832404182368,3.1490409372647368,2.714413495882238,15.776565855969306,16.705700053989727,1,9,1,0,487.4976584377897,4.556886822390412,0,True,-0.9291341980204209
MOL02895,kinase,377.64723765263034,1.4711174452162679,3,3,67.44939571786797,3,4,-6.041905691266614,-2.111610769810804,3.9302949214558094,2.988452445412904,11.192391339533915,12.455888608137341,2,3,1,0,351.7944319303038,7.713535406248333,0,True,-1.2634972686034267
MOL02896,PPI,572.1591487770932,5.081521675028617,3,8,113.64856835803717,12,1,-6.582954248790095,-2.1732653853781554,4.40968886341194,4.460333618135894,18.257914289342395,21.431984350311247,3,10,2,1,495.8717223001113,7.664345330865124,2,False,-3.1740700609688517
MOL02897,protease,604.2160265009863,0.5218383386049918,1,7,71.82508059865135,7,1,-6.403180730325219,-1.9706883828526074,4.4324923474726114,3.183337376586484,14.989105697042651,17.169709583487673,0,2,1,0,372.3232312647671,5.7032173186523,1,False,-2.180603886445022
MOL02898,nuclear_receptor,345.4857736107333,3.7133396813103134,0,4,49.40260239676308,3,0,-5.693586883785023,-2.4455711675526297,3.248015716232393,2.6855908680745593,8.484289368747797,6.87657209112598,0,4,1,2,213.8308310768772,7.109212205311453,0,True,1.6077172776218172
MOL02899,PPI,337.61109172165203,1.294655011219186,0,2,50.037254681683024,2,3,-6.027298830165363,-1.7519499962376233,4.27534883392774,2.404676707816382,8.768350772672889,7.859939923583223,1,2,3,1,309.0717396201219,6.428528148374137,0,True,0.9084108490896661
MOL02900,protease,279.1464924390793,1.614980082459307,0,3,59.06500359821466,6,3,-6.1279902501659365,-2.237572977066525,3.8904172730994113,3.260678276807422,10.014312394063754,8.530986421790056,0,5,2,1,355.99161285435787,6.827714308914826,0,True,1.4833259722736987
MOL02901,kinase,377.16309163525136,2.436347007781409,5,2,79.11347261922225,7,3,-6.2104665181347025,-1.4352294893477204,4.775237028786982,2.4601250487465363,11.963707561432354,11.908969720640478,2,6,1,0,422.7135315246928,5.967681482047888,0,True,0.05473784079187638
MOL02902,protease,305.4542736305232,3.7497290691365888,2,6,66.41560579707046,9,4,-6.098067486866243,-0.9909156706663775,5.107151816199865,2.9991442193327527,12.902210791316225,15.036220618671738,1,11,4,1,530.2807262559724,8.313224858215294,0,True,-2.134009827355513
MOL02903,GPCR,290.8443156121765,1.9341786860016512,1,3,39.90837503083722,6,1,-6.099831975751448,-2.0924635153203006,4.007368460431147,2.3633263414923844,8.383680703062911,9.053097305594479,0,7,0,1,381.36015014877665,8.297813259688496,0,True,-0.6694166025315678
MOL02904,kinase,314.68837636223196,2.8228013118023916,4,6,63.359691818725835,7,2,-5.896514386680073,-1.261687931703379,4.634826454976694,2.115419103045725,11.405433608685499,14.927808367753524,3,9,1,0,513.0274259818185,7.104757504330374,0,True,-3.5223747590680254
MOL02905,ion_channel,395.81252194457295,4.430520126849271,3,8,123.97198081306047,6,2,-6.529516307630963,-2.3022671702980024,4.22724913733296,5.2930655866522445,15.332865750937062,16.092821445390037,1,9,1,0,336.45282634680194,8.689416513079323,0,True,-0.7599556944529748
MOL02906,kinase,380.8073899527176,1.0916499145942187,3,8,98.71440879694131,2,1,-6.3823507064610006,-2.368108371817297,4.014242334643704,4.9686231041765465,13.468033527609885,13.836823991022415,2,5,1,1,461.32734652672866,6.073639816117252,0,True,-0.3687904634125303
MOL02907,nuclear_receptor,374.6544139829748,0.08784286087426008,1,3,50.57413791988793,4,1,-7.043952239193846,-1.690757393218925,5.353194845974921,2.9425674515498033,10.421194476888076,14.638044150254466,0,5,1,0,302.1191067666511,6.303763954637434,0,True,-4.21684967336639
MOL02908,kinase,679.9143843797053,0.42706448046082457,0,6,74.26379983058035,6,4,-6.434029512573914,-2.037666599297667,4.396362913276247,3.4012890101360562,16.78474004809783,19.82932812142507,2,5,1,2,475.94576965328156,6.850587339663676,1,False,-3.0445880733272404
MOL02909,kinase,364.87007844394265,2.737322925539951,2,5,54.43990930378482,2,4,-6.800304488152656,-2.227538337256056,4.5727661508966,3.5358291119633964,11.184582567110633,12.261088851896265,2,6,1,1,456.02383531340047,7.363271203035417,0,True,-1.0765062847856317
MOL02910,PPI,289.84515848843995,2.0783684432475873,0,5,54.44484063991466,3,0,-6.318889810421902,-2.0161307576130008,4.3027590528089,2.4238723660112185,7.767127708324952,11.236606985957712,0,8,0,2,382.734837901954,6.499413554031769,0,True,-3.46947927763276
MOL02911,other,438.84328798150244,1.6562874413709379,0,3,74.92716503588878,1,2,-6.576666568786023,-2.7175773529616114,3.8590892158244117,2.933428946492913,9.78279074508441,9.59122035623169,3,3,1,1,350.7301460035748,6.778174594035233,0,True,0.19157038885272115
MOL02912,protease,355.4875840792384,4.137849354464327,0,7,100.95804493255977,8,0,-5.965535434106986,-1.9148676991235243,4.050667734983461,3.65308111379021,10.48231396849788,10.33543990706272,0,3,0,1,174.11504036976862,6.315283516832306,0,True,0.14687406143516135
MOL02913,GPCR,322.7826841399065,0.8726200022048616,2,2,69.88477151579168,4,4,-6.414407028934674,-1.5603668092398695,4.854040219694804,2.14077530485324,9.30560128376887,12.338961923121152,1,3,1,0,464.6583018740425,4.132587378103706,0,True,-3.0333606393522814
MOL02914,protease,367.06971872003743,2.8758095026951827,2,0,34.993413563707925,5,0,-5.4520772941772835,-1.5563635097313813,3.895713784445902,1.0515447851631827,8.638894355597571,9.174073435777277,2,7,0,2,455.24411897560486,7.918393915767676,0,True,-0.5351790801797058
MOL02915,PPI,388.8357523529055,3.9924252800758397,0,3,56.437760020656164,6,0,-6.826925427702829,-1.6707156478089158,5.1562097798939135,1.7777886592547163,9.692846372913124,10.3092534332951,0,8,0,1,439.17182296959226,5.112588931070116,0,True,-0.6164070603819756
MOL02916,kinase,318.3166023198527,4.018371569095239,2,3,62.08376286293487,3,2,-6.175195324242873,-1.917161599018367,4.2580337252245055,0.7610230927860531,8.72055716188928,11.767319203902094,2,4,2,2,482.34826043455246,8.092562042985154,0,True,-3.046762042012814
MOL02917,kinase,308.4505102423681,1.068670758428751,1,7,110.2037814582634,7,3,-6.766643080799547,-1.9939388863987424,4.772704194400804,3.4820482823255845,11.370149828618255,15.568972398879634,1,6,2,1,471.6350937729892,7.939718149553394,0,True,-4.198822570261379
MOL02918,kinase,357.3270282161646,2.680131220934824,3,6,89.19205147005758,2,2,-5.851707892217833,-2.7241620750040103,3.127545817213823,3.235193987405004,11.31817860427796,13.906065761508687,1,7,1,2,513.7633565014452,6.7869117181970315,0,True,-2.5878871572307265
MOL02919,nuclear_receptor,214.66944529308358,2.0508684551257215,1,12,137.35917124093675,6,4,-7.497185600937318,-2.436564761141437,5.060620839795881,6.361573081592058,14.884613661276534,15.902356332757593,4,5,3,2,523.3276431826907,7.615299536529997,1,False,-1.0177426714810593
MOL02920,GPCR,364.37117483522957,-0.16775341865311955,0,0,49.82859434667417,11,2,-6.494690429951285,-2.026081599813236,4.468608830138049,1.9959352337448975,11.052059914328556,14.75494809587816,0,3,1,2,260.66850893084006,6.270562394066539,0,True,-3.7028881815496035
MOL02921,ion_channel,202.63158388337138,3.3427835888830857,3,4,78.67936955160835,5,2,-6.619945685776697,-2.0165029832408994,4.603442702535798,3.7125388639582764,9.9697731146846,8.22634092770518,1,6,1,0,348.53917642834045,5.88821693169996,0,True,1.743432186979419
MOL02922,nuclear_receptor,535.1590712188352,3.0924841800301137,1,6,43.168467834536656,5,0,-7.059716086849778,-1.2507647335607788,5.808951353288999,2.3588821616208366,12.28804369331322,13.372106595636689,2,7,0,2,460.5807588785612,7.063059148639362,1,False,-1.0840629023234687
MOL02923,kinase,300.7307000134922,2.6722531283228124,1,1,50.5806040125436,10,5,-5.978984307021221,-2.187831450762512,3.7911528562587096,1.061984961761916,11.62023798508822,14.390460904589183,2,5,2,0,410.4296438992505,7.060374096053023,0,True,-2.770222919500963
MOL02924,nuclear_receptor,326.53896660897516,3.995563460709654,1,3,49.3610695994593,7,0,-5.924233449621183,-1.7557097117626805,4.168523737858503,1.8407903435263886,8.963662844295559,14.226276513125901,0,4,0,2,388.5152705363298,5.582798752301533,0,True,-5.262613668830342
MOL02925,kinase,694.9551400744848,3.0900026342024667,2,5,87.21006073376893,8,3,-6.528574030829764,-1.4690328520213236,5.059541178808441,4.494235937326815,18.528370238127504,21.21313371935593,2,8,1,0,509.84318476903405,7.0557626274801715,1,False,-2.6847634812284262
MOL02926,kinase,401.777246691336,2.1197152129864842,3,5,78.20359702276744,7,3,-6.46644739598112,-1.6721493324137913,4.794298063567329,4.229143127109747,14.102469768535746,16.755426653589275,0,5,2,0,368.6659881465312,6.607772355217795,0,True,-2.652956885053529
MOL02927,ion_channel,257.7706722396786,3.9312653354088964,0,10,128.57071958267596,4,0,-6.511961846710868,-1.860828459825475,4.651133386885393,5.6795925206969615,10.487049944222187,7.933945233930874,2,7,1,2,542.6113322599513,5.281708661027492,0,True,2.553104710291313
MOL02928,other,391.57273062436525,2.661654797179973,2,7,82.43290781604328,3,2,-6.317277765023647,-1.8722297310191758,4.445048034004471,3.313700471042799,11.505227469623147,12.794390237336417,1,3,1,1,329.80604435351614,6.395659814075809,0,True,-1.28916276771327
MOL02929,protease,393.559238647595,2.036376505656547,0,4,62.3190169187921,7,2,-6.471746402109056,-2.700390834123857,3.7713555679851987,1.8357983511880245,9.87286890484984,12.926455819144719,1,7,1,0,338.53478178134907,5.956656111996917,0,True,-3.053586914294879
MOL02930,epigenetic,478.6421579351622,1.6471669598215146,1,7,98.57726590430019,3,1,-6.30600634014587,-3.4720914329817143,2.8339149071641554,3.9027688164593664,12.541114735281505,14.958387467920721,0,5,0,0,380.1736678751186,4.531826028803742,0,True,-2.4172727326392156
MOL02931,nuclear_receptor,350.21563551611416,2.151736671306596,4,8,103.97262474756117,3,1,-7.015103539169437,-2.103895758602939,4.911207780566498,3.553888619032728,13.05231474581267,15.145349361315255,1,3,2,1,341.94203766949414,5.425763638765143,0,True,-2.093034615502585
MOL02932,epigenetic,503.6806392857908,1.2214858691090733,3,3,58.702213720421724,3,1,-6.317539268254401,-1.3228191866866932,4.994720081567708,2.5561762546540567,11.190240677132385,14.006389193249799,1,3,1,0,387.9230073607584,7.168783297567858,1,False,-2.816148516117414
MOL02933,kinase,278.4588846836577,0.017950249552393327,2,5,72.17291602359124,5,4,-6.431335590116082,-2.7900422030402523,3.6412933870758297,3.9677168378395433,11.570324370060616,13.113830768163979,2,4,4,1,333.2940025724158,6.9937774658905765,0,True,-1.5435063981033625
MOL02934,kinase,512.2761905988054,5.057352740952123,1,4,64.0003963303468,3,2,-6.211855651596652,-0.9101100614962332,5.301745590100419,3.2799862867021385,11.937107003845762,12.802718377993589,2,6,1,2,372.30514862855216,6.254854116422647,2,False,-0.8656113741478269
MOL02935,other,312.03373854295023,3.1189810305672143,1,6,53.42494087206583,2,1,-6.311314367504312,-2.0717299998070926,4.239584367697219,2.6554964902571925,8.640492188358683,9.635916327992938,1,5,1,1,413.3253827883568,6.538996393439723,0,True,-0.9954241396342542
MOL02936,protease,305.3547087071999,3.4674440906275357,3,8,117.3556622412224,5,1,-6.200328963068023,-3.4745597543380145,2.725769208730009,4.047026173661981,13.167487606738206,17.972517729951264,1,8,0,1,314.62258922030725,7.025792001155576,0,True,-4.805030123213058
MOL02937,epigenetic,353.05257020326314,2.1933696089553836,2,4,56.7115817331006,7,2,-6.158086232405979,-2.3822004839253554,3.7758857484806234,3.5492748661490126,11.860289016876342,13.044589158964024,1,1,0,1,164.63317798401368,6.643212827372545,0,True,-1.1843001420876824
MOL02938,nuclear_receptor,498.0081628949379,2.6952994635749365,2,8,123.0141369493777,6,2,-6.180124303755558,-2.5274063651517333,3.6527179386038244,3.735814695747859,14.035247612383742,19.481601485200464,2,4,0,2,351.68655898344514,4.691621391825413,0,True,-5.446353872816722
MOL02939,kinase,448.8365160388832,5.393996335473557,1,4,54.3327337587196,6,0,-7.095133672973002,-1.49068846585449,5.604445207118513,2.0474148067549534,12.718352391475934,14.680383676611921,1,10,1,0,552.7445589125027,6.602439198811872,1,False,-1.9620312851359873
MOL02940,protease,460.7754802258663,1.982173292957913,3,8,111.85484542810468,4,3,-5.921124302793585,-2.4751466818906476,3.445977620902937,4.131173055373715,15.400868797894374,17.75139259760406,4,4,6,1,553.3493996374449,7.502331910912094,0,True,-2.350523799709686
MOL02941,protease,293.90863521076216,3.3191067002414454,1,3,57.43325882379462,5,3,-5.754524765001409,-0.44606948129404067,5.308455283707368,2.445484680426725,9.515116269607695,10.594790079680546,0,5,2,1,383.41827644090216,5.48774696514857,0,True,-1.0796738100728511
MOL02942,epigenetic,468.339413488482,-0.873822533264943,1,7,79.41688185316661,9,3,-6.801837815420226,-1.9188432374906297,4.882994577929597,4.071229451679673,14.366700970257634,12.077059824567444,2,3,0,1,233.91752156830978,5.567849794326201,0,True,2.28964114569019
MOL02943,nuclear_receptor,256.32380971843367,1.2930049717807874,1,7,77.66263398313299,9,2,-6.789449550241299,-2.141190790627275,4.6482587596140235,3.0797234109411953,10.562893007522229,10.336156091224215,1,3,0,1,239.16000220928262,5.082174001845091,0,True,0.22673691629801418
MOL02944,epigenetic,370.2224636243733,0.6687657432793557,1,5,74.14965087525823,3,1,-6.855957877747002,-2.5407369362672667,4.315220941479735,2.8483662682853748,9.100498818532778,11.598535141615782,0,2,0,2,306.6504977160773,5.075084149595007,0,True,-2.4980363230830047
MOL02945,other,359.3930088072653,2.656525599614103,1,4,69.91241397766636,7,4,-6.2478785030440855,-1.4004724554193166,4.847406047624769,1.788799249396144,10.698082132170539,12.066408944815297,0,4,0,0,394.2243591819591,6.414815321237186,0,True,-1.3683268126447583
MOL02946,kinase,367.9859695793832,2.715906884018621,1,1,32.86870947075486,6,4,-5.408492049387385,-2.0774952326331837,3.330996816754201,1.5139068206289958,11.221318017013477,13.971400056038494,0,6,3,0,415.8833512935585,7.328601317206742,0,True,-2.750082039025017
MOL02947,GPCR,191.37504384289403,2.248161203686119,2,4,70.90758748665968,6,3,-6.307287042297155,-2.543685864461722,3.7636011778354326,1.9799811739652542,8.971315590720573,9.330061661191682,2,4,0,1,402.12666783882486,6.112732186890305,0,True,-0.35874607047110807
MOL02948,GPCR,405.2842043765578,3.1028341084509767,0,4,53.6733911923647,5,0,-6.127784362687329,-1.5273974822933682,4.600386880393961,2.197478461803502,8.890934129699964,9.350328261084835,1,7,0,1,424.6184350598669,6.649623025019703,0,True,-0.4593941313848706
MOL02949,nuclear_receptor,283.73395063514863,4.436659984543628,1,5,89.70540861736603,2,2,-5.24261656411084,-2.1823198076371946,3.060296756473645,3.935378154842659,9.400562166655856,8.725096972791768,1,2,0,2,133.05439473581524,5.81697051039347,0,True,0.6754651938640883
MOL02950,kinase,454.8958161438957,2.432285111790035,1,2,31.240494620956945,4,2,-5.608077498665288,-1.4331325935194197,4.1749449051458685,1.9715894098749287,11.364849911635108,13.554121338925475,0,3,1,1,370.0833124268841,4.740900231886858,0,True,-2.1892714272903664
MOL02951,kinase,341.2615023133988,3.750238582723747,2,3,34.33458759330259,4,1,-6.074269516589413,-2.040853252581728,4.033416264007686,1.5767048980498337,9.097647344298066,11.026959224020299,1,5,2,0,430.7885239251889,5.914928105599361,0,True,-1.929311879722233
MOL02952,GPCR,323.1340862033318,4.492791750089366,2,6,109.58838559234557,3,0,-6.170399146865996,-2.3496790445679636,3.820720102298033,3.4580756369312926,10.159610870250512,9.177165074440268,3,8,0,1,297.92702350149614,7.19930855158425,0,True,0.9824457958102446
MOL02953,nuclear_receptor,266.44064615637575,1.7317851482794686,1,6,75.32650165046769,6,1,-6.787552605417692,-1.5815668347229503,5.205985770694742,2.36965842142004,9.130938104822913,8.309686336281924,1,2,0,0,295.6778549494982,6.269164776045531,0,True,0.8212517685409892
MOL02954,epigenetic,400.7568105660523,3.1337373074791306,3,2,83.42575708666581,3,2,-6.227842898017576,-1.8310926337757671,4.396750264241809,3.8806538360967355,11.726679302035604,12.267751910680397,0,5,0,1,334.27365726149833,6.536240496200083,0,True,-0.541072608644793
MOL02955,other,336.4566626433603,3.9064971008575133,1,5,60.6859617524623,6,2,-6.173297330931307,-1.3740436494754191,4.7992536814558875,1.7847823608010573,10.207740749455132,11.985965099971814,1,3,1,1,310.89546226340644,5.060207500175636,0,True,-1.7782243505166822
MOL02956,PPI,389.257853297103,6.326475602744847,2,7,80.46037134780123,3,1,-5.801932854444677,-0.8897161739631636,4.912216680481513,2.8269094900889993,13.355419620576532,15.524161341307073,1,5,1,1,458.59375632950906,5.890787083920126,1,False,-2.168741720730541
MOL02957,GPCR,413.32567325996786,2.438912906451049,3,5,69.05019058700408,5,2,-6.157676147658795,-1.6001653820974253,4.55751076556137,2.815305887003596,11.789386817542486,13.387687788983243,1,6,0,1,251.49320912618842,6.463983656089147,0,True,-1.5983009714407572
MOL02958,kinase,299.0805112310642,7.5,2,6,65.73354516415883,3,3,-5.175027310806941,-1.6100221167594975,3.5650051940474436,2.027313526619123,15.136684840002346,18.553404574170855,1,11,2,0,620.0351099838668,8.267495398455964,1,False,-3.4167197341685096
MOL02959,PPI,282.94778108024957,1.6307053997306475,0,3,81.87227925591398,2,2,-6.656793774922493,-2.743576678872453,3.91321709605004,3.712609665455339,8.47467428044083,8.847641941588307,1,5,0,0,294.62433106094454,7.298837617965289,0,True,-0.37296766114747726
MOL02960,kinase,304.26839840580664,1.354350071381745,2,6,93.20270727902314,3,1,-6.5837251428544965,-2.574317248211171,4.009407894643326,3.603885738212533,10.608735579788936,8.792982066079352,1,1,0,1,341.7495724514024,7.025667155843249,0,True,1.8157535137095842
MOL02961,epigenetic,328.9623837969312,3.0483785053162977,1,5,79.38313045833942,4,2,-6.065379946709977,-2.0391418063158984,4.026238140394079,4.235711167580952,11.219056128371182,11.637719965559873,5,6,4,0,510.1386234138598,5.6412594068845845,0,True,-0.4186638371886904
MOL02962,epigenetic,419.1137607878883,2.1045744377356206,2,6,84.80300961109359,5,2,-6.150796749585111,-2.222259158606663,3.928537590978448,2.288745455365409,12.26164868271897,14.925470220968977,1,7,1,2,438.64776860674505,7.509712409643496,0,True,-2.663821538250007
MOL02963,other,336.2409155926485,2.3646207967809407,4,9,135.13558961787703,1,5,-6.045807091911406,-2.3317469259480736,3.7140601659633328,4.601232993443585,15.490567648586826,17.20449854796207,1,6,3,2,471.13364519882685,5.902890137735323,0,True,-1.7139308993752458
MOL02964,GPCR,348.3534727114045,1.6201126580007128,0,6,91.42580261948797,2,3,-5.93441833174251,-3.5137623791300436,2.4206559526124662,4.05111510160664,11.267252664148746,13.993150340294557,2,7,0,1,438.7855718495376,6.838820627491663,0,True,-2.725897676145811
MOL02965,other,257.8429617394755,2.958216024377524,1,8,84.39284840895246,5,2,-6.1094560450390505,-2.4001118762807865,3.709344168758264,4.142651371114839,11.300367744728275,12.818093663032224,1,6,3,0,406.2674174425089,7.092114560745352,0,True,-1.5177259183039489
MOL02966,PPI,228.0156265785992,0.8611482852609815,2,6,62.691002883956884,6,3,-5.690790239245906,-2.4915380385883625,3.199252200657544,3.6867301311382272,11.489658733295645,11.893066039118423,1,1,2,1,291.6424244352664,5.788417441844246,0,True,-0.4034073058227783
MOL02967,nuclear_receptor,255.42007576791156,3.2097406124194445,0,7,56.86567604794905,5,0,-6.723799624682366,-1.1343489309753887,5.5894506937069774,3.647748778090514,9.037422933585711,9.580489479601185,0,3,0,1,338.51426153415105,5.270720768020771,0,True,-0.5430665460154742
MOL02968,kinase,603.2603492139983,1.7955301273648403,0,3,42.615083028966595,2,3,-5.598121850176452,-2.8416909126397973,2.7564309375366545,1.5335745113267119,13.428271486148713,16.501053079883377,1,5,1,0,432.62060051956314,7.416942147738563,1,False,-3.072781593734664
MOL02969,kinase,428.8619128624837,3.114267230358002,0,3,58.596814178608916,4,2,-6.499307314935954,-2.0124829598996494,4.486824355036305,1.8559676624221622,10.013184966408076,14.006598496643957,2,5,0,2,390.44127636607345,8.406622012308278,0,True,-3.9934135302358804
MOL02970,protease,440.9690918184783,1.7825153987527604,1,2,60.75034121138755,6,2,-5.595222315675237,-1.3962949900929944,4.198927325582242,1.272205998670127,9.883136400520046,11.527060868089132,0,9,1,1,396.9950694214536,5.443889580437168,0,True,-1.6439244675690858
MOL02971,kinase,501.7120895861092,2.9720273427600987,3,6,75.41776748561671,7,2,-6.411828469602337,-2.256902295943744,4.154926173658593,3.753337391376396,14.596682637322884,17.895843334152605,2,6,1,1,529.0543858851743,6.714265386634077,1,False,-3.2991606968297216
MOL02972,GPCR,282.8113869523782,2.3552396933760087,0,9,104.49135657602353,7,1,-6.441666265570701,-2.83324621787019,3.6084200477005113,3.6869208238624678,9.660423734705063,9.541328843370806,5,1,1,1,406.73049336037593,8.02685356422336,0,True,0.11909489133425666
MOL02973,protease,423.7273784136104,0.3404458320422168,2,5,48.60251863692156,4,2,-6.760415156843526,-2.582830553144594,4.177584603698932,1.8941846239950735,11.122733308431393,13.864269595084737,0,4,1,0,386.9470839133772,5.3522915699230245,0,True,-2.7415362866533446
MOL02974,GPCR,302.34922018366115,2.6757184540803673,2,3,75.01599542843739,5,2,-7.092982569624907,-1.7154720593494286,5.377510510275479,2.6804589120426097,9.461430497162084,10.546631433222755,2,2,0,0,337.34091332452846,6.6111197485852085,0,True,-1.0852009360606711
MOL02975,kinase,183.74783157257738,2.006570207534804,0,8,74.4547599681083,4,4,-6.273187341306904,-2.401418127292401,3.8717692140145026,2.6191130816493446,8.459031641693873,9.462940025897149,0,7,1,1,463.9760052648078,6.690152683817421,0,True,-1.0039083842032763
MOL02976,other,366.14724660418824,2.1964889567116552,1,6,79.03958119103476,5,4,-6.270092247259317,-2.689522669397887,3.58056957786143,2.6350654089035115,11.891515841075696,12.830360025057338,3,5,5,1,506.5591320346988,6.988976998696201,0,True,-0.9388441839816419
MOL02977,ion_channel,328.16177835529294,2.588197267603974,0,7,86.1119776330833,4,1,-5.662751415333146,-2.9996620120878834,2.6630894032452623,3.673929187818061,10.574365451629781,11.257818482297402,1,5,2,2,348.9262037853327,7.216968074385811,0,True,-0.6834530306676214
MOL02978,other,387.8402799078917,2.9321504449289266,1,8,92.14023328374009,5,3,-6.337110437038628,-2.7387815599585394,3.598328877080089,3.8152011817966516,11.859955625196147,12.964428823572433,0,6,3,0,531.5997787735475,6.439734496909215,0,True,-1.1044731983762865
MOL02979,kinase,364.09039390077584,4.465732032628701,2,5,75.87407392624046,7,6,-6.147430269823915,-2.17827722541178,3.9691530444121352,4.145348935850997,15.855624914185316,17.110136166534016,0,9,3,0,440.4155532096533,7.771537287536991,0,True,-1.2545112523486992
MOL02980,protease,314.7197523463386,2.9131999711297456,3,5,75.95767798611051,10,5,-6.026381879397967,-2.934746985149853,3.0916348942481138,2.1930861814617804,13.910810507555437,15.045362407772053,2,1,5,2,420.5144595691668,6.968739532055233,0,True,-1.134551900216616
MOL02981,protease,356.0988327253203,5.115186856947428,0,4,39.94400886851673,7,3,-5.812531283554802,-2.835220892835291,2.9773103907195106,1.098384720265431,10.45921647729607,12.438245830077417,0,9,1,2,557.896744408563,6.164124601040146,1,False,-1.979029352781346
MOL02982,protease,358.48436756928504,1.722869682158684,1,6,74.66596174714587,2,0,-6.006907891866734,-1.6140185578020405,4.3928893340646935,3.469171798777405,9.460993208364773,10.393057346664387,0,6,0,1,374.69060664284285,4.520719740045442,0,True,-0.932064138299614
MOL02983,other,230.17896975312576,4.225656416698362,1,5,72.3240636455757,4,2,-5.768306348846324,-2.16468042217752,3.603625926668804,3.1220469940062596,9.119735294630576,8.580701311711499,0,14,1,2,463.88352366189014,7.362642547940525,0,True,0.5390339829190776
MOL02984,kinase,397.21521572975456,2.908255173571856,2,4,57.86794277509736,6,0,-6.815002994828367,-1.226869370010349,5.588133624818018,1.8555597473350056,10.411643840804372,13.140522117525148,0,9,0,1,332.4575032947488,6.477199468769263,0,True,-2.728878276720776
MOL02985,kinase,391.08538509396436,2.188052500301884,4,6,96.41313113239062,2,2,-5.989008188200115,-2.276849899989946,3.712158288210169,2.7645455689041243,11.587015230381551,13.812477536115127,0,3,0,1,291.25066565549923,6.3318414886591174,0,True,-2.2254623057335756
MOL02986,other,256.9560519817456,3.488411463904082,2,2,42.12921827927712,6,1,-5.521480382884351,-1.745049147307415,3.7764312355769363,1.6909068843952033,8.32142617713038,6.850991540536471,1,5,0,1,321.0014546660183,5.184125393048301,0,True,1.4704346365939092
MOL02987,PPI,287.1796916533759,3.048983932115597,2,1,40.65465374615852,4,4,-5.818749928712586,-1.0483026288279746,4.770447299884612,1.3910639935421178,8.97600258784532,11.77759747382505,0,8,4,1,500.0106275254685,7.259089014045207,0,True,-2.80159488597973
MOL02988,kinase,324.4009148889976,0.9763543909732475,0,3,35.95745743456933,4,2,-7.001777026183507,-1.9255657957178998,5.076211230465606,2.540868830885423,9.614436480532792,11.482418047976541,0,3,1,1,315.1709220740721,5.126132327772751,0,True,-1.8679815674437492
MOL02989,epigenetic,240.85814485641095,2.8591676188789856,1,4,70.62505034001543,8,4,-6.224367609971353,-1.6305305660929066,4.593837043878446,1.7687490030819815,9.831927583644239,12.354018541996545,2,5,5,2,428.3115816680779,7.23491925086981,0,True,-2.5220909583523063
MOL02990,protease,366.5811076696583,0.7865166350111754,1,5,75.10388491350356,5,1,-6.5015640741572795,-2.2523351529435227,4.249228921213756,3.2488790755100245,9.514094448667954,8.658785058168572,0,3,1,1,437.50055301478017,4.84771609346489,0,True,0.8553093904993823
MOL02991,other,397.65194572819354,3.043877876047995,1,2,39.311922820994816,7,2,-6.444297994320296,-1.7298649599723466,4.71443303434795,2.4537659244324557,10.233715764489231,9.45208221054291,0,3,0,1,249.58956371607735,5.819357541180342,0,True,0.7816335539463211
MOL02992,kinase,293.4132576814552,0.802512354097842,0,6,79.66196637915216,4,2,-6.356915752903677,-1.829876003961484,4.527039748942193,3.1616551284913443,9.10070183706093,10.2080375245283,1,1,1,0,270.4624118590036,5.7572000862146515,0,True,-1.107335687467371
MOL02993,GPCR,366.6536813997096,3.6293891829639975,1,4,54.28918143829965,5,2,-5.714915634262142,-1.8435865108127913,3.8713291234493505,3.243525171586728,11.305111697806474,13.57482752074592,0,3,0,1,273.9008447200183,4.705695999955521,0,True,-2.269715822939446
MOL02994,PPI,439.33584435517275,2.687847454755473,5,6,98.57253315956513,4,2,-5.77439661233079,-2.3500215138869796,3.4243750984438104,3.3679799545866533,13.921093502348421,18.728215088604887,6,1,4,1,426.2985980660343,7.192452623561784,0,True,-4.807121586256466
MOL02995,protease,277.7662945714461,0.10198234466673783,1,6,77.64024446404875,3,1,-7.234460672587672,-2.312434198099055,4.922026474488617,2.8325994518878543,8.02431636757745,8.805012235322963,1,3,2,2,386.29633734530177,7.221085216873084,0,True,-0.7806958677455125
MOL02996,epigenetic,529.0640406928799,1.9369083065630155,3,5,72.65909618282032,3,1,-6.452888253512339,-1.984489160000316,4.468399093512023,3.6037035333586616,13.194370962275798,14.36969815017581,2,8,0,2,350.44659202136097,7.99381227257237,1,False,-1.1753271879000113
MOL02997,nuclear_receptor,621.608744147356,0.6792888255119269,1,3,69.33742599894116,5,1,-6.482746302940096,-2.304850560476078,4.177895742464018,0.9531282272754755,12.151147354966394,16.420527705470036,1,5,0,0,500.24475520237456,5.777744013374873,1,False,-4.269380350503642
MOL02998,epigenetic,234.30504673272077,3.632975048482039,3,2,68.02398163869006,5,3,-6.053845290108015,-2.591403457550447,3.462441832557568,2.1799641293977503,9.44662490304412,10.309026115459416,2,5,3,0,530.6766853446352,7.188379571559295,0,True,-0.8624012124152962
MOL02999,nuclear_receptor,440.2722883323804,1.7899440627092833,2,5,101.51225028378964,6,2,-5.541730073571,-2.889404267873901,2.652325805697099,3.674456034447453,14.074511344876647,16.242935944240212,2,7,2,0,418.21670584533877,5.969485736461213,0,True,-2.168424599363565
MOL03000,GPCR,446.84215199070314,2.901992069262206,0,7,93.9648714769145,6,4,-6.408779931098617,-2.890143408591179,3.518636522507438,3.745779629631521,13.718299283375137,15.639998158716642,1,5,1,2,354.58054831708205,8.992361351056315,0,True,-1.9216988753415052
MOL03001,GPCR,344.41225646229174,3.22541980873599,4,5,52.92057639065933,4,0,-5.942155079087106,-1.929878773806665,4.012276305280441,1.4596756372014275,9.64385826990374,12.062908965568019,4,4,0,0,238.90177902160525,7.265702119076775,0,True,-2.4190506956642785
MOL03002,PPI,493.3899880114503,1.0721886780444991,2,5,97.21019665807536,10,4,-6.2940089709022695,-1.9399569561184014,4.354052014783868,3.8152470613529474,15.513902107432962,17.972000677753577,0,8,3,1,526.307920287174,5.430176337233408,0,True,-2.4580985703206153
MOL03003,GPCR,457.0481626503407,3.756707721122918,2,6,80.29648047759454,2,3,-5.961014533841389,-2.2253096013535387,3.7357049324878506,3.471155953826548,12.127040628450398,14.627000139381254,0,8,2,1,481.77641009556487,8.954043022819107,0,True,-2.4999595109308554
MOL03004,kinase,120.0,0.7749135308211395,0,3,40.94892699012551,4,4,-6.284412904700325,-2.2125169585823192,4.071895946118006,1.6969781544221416,7.170258448330166,7.545224435846021,1,5,7,1,586.1732796840088,7.826534527549004,0,True,-0.3749659875158544
MOL03005,ion_channel,305.0595034350412,0.26872336864270485,0,5,70.3500390582544,7,0,-6.400428835180219,-2.269896490304283,4.130532344875936,2.7325927152378306,9.571919501379861,6.598618057190415,0,4,0,1,396.6423805395069,3.565001242095825,0,True,2.9733014441894463
MOL03006,nuclear_receptor,378.3796718430557,1.5636503891796403,3,9,108.68828363913735,6,0,-6.15769854405475,-2.8708960164219572,3.2868025276327923,4.744696754786694,14.640347256500162,12.714859812876096,2,10,0,0,480.87953018247083,7.366716680142865,0,True,1.9254874436240659
MOL03007,kinase,519.9472096160662,-0.42603182892963165,3,9,108.17606307272199,4,4,-7.256487578506992,-3.3959877580934217,3.8604998204135708,5.3796431164068155,17.626926446738587,19.28973504630632,2,5,4,1,522.864705939412,6.25096401563945,1,False,-1.6628085995677324
MOL03008,protease,443.90387849581384,3.1325608621832592,1,2,35.37367753448555,2,1,-5.5185987988806655,-1.5149797350975212,4.003619063783145,1.4961857860485448,9.605882287525352,11.740763817312082,0,6,0,2,340.64720782280267,5.934326182879557,0,True,-2.13488152978673
MOL03009,GPCR,183.85855384238033,2.0558091036726736,0,2,21.80582947592105,5,0,-6.4541267018948725,-1.0974392594781244,5.356687442416748,1.7271482121520862,6.612929247907671,3.5390262876887904,0,7,1,2,373.7838296192067,6.20270502350452,0,True,3.0739029602188803
MOL03010,GPCR,307.0028722280087,0.4648770011736927,3,9,109.72550053733941,5,1,-7.181806972212548,-1.944400519712828,5.2374064524997195,5.861393081041965,14.132771903438577,16.23064722541262,2,1,0,1,313.3922116906841,6.808897223689565,0,True,-2.097875321974044
MOL03011,PPI,418.8903895781421,3.963914554063206,0,6,74.67086937045559,4,1,-6.68377076106911,-1.5868920048507955,5.096878756218315,2.4258373281647536,9.393931058865656,12.663455508953895,1,4,1,1,458.0194710296829,5.531419728758703,0,True,-3.269524450088239
MOL03012,epigenetic,458.2776461352808,1.9648021203777133,1,2,79.08319920215942,2,1,-5.982363852359729,-1.5755226787040457,4.406841173655684,2.7027825518117283,10.183679888504267,11.354558958139098,1,3,1,2,298.2206105056895,6.5978188278818095,0,True,-1.1708790696348306
MOL03013,GPCR,236.63373980686208,1.8981052014304909,2,1,22.532373227479212,5,3,-5.930774182483541,-1.3359702491728407,4.5948039333107005,0.16369919107241193,7.946984123129845,10.14273219640119,1,4,4,1,497.2463443495429,8.936348461662753,0,True,-2.1957480732713446
MOL03014,protease,295.787204623662,2.8675369425296346,1,5,85.90648195574343,9,1,-6.160033089660234,-2.7227680846194118,3.4372650050408224,4.450927471232306,11.947466560160581,12.015351043468012,3,5,1,1,497.6253401639299,7.212682263343897,0,True,-0.0678844833074308
MOL03015,protease,318.9991397174041,4.025170945784215,3,2,20.831710780083995,3,0,-6.120404203213799,-1.8656742426043382,4.2547299606094615,0.9241324285627667,7.958734912365094,8.996817096130236,3,7,0,1,480.4553565446945,8.353039558897786,0,True,-1.038082183765142
MOL03016,kinase,524.0453816778927,1.1174067748071157,2,3,64.34633352766637,4,2,-6.5854610118866574,-2.4783697825227673,4.10709122936389,1.9993670759976314,11.988316600134146,16.604766845043923,3,6,1,2,351.0836905145038,7.189714181200619,1,False,-4.616450244909776
MOL03017,GPCR,329.6356899570509,3.6341069628111375,2,3,42.849700506387904,4,3,-5.672055445896114,-1.626913722427819,4.045141723468295,1.4829673128358007,10.205598911037583,12.960507142828822,3,3,0,1,331.12838884261544,8.124846618281573,0,True,-2.754908231791239
MOL03018,kinase,205.15396930781785,3.0261240598785992,1,5,78.31323016056346,8,4,-6.486723923614571,-2.195586031049443,4.2911378925651285,3.4924597842266825,11.108852685521953,13.854458979663605,1,4,0,0,309.2114385319139,5.502890086301452,0,True,-2.745606294141652
MOL03019,kinase,418.8948655103713,3.4217778364837845,0,6,77.58784343624419,6,1,-5.644281234929033,-2.051913247079199,3.592367987849834,2.9597969057937954,11.739678357090161,13.847080623543748,3,4,1,2,417.7065924778751,7.004596280580677,0,True,-2.1074022664535867
MOL03020,GPCR,377.8457731039192,2.717778185841384,4,3,74.72674396561361,2,3,-6.378324728602824,-2.1022660063514085,4.276058722251416,2.860259726337801,10.299338778854738,12.775550547337769,1,8,0,1,435.5197874767701,7.190644153152702,0,True,-2.476211768483031
MOL03021,ion_channel,489.24699594958963,2.289915551132997,2,5,72.38140914917416,0,3,-6.46666969958664,-2.260290344868444,4.206379354718196,3.1490028859227426,11.910513822173435,14.429909855676877,0,7,3,1,377.1732154104674,8.281275786022489,0,True,-2.519396033503442
MOL03022,nuclear_receptor,267.47833123745767,2.148933754331093,4,4,85.48210738008764,2,1,-5.896334107597337,-1.1840061268339732,4.712327980763364,2.535908593744413,8.497413525967655,8.689377876900918,2,3,0,1,233.09175841237357,5.470166923458354,0,True,-0.19196435093326336
MOL03023,nuclear_receptor,586.6725481174911,4.475845172596755,1,9,60.468626925571805,3,3,-5.638624302068109,-2.232249334643785,3.406374967424324,2.8441045946184906,13.567023023943756,17.78648742997626,4,6,1,0,576.6373635260979,7.797922102297036,1,False,-4.219464406032502
MOL03024,other,212.5934536994612,1.2866307278568057,0,5,71.8447231397997,7,2,-6.4986107583162305,-2.122512863721628,4.3760978945946025,2.8159681766215403,8.203155106746609,9.910777250006532,2,3,0,2,265.76197846720237,6.554709333725515,0,True,-1.7076221432599237
MOL03025,other,226.34732615579466,1.6237562241685206,3,3,66.03430727349999,6,1,-6.572982931858641,-2.031310861922612,4.541672069936029,2.946504629068705,9.017858904131877,10.628261800163903,3,4,0,0,343.3627184998515,4.013382132020659,0,True,-1.610402896032026
MOL03026,kinase,269.4270648850029,2.814578915989942,0,4,73.09696357827022,8,2,-6.177288896054555,-2.3221856911035483,3.8551032049510066,2.6860784325453855,9.207402317174878,8.703847890420949,1,4,3,2,450.97709342873213,7.131321736047527,0,True,0.5035544267539294
MOL03027,protease,229.77075770849348,2.0053393923896454,2,8,123.90010113038018,5,2,-6.157470602651003,-2.8950767522017635,3.2623938504492394,5.166707657202461,12.255563223473601,12.437594302813576,5,9,0,1,362.13229991087036,6.546339397386112,0,True,-0.18203107933997487
MOL03028,epigenetic,458.1269875678721,2.0496774447072132,0,5,78.48558892858038,8,2,-6.441527561175235,-1.9373204915781546,4.50420706959708,2.714818569299329,11.71610763076645,14.73726713102959,1,3,2,1,415.4257687522406,6.945509586452821,0,True,-3.02115950026314
MOL03029,protease,482.67417755975936,2.6538188759794865,0,9,109.93406767923081,5,0,-6.78111398796999,-2.3384568528699776,4.442657135100012,5.443744711963806,13.818459363917661,9.197405939609425,1,3,0,0,287.8728399148295,4.937642224132329,0,True,4.621053424308236
MOL03030,ion_channel,445.5043709220688,0.319632742383432,3,4,41.25394865141214,12,2,-6.4509481703165505,-1.1304164973664013,5.32053167295015,2.566267649774914,14.728158333019433,15.791861886734157,1,3,1,1,401.0668402618758,4.97294400483684,0,True,-1.0637035537147241
MOL03031,kinase,577.8274882733801,3.8993667981746434,2,6,75.76242105579966,0,2,-6.835777549153895,-2.1936420805574683,4.642135468596427,2.9761705262398843,12.322702826305527,11.353887079638596,5,9,2,1,591.3728420675078,10.024063849196544,1,False,0.9688157466669303
MOL03032,nuclear_receptor,344.80192782114705,2.726602321203212,2,8,129.69466924933792,1,2,-6.481263609956009,-2.5080812301009034,3.973182379855105,4.964612193436887,12.766128378087982,13.336803664592132,1,4,2,1,323.42788071773646,8.150551138671577,0,True,-0.5706752865041498
MOL03033,kinase,317.6611264111114,0.8030637326151553,2,5,76.71990875348749,5,4,-6.238474020269514,-2.0151881389345676,4.223285881334947,2.495439989089511,10.353830335381026,13.607333052726526,1,7,3,1,510.46598276520285,8.277765933603453,0,True,-3.2535027173454996
MOL03034,GPCR,359.6420054362162,1.1730871062392867,1,6,66.84877966362157,2,2,-6.166406488561554,-2.0949936725058897,4.071412816055664,2.8291228542511635,10.387174231400357,11.58465124384355,1,5,3,1,397.1765278062494,5.521980920149122,0,True,-1.1974770124431942
MOL03035,nuclear_receptor,302.1216129581697,3.849874205519181,2,6,92.47756414611258,3,1,-6.813551645514795,-2.3392434757058127,4.474308169808982,4.679801028705082,11.771990998872065,9.88927671935982,2,4,1,1,321.9930562883011,6.716431722617798,0,True,1.8827142795122445
MOL03036,protease,357.2355119935085,1.2365524320349683,1,5,58.08441829140779,6,4,-6.201627956780633,-1.7535932227334758,4.448034734047157,2.548696936314975,11.849554569523427,13.370361226810296,0,6,0,0,323.34306424515347,6.495915523393514,0,True,-1.5208066572868688
MOL03037,nuclear_receptor,354.472440143459,3.5712673704414315,1,1,44.01968600367202,5,3,-6.113462160188761,-1.6064256961277856,4.507036464060976,1.0360475752235117,9.507075373100667,13.206084130835352,1,11,6,2,567.8276958884856,8.42678631762669,0,True,-3.699008757734685
MOL03038,ion_channel,602.3994398652287,5.241700917729337,2,4,58.45986409721101,4,0,-5.642956630259998,-1.733704871452674,3.909251758807324,0.9332457093228179,13.198240113376233,17.116210051548663,0,8,1,2,367.05043537580787,6.3754569389000135,2,False,-3.91796993817243
MOL03039,protease,363.40596950331474,3.561150693798486,2,5,76.32584810274287,2,2,-5.8093725444182756,-2.2443605039454257,3.56501204047285,1.9545530725752016,9.752445806811853,13.858318445251165,1,6,3,1,348.63437990540837,8.646909361003598,0,True,-4.105872638439312
MOL03040,epigenetic,290.0955660089986,3.203104334664208,1,4,66.68907313992405,5,4,-6.7154791352738465,-2.6067993351095984,4.108679800164248,2.8141398404666176,10.471178652565113,13.658042285821338,3,5,4,0,457.774860515931,7.936009518018534,0,True,-3.186863633256225
MOL03041,kinase,582.9334547034983,2.7710997765614014,3,6,101.92657112624026,6,3,-5.782901535696624,-2.572268072775614,3.2106334629210096,3.3155062355975184,15.586867358477006,17.02027607821822,1,2,0,1,272.6939892922062,6.15413178226478,1,False,-1.4334087197412142
MOL03042,kinase,354.42482702005543,3.44276850254897,1,7,87.66199834264106,7,0,-6.364023289212512,-1.3831447620323356,4.9808785271801765,2.6744967984917567,10.858148944735671,13.828457600840807,1,6,0,2,359.79749156659443,7.078720776988355,0,True,-2.9703086561051357
MOL03043,GPCR,282.8619754427656,2.0456798918482644,4,5,87.78843268912856,3,2,-6.8612891402906335,-1.850551620759108,5.010737519531526,3.086287809349896,11.081613861719667,13.02750820327835,2,2,2,2,256.07595523634257,7.056666889630255,0,True,-1.9458943415586827
MOL03044,PPI,384.79882290877,3.1276287364826483,0,6,56.01630424970574,5,3,-6.3386037347661945,-2.4417505550763416,3.896853179689853,2.4341398073682465,10.413877701846966,11.852325003285651,1,7,0,0,428.22673031110344,6.5547920248162965,0,True,-1.4384473014386856
MOL03045,GPCR,342.50380575624024,3.693630344855319,4,6,94.14431661482735,9,2,-6.539502043834315,-1.76537619886106,4.7741258449732555,2.780929671137516,13.786495003586925,14.205124007696782,1,6,2,0,454.9465284952857,7.108983092643865,0,True,-0.4186290041098566
MOL03046,kinase,429.04726867368487,1.5641087083121283,1,10,100.8284378464178,8,4,-6.535343824809204,-3.2823780723557103,3.252965752453494,3.249912521009859,13.81736589964111,16.301323407170045,2,2,4,1,461.80419694660634,8.603225998329833,0,True,-2.4839575075289346
MOL03047,PPI,499.4470733412449,0.5150669447097105,0,6,85.1958765305748,4,1,-6.562163643144945,-3.2780923060951936,3.2840713370497516,3.9977154824310155,12.179911643560024,14.446327988169669,0,3,2,1,268.5330481967279,5.601111592763991,0,True,-2.2664163446096453
MOL03048,kinase,392.61911769271023,1.7342433207593133,1,6,86.82499753588563,6,3,-6.218033108359662,-1.8088814372714372,4.409151671088225,3.998108673625523,12.85421758761111,13.984738368486447,1,4,1,2,425.6903966095945,7.189593275240075,0,True,-1.1305207808753366
MOL03049,epigenetic,513.2163405729123,1.7332014599548717,4,0,28.675078308044604,3,1,-6.212952604982839,-1.2321808103184586,4.980771794664381,0.4349440596641634,9.22932621055634,10.465485804256328,4,8,1,1,472.4532459714862,5.1574020272691286,1,False,-1.2361595936999876
MOL03050,GPCR,415.12307554440235,3.4495694429213257,2,4,79.91852249988952,2,4,-5.72221731475872,-1.8110207943437877,3.9111965204149324,4.410288764008133,12.828641166511215,17.521200065950786,3,5,4,1,488.6196820784071,9.063543909905675,0,True,-4.692558899439572
MOL03051,GPCR,405.88039710601623,1.8964409970595808,2,4,20.67008378264871,3,1,-6.388275072165307,-1.1631782944963671,5.22509677766894,1.6638522855769393,9.364781786332957,13.696950132282451,0,3,1,1,275.700300563399,4.760575341906877,0,True,-4.332168345949494
MOL03052,PPI,422.4189205696134,2.1715111791560693,0,7,100.1416979541797,7,2,-6.338044338922503,-2.5184480713408965,3.819596267581607,2.431602628158213,11.058436346647103,13.428586659811472,2,2,1,1,235.33521865522314,6.986374500455508,0,True,-2.3701503131643697
MOL03053,nuclear_receptor,632.2721117172779,3.095042683583433,2,9,95.09250289445716,5,2,-6.5313595484388385,-2.0895527219754766,4.4418068264633614,3.7559263460783194,16.70828241380649,18.9254556037963,0,5,2,1,294.57336033587546,7.073078002276452,1,False,-2.2171731899898113
MOL03054,kinase,457.40753134418566,3.16781270834949,1,4,43.763222213645605,5,3,-6.541319180333176,-1.652648803518309,4.888670376814867,2.5889857109691405,11.676733465358998,12.082370226313175,2,6,4,2,553.009010703159,6.851493742762891,0,True,-0.40563676095417733
MOL03055,kinase,230.55940665359287,0.544913723813159,1,1,52.397967337752505,4,5,-5.7519239568543385,-2.686632393556457,3.0652915632978814,1.088211474235939,9.12505309987874,9.240138060115969,1,5,4,2,416.5863501636629,6.347456146827441,0,True,-0.1150849602372297
MOL03056,other,389.30912702204114,3.893462593940582,0,7,75.14650620292214,3,1,-5.730669953877058,-2.0154916586425964,3.7151782952344616,4.0617469034544245,10.011515763382535,9.269264054912657,2,6,1,0,405.5606608538953,5.612606767294244,0,True,0.7422517084698779
MOL03057,kinase,396.60295835472454,1.3378541408659437,1,6,59.574732203218815,5,0,-7.008356982112989,-2.2508103409250086,4.7575466411879805,2.7521228954634247,9.971380961726513,9.278740690561731,2,2,0,2,358.82299791497024,6.784628065966493,0,True,0.6926402711647821
MOL03058,ion_channel,330.6797079773502,0.6225558412150085,0,4,56.80296656516778,7,2,-6.264002392821937,-2.78440032516675,3.479602067655187,1.6725926867789118,10.191454463882655,13.247972776980813,2,1,0,2,238.6263376426012,6.281768380493229,0,True,-3.0565183130981577
MOL03059,GPCR,365.13474126516815,3.6740286003377105,0,3,31.77555386206678,9,1,-6.553624481999508,-1.4162178224451314,5.137406659554377,0.918517135391924,10.229244817182643,9.703999576331672,1,8,0,2,414.1601347279076,7.338306572606604,0,True,0.5252452408509711
MOL03060,protease,315.49937162852984,3.5989042820314623,0,6,60.90395365314408,1,0,-6.004816202786408,-2.276158805716323,3.728657397070085,3.323554968424869,7.979246488138659,6.486369760572199,1,2,0,1,254.8045372515759,5.079152696967869,0,True,1.4928767275664603
MOL03061,PPI,293.70985696508814,2.921752021931065,0,6,75.41061960054166,2,3,-6.405839331370429,-3.0673293037681546,3.3385100276022746,3.1289799896552695,9.445908448519692,9.00730392015241,0,4,3,1,428.13523221501356,6.053806994203459,0,True,0.43860452836728214
MOL03062,kinase,444.7351060711716,4.9791694954896,1,4,70.60419370470586,7,0,-5.375193018060043,-1.5101256411273318,3.8650673769327106,3.524684896716142,12.311830738011762,13.283464955314468,0,2,0,2,240.77205372461896,5.0787617351409535,0,True,-0.9716342173027055
MOL03063,protease,440.08699457431453,-0.8240937064590326,1,5,97.04136336510204,4,2,-6.61209950058139,-1.978435509874586,4.633663990706804,4.6559235441977735,13.432593006886815,13.040957881175688,2,5,0,2,324.085667918064,6.765788556896546,0,True,0.3916351257111277
MOL03064,other,370.9332601482057,-0.23043741915179572,0,4,45.80470271964304,3,1,-6.877597808304802,-2.1851844834845577,4.692413324820245,3.4283507490545064,9.96057853807867,9.855176913593954,0,4,1,1,328.9076848377008,6.344672870910657,0,True,0.10540162448471513
MOL03065,other,446.0411709111803,1.043022514309472,2,5,43.60644987549986,6,1,-6.742448072441239,-2.436383800851575,4.306064271589664,2.1820547567035797,11.927005423734068,15.335637250600017,1,8,0,1,223.6815110970728,6.346376972562041,0,True,-3.4086318268659497
MOL03066,GPCR,396.106251208506,0.47409664034220445,3,5,78.64881022726792,3,3,-6.4989095382715,-2.275497880627535,4.223411657643965,3.2641318975445435,12.81032371879553,14.378462918173419,2,2,0,1,344.9745550774765,5.605813603543725,0,True,-1.5681391993778888
MOL03067,GPCR,465.8707236609551,3.4491192649605984,3,8,105.31493565882647,4,5,-5.902016180507984,-2.914890988032905,2.9871251924750792,4.449276413573944,16.77417539601419,18.713694960492923,4,6,4,2,623.1508200138925,8.36078966173362,0,True,-1.9395195644787329
MOL03068,epigenetic,271.04804223793917,3.7867152188664583,1,6,99.51547702467464,6,5,-6.021926754700907,-2.416020648267019,3.605906106433888,3.79469530594514,13.141781812770352,13.995438728264348,0,11,0,2,510.5371734856213,6.223656472559615,0,True,-0.8536569154939961
MOL03069,kinase,315.2208017584722,2.352542290324624,2,8,116.61449394535927,4,0,-6.132008649563888,-2.562235368911991,3.569773280651897,3.5491195939233626,10.29930880164209,10.260058762448008,5,5,0,1,475.08714909015555,8.006687260081108,0,True,0.039250039194081765
MOL03070,protease,396.20618122780354,4.969187706063831,2,6,90.3626381959581,3,5,-5.741964898212321,-2.7064060742551086,3.035558823957212,3.415229926904278,13.133160773434712,17.688278830549844,1,13,1,0,496.79849186021005,7.648303025849846,0,True,-4.555118057115132
MOL03071,ion_channel,328.94576813475385,4.563307993436162,3,4,75.31469272700554,2,1,-5.376073031110066,-2.14364644659674,3.2324265845133264,5.0785300152299335,11.539629013917109,11.329994316030673,0,6,1,1,393.2114978655144,5.663983890102561,0,True,0.20963469788643607
MOL03072,kinase,336.2439298901578,3.9862082318983756,3,3,56.27514312996068,7,1,-6.1406705035436016,-1.5810497362738085,4.559620767269793,3.0426440757266993,10.852963396792866,11.675029375171636,0,5,0,1,414.5326056683457,6.279483237553201,0,True,-0.8220659783787703
MOL03073,GPCR,496.3824710078477,2.660706113873231,0,4,34.65777452168118,1,2,-5.324409940902376,-0.4074032818834097,4.917006659018966,2.659608816536444,9.566465122032014,13.604721022618868,0,5,3,1,471.04948160346044,5.73444149367115,0,True,-4.038255900586854
MOL03074,epigenetic,446.14444775558854,4.544083727484206,3,4,59.07898767985323,3,1,-5.532340225124484,-0.949661088775441,4.582679136349043,1.9298540026655628,10.476711670612154,12.038128488040538,2,6,0,1,318.36173301000133,7.00017515540577,0,True,-1.561416817428384
MOL03075,GPCR,344.2831780528691,3.0712722814515083,0,4,39.93449644551099,8,1,-5.27064380815513,-0.9149107156575241,4.355733092497606,1.3559179526235354,9.59880527105969,10.206979285824655,1,8,3,0,514.2956577488582,8.442902714626923,0,True,-0.6081740147649644
MOL03076,kinase,302.23809392682483,-0.046190871139038414,1,5,69.12317977745516,4,1,-6.898511942380088,-2.36834922625711,4.530162716122978,3.2571994159185365,8.97072955794828,6.71923114204515,0,5,1,1,391.23122785509327,4.841753098416791,0,True,2.2514984159031304
MOL03077,protease,364.8285181667529,0.1619255740448322,1,3,55.89641183582624,6,1,-6.319098807819112,-2.2914805849643134,4.027618222854799,3.521705748340911,10.901470890335858,9.920746336773012,1,3,2,1,407.62896604889033,6.036328813342763,0,True,0.9807245535628457
MOL03078,nuclear_receptor,429.50181343159414,0.41665261761044947,1,7,81.19194819751175,6,5,-6.967503111280547,-2.2915651895964717,4.675937921684076,3.4275775812593663,12.834725484947999,15.283408090308482,1,8,1,1,424.5095051509174,7.136041799421976,0,True,-2.4486826053604833
MOL03079,nuclear_receptor,479.8696206072676,1.5302655765393254,3,8,98.2640278985467,1,1,-6.347004097841957,-1.6003504786678437,4.746653619174113,4.681645983113589,15.482981461183629,16.407465645602915,3,4,0,1,400.566396599347,6.303736242405666,0,True,-0.9244841844192866
MOL03080,kinase,278.7660929260495,2.3009401312223177,3,4,71.52046856281798,4,1,-5.608291232086835,-1.6621678618951223,3.946123370191713,2.97970208779671,10.259848733995007,9.95992098000143,1,7,0,1,348.28896532108195,5.714358665414094,0,True,0.2999277539935772
MOL03081,protease,264.7667978357325,2.9320260679952024,2,6,97.38189727655751,6,3,-5.6824264281907,-2.621348830319514,3.0610775978711864,3.343874802072909,11.9099054492466,11.949839897855346,4,5,0,2,468.6885727177118,7.484073410048963,0,True,-0.039934448608747175
MOL03082,kinase,428.51658429996,2.5356749941283647,1,6,51.10638217265476,5,0,-6.726791267093347,-2.062821521896263,4.663969745197084,2.330386548456851,10.583274719957158,10.709442980595083,0,8,0,1,412.66088454124787,6.540540778617006,0,True,-0.1261682606379253
MOL03083,kinase,239.87384588092374,5.1965235664051,2,7,84.1977614792037,4,0,-6.10977476685604,-2.0287164170889356,4.081058349767105,1.8113167674800985,8.941554275944435,8.34049129997231,0,5,0,1,347.50380050083294,5.720861262391556,1,False,0.6010629759721251
MOL03084,kinase,120.0,3.3591340788437325,3,4,73.40895132145708,3,1,-6.203157913888727,-2.154080184614458,4.04907772927427,2.406198209788502,7.020816966482689,8.202061508254905,0,8,0,1,510.12486325385566,8.349767754503667,0,True,-1.181244541772216
MOL03085,nuclear_receptor,373.1935417659075,0.6076301666603565,1,4,49.090287359025446,4,4,-6.516183477858139,-1.37031474750754,5.145868730350599,2.083376463872325,10.825703934347366,14.251118992120578,1,4,4,2,557.3284096437942,7.316531096228834,0,True,-3.425415057773211
MOL03086,GPCR,268.4675216204911,0.8858317570292464,7,2,49.820409209067186,4,0,-5.3186607221558635,-1.294976793287942,4.023683928867921,2.7782214518671133,9.352889769078619,11.13162303080854,0,3,0,1,319.10709581507945,4.907698686570928,1,False,-1.778733261729922
MOL03087,PPI,469.6041476628185,1.126386252939448,2,3,36.79487622538438,6,0,-7.07512099078129,-0.771570867962438,6.3035501228188515,1.7519503260990479,10.959862079495059,12.261946488573239,2,4,0,2,387.7587251756116,6.808249260011089,0,True,-1.30208440907818
MOL03088,protease,370.0474451963637,2.3718458301400513,1,4,50.72806028292875,2,2,-6.4525723811345905,-1.855274680157691,4.5972977009769,2.8704419640972643,8.95770508661251,7.476009464015823,1,3,1,1,404.4857561537496,5.719750634112905,0,True,1.4816956225966873
MOL03089,epigenetic,371.7727514223343,1.9956516277978142,2,10,111.69974676119043,3,1,-5.764024204127368,-2.4689453553229703,3.295078848804398,5.675836543998412,14.852377801329952,15.238007741454476,1,4,0,1,321.12753994947946,6.5075276993748625,0,True,-0.3856299401245238
MOL03090,ion_channel,120.0,1.3465224394256785,0,7,80.88448143767256,7,3,-7.277776557377871,-2.455125300385444,4.822651256992428,4.005769800611146,9.054797657033118,9.16880629417033,2,3,2,1,477.5373988842032,6.293691881516467,0,True,-0.11400863713721243
MOL03091,other,369.6003580670162,2.641243079957548,2,6,65.35913631452883,8,3,-6.261171837285285,-1.7218358194078098,4.539336017877475,3.8682983974509133,13.514550347532996,15.71818818942319,1,4,1,0,391.3991409030878,5.761595096469342,0,True,-2.2036378418901936
MOL03092,GPCR,468.1164981142834,3.0834585078297483,4,7,106.86291261465787,1,2,-6.853085042367968,-2.503618127635117,4.349466914732851,3.889036896551346,14.158235182922457,17.883548701016732,2,4,2,0,516.9660039449475,6.167476302898481,0,True,-3.725313518094275
MOL03093,kinase,416.686867287231,4.353792445461751,0,6,76.34580074350617,6,2,-6.006553792164599,-2.4271822975081965,3.5793714946564026,1.979618165600741,9.824172521353905,12.004335455703412,0,6,2,1,527.4963610193121,6.5405416580545905,0,True,-2.1801629343495073
MOL03094,GPCR,267.3268273051668,1.3882594047137655,1,5,47.810209551617945,5,1,-6.337798801749732,-1.4398243806688735,4.897974421080859,1.6890765784957977,8.268009585879451,8.864924776635347,1,1,1,1,201.92149881198844,7.377593100525288,0,True,-0.5969151907558956
MOL03095,ion_channel,425.8902246080163,0.41329848679050407,1,11,115.21388773011107,7,3,-6.537900154372255,-3.1086546645204756,3.4292454898517795,6.269048194190443,16.91223083175936,17.546872847343828,2,7,1,1,490.6755115261851,7.875699385975457,1,False,-0.6346420155844683
MOL03096,epigenetic,297.08446796921595,1.6659755707502863,1,11,135.69820239110308,8,1,-7.1633855938251605,-2.758847946181782,4.404537647643378,4.573760938083588,13.054916293027402,12.74159484190551,2,4,1,2,423.2253195541812,5.963186456118693,1,False,0.313321451121892
MOL03097,kinase,452.54911723511435,-1.2993977473066436,4,4,71.87368497647397,3,2,-7.230277557011365,-2.12428132679057,5.105996230220795,3.0881722952573187,11.958497252436928,12.817186436821016,2,2,2,1,418.3104242886083,7.763415022191952,0,True,-0.8586891843840885
MOL03098,epigenetic,315.87050264835773,0.4571998869114977,1,4,74.19556521654265,3,2,-6.423270071508832,-2.1097218374208095,4.313548234088023,2.966127742727506,9.893382005558996,10.388093123033306,2,1,2,1,299.6821495636875,6.4541258529463015,0,True,-0.49471111747430996
MOL03099,nuclear_receptor,386.5075761982104,0.47845593144587273,0,6,80.31109816378437,7,4,-6.799115330139822,-2.771102027512517,4.028013302627304,3.3584470725882802,12.85699723885965,18.351969720727926,0,3,0,2,331.22256266298336,5.423118179641853,0,True,-5.494972481868276
MOL03100,protease,526.4603549827129,0.0041072739518246415,0,4,58.934551481878046,8,2,-6.492759465552393,-2.453742658803016,4.039016806749377,3.108988450890225,13.57040416903187,19.222709417740344,1,4,1,2,476.1158430153606,5.8363063686762215,1,False,-5.652305248708474
MOL03101,PPI,448.54265373599577,2.827420419619369,2,5,68.90138172209906,5,2,-6.237420669678067,-1.9552638728333152,4.282156796844752,4.146475435854386,14.038104285052855,13.196971619292885,4,6,3,2,585.3285946062309,9.120089988507628,0,True,0.8411326657599698
MOL03102,protease,537.9717305227075,2.606565611860073,2,2,32.04221393309638,4,2,-5.615128434248326,-1.1299066931174035,4.485221741130922,1.4770277340710969,12.266300341579154,12.82547990294049,0,4,1,1,292.3913900674609,6.800540847174513,1,False,-0.5591795613613364
MOL03103,protease,389.4383990345899,3.0236002393789594,2,4,77.64807389973666,2,2,-6.84797481577375,-1.7570749418188625,5.090899873954887,2.6207612518785472,10.469934638217556,14.782094728510359,0,9,1,2,465.514392082951,7.412057942431244,0,True,-4.312160090292803
MOL03104,other,251.60754513693365,1.2426662349897637,4,5,102.19978649203416,2,2,-6.213389356533,-2.0442754331617823,4.169113923371217,4.7237941972190285,11.449523164650168,11.564359719921821,0,3,3,2,358.04073964529664,6.824750392401094,0,True,-0.11483655527165304
MOL03105,PPI,291.21192521582026,0.7976330407008863,0,6,60.958198085220516,8,4,-6.904865966846887,-1.8479660189871856,5.056899947859701,1.519224987940353,10.711493553110381,10.05996036684371,0,6,1,1,337.4123950858754,5.092201137250514,0,True,0.651533186266672
MOL03106,nuclear_receptor,482.4777454722914,1.4071013587132875,0,3,40.28342959700702,4,1,-6.641695381155115,-1.2785228803397328,5.3631725008153825,3.374502639146555,11.150374445228714,14.870897693914234,1,2,1,1,454.0078711064903,5.756493285400943,0,True,-3.72052324868552
MOL03107,kinase,286.00537809871815,1.930635365119814,2,1,26.5713231194299,2,3,-5.828736126890275,-1.7636194277285702,4.065116699161705,1.3881856994366117,8.206306406812478,8.273173361076338,0,9,1,0,524.4113808144432,5.606554725264438,0,True,-0.06686695426386002
MOL03108,kinase,248.18541108241186,-1.0160127786764948,1,1,48.75709016478854,4,3,-6.499984236033807,-2.0586867550770878,4.441297480956719,1.8029490545599347,8.558372667014355,8.394158843597086,1,3,2,1,313.60108790672024,6.034048533552482,0,True,0.16421382341726876
MOL03109,GPCR,344.336205789843,2.2236899955340217,3,4,73.60476011172638,5,5,-5.789172254731728,-2.434739968243108,3.35443228648862,3.4269915972978358,13.19998603509195,14.273844039547273,5,7,3,1,547.7608769614375,7.725751250275149,0,True,-1.0738580044553228
MOL03110,kinase,197.88285373015637,1.1990488746894479,1,13,127.51193776827948,8,1,-6.9453520752409,-2.9797577200032617,3.9655943552376387,5.576480535151318,12.952008012917851,10.125137298633202,2,6,0,0,514.4230836006255,6.647803433519692,1,False,2.8268707142846488
MOL03111,protease,249.45888853668242,-0.42312745261540163,3,4,83.65613799606551,7,2,-6.961681373241807,-2.6236554533273804,4.338025919914426,2.530064022583496,10.007931268493287,10.347323821048095,3,5,1,2,465.88067367777484,6.783602223610792,0,True,-0.3393925525548074
MOL03112,PPI,318.76216466828583,1.752992390832651,1,5,74.71424555054158,9,0,-6.664469940095794,-2.2302083129923616,4.434261627103432,2.0037923105347195,9.877252369917795,11.90462289416147,4,4,0,2,309.47395848329336,4.264683131900871,0,True,-2.0273705242436755
MOL03113,PPI,120.0,-0.7803131351355628,2,2,11.28284021048102,5,1,-6.018787717902719,-1.5289207646384664,4.489866953264253,1.8828018095898404,7.129236914628885,8.79116836946201,2,1,3,2,318.16578055367864,5.824106681801416,0,True,-1.661931454833125
MOL03114,protease,421.42745423444217,1.5229785086025664,0,2,67.07074293341454,4,1,-5.412559766527863,-2.4206002977083725,2.991959468819491,2.0142007570178406,9.993709258244943,12.308332664176419,0,5,2,1,436.6067834544195,6.293729145189223,0,True,-2.314623405931476
MOL03115,GPCR,288.5286666373579,5.1622960639972675,1,1,44.08336531593304,5,1,-5.900790588241582,-2.5686821994268474,3.332108388814735,1.020641786244235,8.492910504556585,10.240393533123036,0,7,0,1,270.8878944232091,6.524870913394827,1,False,-1.7474830285664513
MOL03116,protease,385.352304570181,5.063100741110284,1,6,71.89628616198124,6,3,-6.259201124783617,-2.6842056759581903,3.574995448825427,3.554646392583716,12.880059746692421,13.296781597725847,1,8,2,1,542.1315325091753,7.065938436450742,1,False,-0.41672185103342585
MOL03117,protease,427.2225750091532,0.29754324697289913,1,1,34.72065145955708,7,3,-6.593066880039171,-1.3591572281769597,5.233909651862211,0.7104063398307341,11.318310862970897,12.3070642428792,1,1,3,1,352.6448521393269,7.559397315466163,0,True,-0.988753379908303
MOL03118,ion_channel,474.3794061812445,1.2667501908595147,3,6,77.65178007591416,3,2,-6.055520696684558,-1.719318019172484,4.336202677512073,4.949732224263996,14.49004761502096,17.453480939019485,1,2,3,1,410.17348455535875,6.520129199573635,0,True,-2.963433323998526
MOL03119,other,329.4156016861499,2.8635174714893155,2,3,69.96595570955306,4,1,-6.354838093934205,-2.1335787284227483,4.221259365511457,2.367541265344192,9.7243566748685,9.569176863744143,1,10,1,2,615.5324732298905,8.098543467466122,0,True,0.15517981112435741
MOL03120,protease,395.02161318170425,2.990762997838644,2,0,22.018534998250168,5,2,-6.532735069467095,-0.8243558643452248,5.7083792051218705,0.4304195089148689,10.148713058337094,10.826185018911804,2,5,1,1,309.2639759203728,7.554159873989895,0,True,-0.6774719605747102
MOL03121,protease,266.0329841593039,3.3305793330551543,3,7,86.77533771257296,11,1,-6.049509643873454,-2.1562800736733934,3.8932295702000603,3.965068186845714,13.40106564868053,14.365054720651234,3,6,0,2,447.30785556649175,6.617951035099638,0,True,-0.9639890719707029
MOL03122,ion_channel,355.6360879827878,1.9550630758184968,0,4,55.497973327624784,3,6,-5.726928219193107,-1.563486606840069,4.163441612353038,3.743248897947213,11.184150430817876,12.337059720072025,1,6,3,1,392.36104345369716,5.156293088779551,0,True,-1.1529092892541488
MOL03123,kinase,405.4148253664099,1.274850361987491,2,4,67.44572659409314,11,1,-6.419773748096073,-1.8870312763530457,4.532742471743028,3.493775950892042,12.704547452592278,15.816785483981958,3,4,0,0,373.279595056738,5.9991386765864725,0,True,-3.11223803138968
MOL03124,other,199.20772954652998,3.367203790250986,4,6,92.34873931314509,2,1,-6.528625598133799,-2.548048702762767,3.980576895371032,4.705731467771717,10.491744316768653,9.474274095348028,1,7,0,1,430.2620971088444,5.514888382220368,0,True,1.0174702214206253
MOL03125,PPI,264.82794059825125,3.6361275115953955,0,4,69.54296741358507,6,3,-6.018330887831401,-2.307341604768027,3.710989283063374,2.991486235084251,10.27956745979846,9.42910304052644,0,4,4,1,398.3210541757287,8.456584511668819,0,True,0.8504644192720203
MOL03126,GPCR,335.006365511939,1.4049023814593646,0,10,104.96455025608621,5,4,-6.016971469479938,-2.511456117321496,3.5055153521584423,3.7289412983596577,10.746200841854769,11.415351946485323,2,8,2,1,511.8360146424505,6.777963929004569,0,True,-0.6691511046305543
MOL03127,protease,541.9635940980138,1.4986862266044727,2,7,83.03341090870823,3,5,-6.321813827255277,-2.898934875265415,3.4228789519898624,4.29187637639222,15.519845348404582,16.45931986570301,2,5,3,1,371.4541398917228,5.444783649536937,1,False,-0.9394745172984269
MOL03128,GPCR,214.42397268055916,4.165389561805142,5,5,95.3521950081936,3,2,-5.544328081821129,-1.5944716281028743,3.9498564537182546,2.4713762108219157,9.553367911999969,12.610168478828456,1,4,0,1,307.02491498725647,5.99190455280036,0,True,-3.056800566828487
MOL03129,kinase,364.58211658620456,4.425196618621474,1,4,58.071074444674245,6,3,-6.314311406616883,-1.5805374292161338,4.73377397740075,2.011642887860549,10.594149094245287,9.349321301908258,2,5,2,2,476.5880094436159,7.8229122760359635,0,True,1.2448277923370288
MOL03130,kinase,436.33216336039294,2.131838712525079,2,4,86.03416097719524,5,0,-6.149070705108837,-2.5986688084751357,3.5504018966337014,3.582101598375936,11.53082024674756,11.88390095419444,1,3,0,0,301.002631165351,5.579092697939327,0,True,-0.35308070744688
MOL03131,ion_channel,286.4562360902203,3.067019845332853,1,4,69.60352899423978,9,1,-6.585090551111621,-1.197718391466549,5.387372159645072,3.1743529580762044,10.166264217995124,11.102301823419072,2,1,0,0,266.8651150337449,6.654873544162724,0,True,-0.9360376054239481
MOL03132,kinase,230.29510070033422,2.8615652490093297,0,7,79.98915306749852,3,4,-6.654546799685589,-3.897245320641148,2.7573014790444406,3.2297045855844444,9.668586359461596,9.23831085134224,3,7,1,1,441.42596856916265,7.267263854421977,0,True,0.43027550811935633
MOL03133,kinase,472.3818016458243,3.2507017379944485,1,5,74.49236158132358,4,2,-6.07549919775983,-1.3284544258233255,4.747044771936504,3.2040558712418514,11.58561888762278,12.264870448991555,0,9,1,1,532.1186858978284,6.682302672649538,0,True,-0.6792515613687744
MOL03134,kinase,146.8151089315301,6.009398407605729,1,2,54.38877234337217,5,0,-5.930461732244249,-2.0827484311534032,3.847713301090846,1.6401546122808448,7.829394803620307,7.7068372456237,0,14,1,1,452.2416261567074,7.727304312756199,1,False,0.12255755799660673
MOL03135,ion_channel,414.27994929348046,1.151170608682809,2,4,51.73613812979177,10,3,-6.54688515186241,-1.3004660743321041,5.246419077530306,2.751187076158492,13.121016586159138,14.578386254497813,0,6,0,1,513.2746847712692,5.001533661320786,0,True,-1.457369668338675
MOL03136,nuclear_receptor,350.89508517591327,3.109362301514183,4,4,81.44496845653556,2,3,-5.927766355655874,-2.2966750322295852,3.6310913234262885,2.5502969866815346,11.056354223247913,14.009304057318012,0,8,0,0,350.3773571745552,6.462012793484869,0,True,-2.9529498340700986
MOL03137,other,192.87850004109143,5.090796907496834,0,5,77.40035887328327,6,3,-6.090385671982192,-1.907733664924244,4.182652007057948,3.4879935445203376,8.882095498289603,9.280529520657765,0,6,4,2,463.3769241465388,7.286953080533291,1,False,-0.3984340223681624
MOL03138,protease,344.16725190243324,2.9640300030684537,2,7,91.2907879126033,4,0,-6.691472756094165,-2.0920086312400783,4.599464124854087,3.4261568546228998,11.064159132848893,9.434713783774367,1,3,0,1,278.1741627555344,6.4013540086794585,0,True,1.6294453490745262
MOL03139,ion_channel,424.87160142515023,1.3568182363626857,2,6,117.46483116924449,7,1,-6.190428213862259,-2.409359643542798,3.7810685703194613,4.817259796442641,14.541106573577142,17.144715902119703,0,1,0,1,237.50562216681982,6.2390906882841515,0,True,-2.6036093285425608
MOL03140,kinase,337.8784201847067,2.0634196078144065,0,2,17.113093522645134,7,1,-5.710175348910585,-1.534787216175783,4.175388132734803,2.0517673272366017,9.278993217826171,11.39680487862303,0,3,0,1,262.7699527756764,7.636765055634119,0,True,-2.1178116607968587
MOL03141,kinase,419.9344349169754,2.8591161947854595,1,4,84.21247639165364,2,0,-6.06117504948842,-1.751193605070044,4.309981444418376,2.6928754971994846,9.25467484011471,11.433632362348755,0,3,0,1,277.7749234002916,7.226715571210377,0,True,-2.178957522234045
MOL03142,GPCR,356.47348621223074,2.7049775501777558,1,2,43.21647024462139,5,0,-6.426569638354134,-1.644559486870571,4.782010151483563,2.321883803739505,9.652416641813675,10.419562300703646,3,6,0,1,428.12686541840395,7.085839581468671,0,True,-0.7671456588899712
MOL03143,other,397.48006367313974,5.280836142146899,1,2,52.102178246215004,3,1,-5.385779968037122,-1.847709470211433,3.538070497825689,2.876597078113302,10.553347364556663,12.89578256195949,2,4,1,1,366.46697099912166,5.701030065747551,1,False,-2.3424351974028266
MOL03144,GPCR,372.1541100107953,2.1077363004248113,0,2,25.930396479181642,1,1,-5.511895820280595,-1.6380204601729482,3.873875360107647,1.9217856345837527,8.382894504747744,7.008056634411256,0,8,0,1,599.0816656582891,7.216316598313272,0,True,1.3748378703364885
MOL03145,ion_channel,293.762620009418,1.3247430647167528,4,7,90.80311544018349,6,1,-6.1256051697654526,-2.2996703574901387,3.825934812275314,3.580679075178642,13.047726431492636,16.020163233375076,3,6,1,2,464.64978441319204,6.259219451047006,0,True,-2.9724368018824396
MOL03146,GPCR,382.7218472962413,2.743156754922084,2,6,109.93762460355704,3,2,-6.308916445476526,-3.8590790523744687,2.449837393102057,5.169344766524472,13.8972522993929,15.861298648979748,1,5,0,1,308.78392366796373,7.41230752790677,0,True,-1.964046349586848
MOL03147,kinase,157.70149642968718,2.0692754734626417,4,4,61.687862982973826,1,1,-6.68123401262519,-0.41784380154832546,6.263390211076864,2.804932635258606,7.100271983602718,5.548835035474058,3,6,0,2,435.33325532611104,6.371293522760547,0,True,1.5514369481286598
MOL03148,protease,254.20253579481874,1.7679315086036138,3,3,57.33112787340963,2,2,-6.723914714807414,-1.8698309617120568,4.854083753095357,3.4048364523402355,9.438257246413203,8.845924927751739,0,2,2,2,311.21053254352626,8.056205515621016,0,True,0.5923323186614642
MOL03149,GPCR,241.22623271411157,0.7064147668928091,2,4,85.15898869585308,8,3,-6.552282157881097,-2.1752778725810473,4.37700428530005,3.4859977682427723,11.161738735854234,15.043245690511124,0,2,1,0,346.8566368434452,3.9526280495334256,0,True,-3.8815069546568903
MOL03150,kinase,504.7333257245544,1.384641577597116,2,6,94.12685820114211,2,0,-6.774030125804504,-2.434970442171255,4.339059683633249,3.017357948725599,10.454130800976777,12.627570465633859,2,7,0,1,315.57063281529054,8.317301291970953,1,False,-2.1734396646570815
MOL03151,kinase,253.98924791231966,4.6674079025873905,2,5,76.13596294253047,8,1,-6.602347584016846,-2.217656705926532,4.384690878090314,3.012816973590802,11.243115859281064,11.410275527420511,3,7,0,1,402.03061330961634,7.5956395319569845,0,True,-0.1671596681394476
MOL03152,kinase,468.71416141643243,1.9092168069214062,3,2,56.70618670151459,7,2,-6.810554280496259,-1.4302886289059054,5.380265651590354,2.662408543489331,12.360236134930052,16.691427047223968,0,4,1,1,466.9048883955762,7.381767870630585,0,True,-4.331190912293916
MOL03153,GPCR,137.5965355816676,3.376416047351794,0,5,47.746780891254005,5,2,-6.400073984876666,-0.5056835525714989,5.894390432305167,2.84418159142434,8.158613191485536,10.174850377005065,1,3,0,1,305.42245711761217,6.377011232911073,0,True,-2.016237185519529
MOL03154,ion_channel,269.68610643407254,4.155255571247977,0,4,49.951429833868524,4,5,-5.931117767125621,-1.8612383240245252,4.069879443101096,1.9222770651330872,10.087944894633676,9.836271543813957,1,6,5,2,545.7735589840873,8.113031399372984,0,True,0.2516733508197184
MOL03155,other,415.52570935122304,1.3911353178766936,3,5,73.64149555067016,4,5,-6.404133690700226,-2.155801418438433,4.248332272261793,3.344242619863288,13.657646608646008,14.023428036643173,3,8,1,1,372.0574031708272,5.5966834922265924,0,True,-0.36578142799716495
MOL03156,kinase,288.349054576748,4.978024520330608,3,9,105.03941299119131,11,2,-6.191631945601245,-1.861574500826928,4.330057444774317,3.502896737904324,14.215308680177502,15.637211520308101,0,4,3,2,323.44664588290595,8.345473118656523,0,True,-1.421902840130599
MOL03157,epigenetic,508.2700217959432,3.066389343879993,1,5,64.37269709390907,7,1,-6.344078763501686,-2.0801968175107213,4.263881945990965,3.072934537847222,13.309612107936488,14.111214190419428,3,5,1,0,376.8650533887348,7.18037578668877,1,False,-0.8016020824829404
MOL03158,PPI,282.8742696691101,3.469514233424134,2,7,88.2545363468404,4,1,-5.971624812677332,-1.9989986997210802,3.9726261129562515,4.491099663685283,11.586875964598606,10.684361801018785,1,2,0,1,229.85158990502592,4.2644031108547535,0,True,0.9025141635798217
MOL03159,ion_channel,305.4097436162422,0.4556608733561629,1,5,89.67549804655731,5,0,-6.893907534926293,-2.158499889843143,4.73540764508315,3.842159921242825,9.552716631364806,7.771861548532561,3,3,1,1,382.93556607317464,5.997512987714871,0,True,1.780855082832245
MOL03160,epigenetic,352.4633891628796,4.652821980906004,2,6,81.93302281139289,2,3,-5.4265938396983735,-2.054456831438571,3.3721370082598026,3.1428693798461067,10.989404396289435,9.286748089384481,1,7,7,2,532.2229413812797,7.422856209623795,0,True,1.702656306904954
MOL03161,nuclear_receptor,274.3080080789083,2.350104280578434,1,5,47.54897132295459,3,2,-5.7401300412204375,-1.2422344221653188,4.497895619055119,2.0669355244705194,8.20876651019685,10.5846896970512,0,5,0,1,315.3916310506979,6.81189395815463,0,True,-2.375923186854349
MOL03162,PPI,399.38566472848277,3.4219218045537225,3,6,100.87448937550583,4,0,-6.589451515880158,-1.4739348379285373,5.115516677951621,2.377748824036864,10.953020281915563,12.08164650906338,0,8,0,1,417.90827920431104,5.480189432600284,0,True,-1.1286262271478158
MOL03163,kinase,422.3614432893306,2.5401037323755187,2,7,114.64936497664553,3,2,-5.574087219938102,-2.067444154796405,3.506643065141697,3.068891676162824,11.803700842905016,14.405562746377175,0,8,0,1,449.4149922041029,6.249410799700047,0,True,-2.601861903472159
MOL03164,protease,477.6734809836505,4.921993337308793,3,7,104.58244516688,4,4,-5.799121014985883,-2.4565110502546874,3.3426099647311958,4.539049013180251,15.917943272387301,21.740016761050093,1,8,3,1,419.93715071750745,7.071317429394046,0,True,-5.822073488662792
MOL03165,PPI,451.125762576557,1.4605934735646973,2,3,46.383244030082004,4,1,-6.692968911850097,-1.182783626657282,5.510185285192815,1.5224350682459935,10.358763094086326,11.830212679958617,2,1,2,1,334.0227158462911,4.953128690149642,0,True,-1.471449585872291
MOL03166,PPI,178.81339815054443,2.5794796477960227,3,9,106.14376961762632,7,2,-6.831137062881192,-1.7728324007033316,5.058304662177861,4.299504424457992,12.406219649783855,10.005579730645676,2,3,0,1,329.13062602294707,3.377662822481133,0,True,2.400639919138179
MOL03167,PPI,344.9992796530117,1.0782527094663525,2,8,97.14845061262952,5,2,-6.822106598753533,-2.4978875305916146,4.324219068161918,3.962913797054425,12.063413262043433,13.093739659562878,2,5,1,0,442.8852897338148,6.16345410907727,0,True,-1.0303263975194454
MOL03168,other,567.2636384802913,2.4640124296562838,2,9,83.58873229080848,7,2,-6.889620101572386,-2.3024671528995424,4.587152948672843,3.2579910029555426,15.238466663768223,18.344957487165345,4,6,0,1,455.95272172737396,7.359331569091236,1,False,-3.106490823397122
MOL03169,epigenetic,352.20895246943786,5.476619775167137,2,9,118.06767063325887,8,1,-5.822833209575814,-2.6240938716630016,3.198739337912812,4.323599645592034,15.737655737998061,16.621977561072388,0,8,0,1,443.05471918524955,6.184102439906741,1,False,-0.8843218230743268
MOL03170,ion_channel,386.1651232162433,1.7127438391454626,1,6,92.15476198434558,7,4,-6.40785673910001,-2.136706403160811,4.271150335939199,3.434427107797074,11.829640806152407,15.050050374406812,1,2,3,1,298.2227961002504,6.879459900580826,0,True,-3.2204095682544054
MOL03171,nuclear_receptor,279.13914535602186,0.7819208290586259,2,5,109.65402910632545,7,3,-6.119912700174478,-2.555994930520295,3.5639177696541826,3.532795659908301,10.930942718251735,12.627412182184674,0,4,0,1,378.5780530677582,7.99030980315093,0,True,-1.6964694639329387
MOL03172,GPCR,254.56157810263807,3.138099902569471,3,7,65.95135185958713,6,3,-6.842304932483878,-1.5526091571475171,5.2896957753363605,2.9427060799251166,12.61913446124282,15.915678048824818,0,4,1,0,362.19409026898273,6.031740625403083,0,True,-3.296543587581997
MOL03173,epigenetic,515.3117269336841,3.8016941967590396,2,2,56.12240453183979,7,1,-5.5440231886356015,-1.3306490160243043,4.213374172611298,2.0924659183408294,12.703319320479402,16.848964782579625,0,8,1,1,473.526536119155,6.887104479634646,1,False,-4.145645462100223
MOL03174,GPCR,376.19297167348594,4.250459561715171,1,4,38.43493336870395,4,1,-6.995724323344783,-1.746896819262799,5.248827504081984,1.55276612630401,9.466621664287855,10.502649079261452,0,10,3,1,507.41522122146023,4.419775214054143,0,True,-1.0360274149735975
MOL03175,nuclear_receptor,415.58667242910656,2.2447310362655375,1,3,47.00354307974956,3,4,-6.09647941552857,-3.2857126002909984,2.8107668152375718,0.8993099073460649,10.522300870225056,14.468195251521104,2,6,1,0,306.9306238947377,7.038069295069727,0,True,-3.945894381296048
MOL03176,kinase,290.039390042362,0.07397653595056042,3,6,86.45569610996199,9,2,-6.569402099662851,-2.0458690684783347,4.523533031184516,5.0733139922808705,13.73395028303716,17.205850831417372,1,7,0,1,407.1878757885362,7.005186529678697,0,True,-3.471900548380212
MOL03177,ion_channel,318.0126278600986,3.398888926193339,0,4,31.003601258493127,5,3,-5.8641516408918894,-2.1318316419435326,3.732319998948357,2.01517237823161,9.893888767516803,13.22061461698383,2,7,2,0,431.15988396882966,7.325826357764634,0,True,-3.326725849467028
MOL03178,epigenetic,416.30740639209176,2.049520272029497,1,5,70.6078457314577,8,4,-6.613087787675832,-2.402001984759895,4.211085802915937,2.6826266658800577,13.09266489657538,16.332552743788675,0,6,0,1,452.0032117065556,7.993501621273042,0,True,-3.2398878472132946
MOL03179,kinase,322.91820818921514,3.795149410979902,1,6,85.92434094896765,6,1,-5.955147881361334,-1.3339242267482834,4.6212236546130505,3.1505151394637023,10.193663162540492,11.829475733601695,3,5,1,0,433.2895581476156,6.284182702224606,0,True,-1.6358125710612033
MOL03180,GPCR,297.5081168302849,1.1962503988714595,1,5,61.52773773959696,4,3,-6.31842107854503,-1.7550530652103091,4.5633680133347205,3.0979128787322057,9.9706983118671,11.370411922181587,1,2,3,1,416.7724539596361,7.500996156436974,0,True,-1.3997136103144872
MOL03181,protease,487.4686754585807,2.5209067836885635,3,3,55.04080581051641,4,2,-5.945189098358423,-1.4335782578528384,4.511610840505584,1.067897382593128,11.47386623897377,15.973462624037222,0,4,0,1,188.09432637962632,4.705062743863162,0,True,-4.499596385063452
MOL03182,protease,411.8713601534874,1.465851385480343,0,2,34.607375934675545,7,1,-6.17708632624082,-1.9489974290224104,4.228088897218409,0.6653160695711933,10.419931751045457,10.366430447611286,1,3,0,1,240.26605941424145,6.408429905973994,0,True,0.05350130343417092
MOL03183,protease,288.26437540993186,2.7499204297586224,3,5,33.8613693509605,3,3,-6.517544841635733,-1.8490469299807022,4.668497911655031,2.6799009473263173,10.25522704300661,12.324032751194794,0,7,1,0,449.7879398530114,6.563615670870121,0,True,-2.0688057081881848
MOL03184,epigenetic,333.8410795241759,3.0115330765089134,0,3,44.0145552575422,3,3,-6.87946462380752,-1.749096433586172,5.130368190221348,2.114226512561147,9.041737860154454,11.018485316651368,0,9,3,2,564.1375250372124,7.332001423169402,0,True,-1.9767474564969145
MOL03185,GPCR,319.134823617524,2.4595536794073154,0,5,41.13904441924801,6,2,-6.284706089054021,-1.8093331918246165,4.475372897229405,3.2532619815816832,9.489445530557411,12.012910491705714,1,8,4,1,469.8393660648137,7.28058521078969,0,True,-2.523464961148303
MOL03186,epigenetic,289.21836832713836,2.2135090465915543,2,6,72.77951704200441,4,2,-6.726702023069224,-1.4566335315924581,5.270068491476766,3.6755790556220074,11.685988277091823,12.582286669511069,2,4,1,1,321.25476420887554,7.066041085793813,0,True,-0.8962983924192454
MOL03187,ion_channel,249.55164454091522,4.794482236165029,2,3,65.96941665576566,5,1,-5.637519307965407,-0.8383111008071682,4.799208207158239,1.5463126138629404,8.556545765019498,8.604196968298659,1,7,1,1,405.38944611048174,6.130158182217925,0,True,-0.047651203279160725
MOL03188,nuclear_receptor,367.66137414033614,1.0153998806280282,1,6,46.73994284633401,3,0,-6.781055337936207,-1.334992525693771,5.446062812242436,3.7869871953871233,10.6368638591132,10.8917047264555,1,4,0,2,387.0308029467028,7.1961108121807325,0,True,-0.25484086734229905
MOL03189,protease,314.47841562704224,0.6130284386577947,1,12,148.78919339836378,8,2,-6.872788299521828,-3.2493353497395496,3.623452949782278,6.070142459400087,14.698982098578055,11.880043001442532,3,1,1,0,254.3009719437663,7.8580231957100395,1,False,2.818939097135523
MOL03190,other,333.2875994308301,2.578820859000796,0,1,36.13667475703355,3,3,-6.5507262542098665,-1.7417927112521945,4.808933542957672,2.700658904808215,10.586159645809598,12.07685027395676,1,11,3,1,560.8535501502752,7.895138914064725,0,True,-1.4906906281471617
MOL03191,other,286.814382896572,3.3303862855745505,2,5,75.08194659348821,7,2,-5.557182387433542,-1.5881279525308112,3.969054434902731,2.1222046664182574,10.545963704102215,12.637792573595,1,5,0,1,385.4735376433662,4.753129928177564,0,True,-2.091828869492785
MOL03192,GPCR,346.3531621814573,0.5255040590462965,1,6,72.44458824688816,7,2,-6.4746786639627985,-1.8299380361941604,4.644740627768638,3.448929229471112,11.578486792415653,15.311366300702245,1,4,0,1,353.93738156740943,5.1528823050594355,0,True,-3.732879508286592
MOL03193,kinase,315.4417589805737,1.5797883298097295,2,5,77.24387426859194,6,2,-6.772278981933752,-2.508663014534235,4.263615967399517,2.1287718675699585,9.491176648534848,10.591985484272534,0,2,1,2,345.0456829203225,6.299748116332349,0,True,-1.100808835737686
MOL03194,nuclear_receptor,331.0849822976366,2.1240444106612135,0,5,70.84054358572668,5,1,-6.225355566320831,-1.1647229365854,5.060632629735431,2.873185554337245,8.957199664028677,5.544323035184405,2,2,1,2,313.0598397980864,6.877947639698794,0,True,3.4128766288442716
MOL03195,kinase,386.045732397009,1.7319602962741596,2,8,136.15148661100704,7,2,-6.149817558126842,-2.694258779458244,3.455558778668598,5.163745597035221,15.300893413786612,14.804233172089905,3,8,2,2,442.1485469032935,9.003582646810695,0,True,0.4966602416967074
MOL03196,PPI,460.2516932664827,3.221365420994117,0,5,55.5682217330924,4,2,-5.70878474409375,-2.1515510985128414,3.5572336455809084,1.5678964868452028,10.53491027789409,12.519349232454207,1,4,1,1,327.4397602208844,4.886326088181115,0,True,-1.984438954560117
MOL03197,epigenetic,213.1934256223023,3.4649710945545262,0,7,66.51268014955241,4,2,-6.799250256088058,-1.9542184005292327,4.845031855558825,2.852980656503206,8.02134595143062,8.582852751923115,1,6,3,2,463.2014790808076,5.9234244718445845,0,True,-0.561506800492495
MOL03198,nuclear_receptor,342.9490901052682,6.80609622337178,1,10,103.0751226902524,7,1,-6.360742818676001,-2.2356693262357115,4.12507349244029,3.4533854293311257,14.929335089450632,17.396248439188327,2,3,0,1,418.0683816351857,5.920239635388306,1,False,-2.4669133497376947
MOL03199,other,429.54538284534374,3.943312581743889,2,4,87.12741488106676,4,2,-6.666420384260366,-2.5074181070411146,4.159002277219251,2.0904458162990553,10.873666188337358,12.329378727761906,0,3,0,0,306.7600342598428,5.8539953773644555,0,True,-1.4557125394245478
MOL03200,GPCR,486.9317901618168,4.736915463466274,2,6,92.90596596935694,4,3,-6.744233253376619,-2.915871938561346,3.8283613148152726,3.8558643707794893,14.168257679660263,16.42182912313326,1,7,3,0,454.9462895662996,5.4113258181262385,0,True,-2.253571443472998
MOL03201,GPCR,348.336789036127,0.6547100251597782,1,10,89.59948297047308,5,6,-6.706643332436903,-3.509792726391669,3.1968506060452335,3.9844987729034607,13.372209078445616,16.48675492092803,1,6,2,1,421.10365811284834,7.4769188026219116,0,True,-3.1145458424824124
MOL03202,kinase,251.25163582972488,1.4251268838583497,1,6,64.21304893777929,5,1,-6.004937240783906,-1.9192926973556654,4.0856445434282405,2.49028624464277,8.663437392763129,10.39682101136124,0,3,0,1,365.3296083521236,5.313664048293309,0,True,-1.7333836185981113
MOL03203,GPCR,532.953823276817,2.8012866870818085,0,3,32.715754793820516,7,1,-6.393826385916786,-1.556723542869821,4.837102843046965,1.2958796049816763,11.21514965459373,14.92544724332752,2,5,1,1,284.9582741959141,5.471885422289002,1,False,-3.7102975887337895
MOL03204,protease,389.86949911290236,2.1646782855153557,0,6,101.63525876133448,3,4,-6.497261983776393,-2.3722870101866165,4.124974973589776,3.5199193476943815,11.219233594436492,13.547975133524844,2,7,0,1,541.546180526401,8.302508142716025,0,True,-2.3287415390883517
MOL03205,protease,343.29299115931343,2.204650929534358,1,5,62.556588967582925,6,5,-6.056552887317843,-2.2568279309150068,3.7997249564028364,3.333775204539379,13.358332572778842,18.645582634570886,2,4,4,2,467.30682176165726,6.865721702557194,0,True,-5.287250061792044
MOL03206,kinase,375.3111142394226,1.7593085878924766,2,4,48.15264398582751,6,1,-7.191975123982157,-1.5186954912235469,5.673279632758611,1.4092443662960168,10.172285447836742,10.767094079020623,0,6,0,2,392.1944983953914,5.26647544047517,0,True,-0.5948086311838807
MOL03207,nuclear_receptor,287.5981886354435,0.7821167792753974,2,2,23.696786310519325,6,1,-5.810904708463466,-1.6635249628581172,4.147379745605349,1.2456055287336605,8.21684143107763,9.154598095713386,2,2,1,1,255.1493831638715,6.5384632198238535,0,True,-0.9377566646357565
MOL03208,epigenetic,441.9825064577683,2.8961725745975193,4,1,53.353499233417374,10,4,-6.103925415696506,-2.31022182028466,3.793703595411846,2.0456547581726037,12.883134606220313,17.218644806188163,0,5,4,1,447.45134591278963,6.51462062362369,0,True,-4.33551019996785
MOL03209,protease,252.77922731130138,1.508741940661717,1,5,81.06005251016236,3,0,-5.92563721043685,-1.569505446376195,4.356131764060655,3.1055995698262406,7.945789441812198,8.01375768834478,2,7,0,1,317.626997871792,7.208774241388626,0,True,-0.06796824653258238
MOL03210,protease,356.8708363608488,2.5861484737044744,2,2,20.404068689932068,6,1,-6.1842621098431705,-1.8347831893171347,4.349478920526035,1.6687405359296983,9.119020529836133,9.47982031063466,3,5,0,1,336.9630146939133,8.880293077262163,0,True,-0.36079978079852637
MOL03211,epigenetic,440.655731754474,1.6273437729426696,1,4,65.17448957742171,7,1,-6.410029845417502,-1.6514788883624636,4.758550957055038,3.535620730061818,13.170839312633397,17.81406404199387,0,4,1,2,355.17353115912744,4.6129152817971155,0,True,-4.6432247293604725
MOL03212,kinase,399.9427005888881,3.1386377862216923,2,3,67.00093430720196,4,1,-6.52073248927497,-2.038520699991609,4.482211789283361,2.1937483623715357,10.131481848910926,11.033306522039254,0,8,1,1,389.60451917378543,5.660129576007924,0,True,-0.9018246731283277
MOL03213,GPCR,363.94260592461745,3.048819279227592,2,4,66.69780420632827,0,2,-5.609582385276477,-1.4947364280942763,4.114845957182201,3.108107097023793,9.784601962205803,11.048264201804571,2,3,1,1,219.8216704513564,6.652557969714361,0,True,-1.2636622395987676
MOL03214,kinase,389.2768265369125,1.0517119959454,0,4,50.29895048552719,3,3,-6.851006951615622,-2.1794402611145025,4.67156669050112,2.9587378840481415,9.846568239098417,13.22409806384634,2,5,3,1,520.3788442002353,6.171344214581233,0,True,-3.3775298247479224
MOL03215,nuclear_receptor,535.3311574086106,1.5399418247643795,0,5,37.091609077800356,3,4,-6.333554897320135,-1.8580116677412877,4.4755432295788475,2.014707715636876,11.329374692398728,13.058881743412211,0,6,6,1,552.4187299966429,7.556606735623613,1,False,-1.7295070510134831
MOL03216,nuclear_receptor,502.169453219054,0.3709158942821471,2,3,41.50635738870406,5,1,-6.758653728621499,-1.1143684178137785,5.644285310807721,2.4256549114546955,11.854389756584132,11.788210833309279,3,4,0,1,328.1589880556941,3.977632814678956,1,False,0.06617892327485286
MOL03217,nuclear_receptor,458.45336929110897,3.869874023844648,2,6,79.54646680602616,1,3,-6.30302402281037,-2.3071050031094265,3.9959190197009438,3.149304680759997,12.245776186543267,14.461502542579588,1,6,1,2,469.10089908593113,7.919609575109085,0,True,-2.2157263560363205
MOL03218,PPI,344.78922302433887,0.8626826330063813,2,3,54.795370092044244,4,3,-6.740091103914967,-2.020650845025773,4.719440258889193,2.0361832848062353,9.854956903999177,11.803260931490493,0,4,2,1,420.64437241946604,4.6853583052898164,0,True,-1.9483040274913161
MOL03219,nuclear_receptor,280.64623903609777,5.064867015873718,2,5,68.70578559020292,6,2,-5.928076973546844,-1.3356652118125498,4.592411761734294,3.059317688352644,11.151225887421838,11.517204753320431,2,3,0,1,347.1252309664582,6.367289247062522,1,False,-0.36597886589859385
MOL03220,PPI,319.4734839567861,2.533860004574585,0,5,65.14439687836085,2,2,-6.292047562404482,-2.6675549645754613,3.624492597829021,2.0237930748247184,8.156650217337614,10.483104405561726,0,4,0,2,254.5958740439307,6.57707896382536,0,True,-2.326454188224112
MOL03221,protease,348.1663741487166,3.4105171127768283,1,6,60.40506328518144,2,5,-6.037555531673467,-2.3267710939962263,3.710784437677241,2.9318795730714347,11.565112485384464,14.72540278739225,0,7,1,1,312.9322372081353,7.231974376799643,0,True,-3.1602903020077857
MOL03222,other,221.06861142309788,0.05284355378273409,0,5,59.71535104077168,4,1,-6.637205979406416,-1.7462868846083899,4.890919094798027,2.3797449377097273,6.451873939405003,7.223579437437048,0,4,0,0,343.04637904802723,3.995635696646323,0,True,-0.7717054980320457
MOL03223,kinase,427.83274937161343,3.806585640713115,5,7,125.31624775747176,4,2,-6.3188758032318635,-1.7151416907241837,4.60373411250768,3.913251785158465,15.209997135407747,13.853097934918704,1,8,3,1,372.9044007304675,7.252229303168999,0,True,1.3568992004890426
MOL03224,ion_channel,284.8307476193247,4.190353332531702,1,3,33.631412350545205,7,1,-5.625352672385228,-1.6501969738954427,3.975155698489785,0.3810888849880447,8.28064060866101,9.661008506756676,0,6,1,1,376.63079670759396,4.601785774369373,0,True,-1.3803678980956668
MOL03225,ion_channel,368.1168380579882,3.2053175369754987,2,4,57.56651486439424,3,0,-6.3599542234726,-2.0561051342930248,4.303849089179575,1.8573740286132707,8.843585397092696,12.305150559069448,2,7,0,2,339.7018096638952,7.25808263847782,0,True,-3.4615651619767522
MOL03226,epigenetic,523.6096194603304,3.578659010705474,1,4,83.71447179363501,5,1,-5.239762347270353,-2.315193487052096,2.924568860218257,4.338159774568876,13.309723441845943,13.83449790086149,1,2,2,0,379.00424815039753,6.857309417882932,1,False,-0.5247744590155463
MOL03227,ion_channel,464.9196518104708,3.2866020508393756,4,7,93.88480979309895,6,3,-5.7460305920530255,-1.5262722390089283,4.219758353044098,3.7623874129890567,14.977417019597391,17.390681929168593,3,7,2,2,376.1416009831429,8.503146487353334,0,True,-2.413264909571202
MOL03228,nuclear_receptor,312.50349325231645,-0.04880605086093581,2,3,65.8705599778333,5,1,-6.0885888436236275,-1.9629520411279866,4.125636802495641,3.864169501748877,10.668414890948844,8.630984339367364,2,2,0,1,355.72042478783766,6.540691703717697,0,True,2.0374305515814797
MOL03229,kinase,365.70143274452334,1.5467755670234964,3,9,112.84265674545705,6,3,-7.024292312356818,-2.30687074067913,4.717421571677688,4.067753464213812,13.727731831681355,15.524519624334271,5,4,2,1,247.4894526322561,9.022602089841152,0,True,-1.7967877926529159
MOL03230,nuclear_receptor,393.6346708413308,2.1965317207976436,0,5,90.52657783499555,6,3,-6.88846036790158,-2.0254235505172176,4.863036817384362,3.5242453881586777,11.895023681521138,14.922386811030414,1,3,0,2,223.3981598718501,7.598316512310659,0,True,-3.0273631295092756
MOL03231,GPCR,362.3592658944718,1.6290772369365842,1,4,53.108723676232884,9,3,-5.8720554369008555,-1.7173968339277619,4.154658602973093,1.7820319969339866,12.014364681766718,14.5874128273105,0,4,2,2,520.5555145482172,7.230320938836249,0,True,-2.5730481455437815
MOL03232,GPCR,489.5880007630209,3.505446958469964,3,5,82.21864147942726,6,4,-5.817630253513597,-2.0428979667391194,3.7747322867744777,2.304142925670486,14.125373261038263,19.30359797383389,0,5,7,2,528.6896558089271,9.22803961504756,0,True,-5.178224712795629
MOL03233,GPCR,136.9316146720329,2.674343089871362,2,7,96.22738307378964,2,7,-6.8383694241081505,-3.2549876575009105,3.58338176660724,3.2447776835996964,10.541859626318255,14.352317784193625,1,5,2,2,459.5396733140427,7.94466378562743,0,True,-3.8104581578753702
MOL03234,kinase,467.0733595341383,3.120352735929431,1,4,80.93287350481482,4,1,-6.013171082312721,-1.3872602161045928,4.6259108662081285,2.8755744880506526,10.881645978785068,14.742317027752154,1,4,1,0,360.50841373563173,5.755702213434087,0,True,-3.8606710489670863
MOL03235,protease,401.9498984695856,1.0263293403039306,2,3,58.82114822425241,4,3,-5.755491246706533,-2.279208033040883,3.4762832136656496,3.2845371578376317,11.076557190843825,10.336837488985417,0,2,1,1,411.2411138673963,5.880289198198594,0,True,0.7397197018584087
MOL03236,kinase,421.9035585591547,3.6068025620031863,0,2,43.12216328806179,9,2,-5.495392213277029,-2.55994464561355,2.935447567663479,2.3201900122587142,12.767555722295791,13.129037533228999,1,5,3,1,504.0707034790583,7.269404921055536,0,True,-0.3614818109332081
MOL03237,PPI,275.8809386379071,4.035629802224026,2,2,46.26983278985633,4,4,-6.387319875964981,-1.9110262881079292,4.476293587857052,1.5693343512256481,10.154625512068051,10.192948152061994,0,6,1,0,443.2381911091063,6.7707796249192995,0,True,-0.03832263999394314
MOL03238,kinase,398.8180668501682,0.3767557192865736,1,10,114.55068523690944,3,1,-6.614880057551659,-2.223073007618928,4.391807049932731,4.828149963942579,12.367849219593724,12.416816431232231,0,2,1,1,347.0724870978011,5.376103293606333,0,True,-0.048967211638506924
MOL03239,GPCR,306.63448484323834,2.4156331993529663,2,4,81.03614278279287,6,4,-6.542236780046071,-3.005150354788621,3.53708642525745,2.7457861301106896,11.492153823608668,11.852476803359288,1,6,2,1,458.85700242639746,6.406983742376627,0,True,-0.3603229797506202
MOL03240,kinase,343.0299598887872,-0.22432840644178542,0,3,60.7173579485527,2,3,-6.084534710722938,-2.930673030164431,3.153861680558507,2.330843107844911,9.665568961138364,10.043753395248032,1,3,2,1,244.50390606628645,6.066871094457101,0,True,-0.3781844341096683
MOL03241,nuclear_receptor,261.51104840225844,3.2825708311807626,0,4,38.03989338601648,2,2,-6.740571617700087,-2.2331024088098537,4.5074692088902335,2.4022964507205806,7.321045702888764,11.417105121932433,2,8,2,1,400.2016716246982,8.329960829688329,0,True,-4.096059419043669
MOL03242,ion_channel,340.6890321159237,1.7449314110928618,1,6,103.32622130059757,9,4,-6.45140636831489,-2.5273743589702824,3.9240320093446077,4.2063378490466485,12.87194042401841,11.477643535625866,0,4,4,2,511.55202623778723,8.184783681467835,0,True,1.3942968883925442
MOL03243,protease,561.8302954005176,1.9106674386370803,5,14,163.7138232017896,4,1,-6.973955704095303,-2.9760204822985625,3.9979352217967405,6.670439333048097,23.88956715689838,24.24639124715606,4,3,1,1,347.0266896148504,7.043534938955208,2,False,-0.35682409025767825
MOL03244,GPCR,431.0211272287718,0.8859232604403571,1,9,100.07737797570896,6,2,-6.03289996435292,-2.0840447199698535,3.9488552443830662,5.519909110299906,14.797664054727734,13.54013218252453,2,3,2,1,328.97463973537845,7.972106448287972,0,True,1.257531872203204
MOL03245,kinase,313.14800655983436,3.9910542500277617,0,8,88.75222125165706,4,6,-5.784518150713163,-2.8829983838267137,2.9015197668864494,2.7335272031272044,11.413825590797877,17.965410230332715,1,7,2,2,514.4113795923486,6.67899439835047,0,True,-6.551584639534838
MOL03246,GPCR,386.81400835529325,3.3884539059251364,0,1,33.963111647693744,8,1,-6.33691091835635,-3.021120690648896,3.3157902277074536,1.3984398048724735,10.819448012193947,13.369080040026198,0,5,0,1,308.6030688843013,5.202592329353676,0,True,-2.549632027832251
MOL03247,protease,423.4621386947259,4.118798902094605,1,4,61.765202471460555,5,2,-5.9620095927517385,-1.554947485719529,4.40706210703221,3.619586268773314,11.49354274211842,14.256818094473237,3,10,0,1,408.0992859606672,7.135705769736372,0,True,-2.7632753523548175
MOL03248,epigenetic,293.4246490053136,2.0069213192283923,2,9,115.12510536579268,3,2,-6.670267464673563,-3.354397749520618,3.3158697151529446,4.145217244488579,12.227223801663133,14.749032448988215,0,0,0,1,277.5541484220988,5.782418834050874,0,True,-2.5218086473250825
MOL03249,nuclear_receptor,543.3857524943645,4.351995580386097,0,2,38.473745399079526,5,1,-5.744886013368955,-1.5330058781023301,4.211880135266625,1.0313489080608595,11.243101144800573,14.052061640899094,1,6,0,1,497.0833223059168,7.825219650586558,1,False,-2.8089604960985213
MOL03250,kinase,360.1419787037618,2.1352394876231746,0,5,60.834619467731294,4,1,-5.928065253410379,-1.6059027200975822,4.322162533312797,3.1923642418852207,9.92568495702578,11.93167148582769,2,5,0,2,303.2980377306567,7.659779660159985,0,True,-2.0059865288019108
MOL03251,ion_channel,386.4695715153058,4.768421199898031,3,8,110.37229667040715,6,3,-5.928804216019835,-2.9690970291087715,2.959707186911064,3.4546383869293695,14.133187023203536,18.070742899053553,2,7,2,2,421.716784480365,7.247669951493094,0,True,-3.937555875850016
MOL03252,nuclear_receptor,433.7489907229112,4.443377505349178,2,8,83.55636649205519,6,3,-5.843267754916984,-2.623570494473423,3.219697260443561,3.4716342245521417,15.400920424161948,16.282535554755974,4,6,1,1,568.3875998364394,7.339236816838878,0,True,-0.8816151305940263
MOL03253,other,351.00979813466483,3.2567037158281944,0,6,52.609878040030424,3,3,-6.359741081803042,-2.257063924185333,4.102677157617709,2.550289992634333,9.78518478695814,12.268490433150175,1,5,1,1,329.4236615554299,6.1851058535350365,0,True,-2.4833056461920346
MOL03254,protease,355.15531711740505,1.5359721712965122,2,6,102.7875338849212,4,2,-6.3082716164148325,-2.202293311161364,4.105978305253469,4.358753477499256,12.446944064396295,9.841459231353912,2,5,0,0,459.4032824257688,6.5144089583788505,0,True,2.6054848330423823
MOL03255,other,422.7983561137165,4.879282401709013,1,11,129.74463525457952,3,2,-6.330345206284446,-1.8989275982397142,4.431417608044732,5.51518837015201,14.42347950889139,16.263775747684353,1,5,2,1,417.14693466089284,8.782418210469254,1,False,-1.8402962387929627
MOL03256,ion_channel,227.5000656113275,4.393144719474134,0,5,48.72020023867557,2,1,-5.664460469435657,-1.8216189493654562,3.8428415200702,2.788260418376055,7.600377264609291,7.437499334460274,1,8,0,2,484.7976208299212,7.476982898448668,0,True,0.1628779301490173
MOL03257,other,292.3891335737063,1.51465451227469,1,6,70.24917027515757,5,1,-6.606504443691963,-2.310702930640171,4.295801513051792,3.621967397517053,9.623653733941525,10.364954956390452,0,6,1,0,475.70385694029034,6.33556014368928,0,True,-0.7413012224489268
MOL03258,kinase,414.8591371621722,3.8773908733272684,2,8,108.17378814538587,8,1,-6.7584700733762775,-2.6227229100207827,4.135747163355495,4.664241937009591,13.75211586083094,14.360958454913282,2,8,0,1,459.0878680340845,6.9830482208924005,0,True,-0.6088425940823416
MOL03259,protease,314.2255665829163,2.0306725054607146,1,7,91.2959238446903,6,2,-5.974011739901747,-2.2188636513232587,3.7551480885784883,3.342455413627764,10.96419388440201,13.110867455280383,1,8,1,2,401.4302200307306,8.785981759827154,0,True,-2.1466735708783737
MOL03260,other,269.4049784592879,1.6438012983135046,2,2,40.421591351189,6,2,-6.584434867046296,-1.4085967476465067,5.175838119399789,2.7897160769514313,9.81856799798382,9.96253976366891,2,7,0,2,415.7085193033687,3.9391626697804254,0,True,-0.14397176568509096
MOL03261,nuclear_receptor,321.42377377254303,1.5802534543094502,1,5,74.09733465867974,4,1,-6.450679066918055,-1.5687918459305383,4.881887220987517,3.4943318067691647,9.444787241643764,11.170963246885814,0,4,2,2,303.49322987921585,6.819308197175647,0,True,-1.7261760052420492
MOL03262,GPCR,467.6809227835237,3.1862976224053563,0,4,41.272801125561955,4,1,-6.412040150262115,-1.129999072899805,5.28204107736231,2.7818282846339417,10.55475442142317,12.185201070308816,0,7,0,1,319.98274683219984,7.311441913130495,0,True,-1.6304466488856466
MOL03263,kinase,318.5165696828114,3.685497432607873,2,5,70.3325702182387,6,3,-5.996573343597815,-2.075726706548923,3.920846637048892,2.7401590043183663,10.98895788927092,11.829113641696646,1,6,1,1,332.313061330013,6.772648548051111,0,True,-0.8401557524257264
MOL03264,kinase,352.47209228159005,4.973808219854451,1,8,89.18829723391909,4,1,-5.709668599416084,-1.9542928053123587,3.755375794103725,3.6268785520473394,11.797025932722368,13.139451805020855,5,9,0,1,584.1467337917452,8.072794331979788,0,True,-1.3424258722984863
MOL03265,protease,357.5320437606355,3.261621188658631,2,3,51.77586253290944,7,1,-6.643197652474111,-1.6369402860248168,5.006257366449294,2.881170173124787,10.923464670115726,10.965594178322162,1,8,1,2,286.58879740041203,4.775462835421006,0,True,-0.04212950820643613
MOL03266,nuclear_receptor,533.9417164698642,1.0967034990612312,1,5,68.83550896678054,1,3,-6.735614879822602,-2.6638433271118576,4.071771552710745,4.1582388286657626,12.792285170128906,15.285512840621198,1,3,1,1,384.8929897235271,4.969885889017551,1,False,-2.493227670492292
MOL03267,other,224.73354728415157,2.9990854835274896,1,4,59.816159987644326,9,2,-6.100447682643141,-1.346754049254824,4.753693633388317,2.328106418987261,9.137829203171158,9.803158840420032,0,6,3,2,376.0840119920041,7.340038960967171,0,True,-0.665329637248874
MOL03268,GPCR,135.50615742548644,4.345099365630048,0,4,51.91656589991424,12,1,-5.7133093075224215,-1.7305596158797707,3.982749691642651,2.2139691195263973,7.994609328286444,11.105230431058173,1,8,1,0,413.47536190981316,5.47038191706481,0,True,-3.110621102771729
MOL03269,ion_channel,313.5979847002245,4.949688631143905,1,9,107.19471658520868,6,2,-5.913118752943439,-2.3435392173946554,3.5695795355487836,4.274448252149092,12.499655464510365,13.57030523495087,0,11,1,1,391.7801595555898,6.271291028085852,0,True,-1.0706497704405056
MOL03270,ion_channel,240.9164775256658,1.7550188252698091,2,5,77.6728737089285,7,3,-5.859146552029109,-1.8689582273467593,3.9901883246823493,3.382259457813964,10.778700113452143,11.086053206041273,2,5,2,1,397.75957785735415,5.837786231675919,0,True,-0.30735309258913013
MOL03271,nuclear_receptor,308.11827303596795,3.2873421814091435,0,4,63.994853096289454,7,6,-5.998512201240105,-2.6429709588744243,3.355541242365681,1.6014551641791475,10.878734598084575,12.479295941468488,0,6,3,2,462.1495856622794,8.285850683676726,0,True,-1.6005613433839123
MOL03272,GPCR,243.40059243044064,3.36064306092701,0,7,92.5592060523124,4,2,-5.8235988986535405,-2.6673347254211173,3.1562641732324233,3.93741641572216,9.032436168543702,12.552510370244349,0,3,2,1,452.63653654830745,6.967101479442574,0,True,-3.5200742017006466
MOL03273,protease,582.2758934009506,3.8478662521223526,0,5,53.21903549394032,12,4,-5.9916926192890205,-2.0441599609400396,3.947532658348981,1.3859159496189082,15.49671017505895,17.65193356063662,1,4,2,1,286.6379640465915,6.023979053362004,1,False,-2.1552233855776706
MOL03274,protease,398.24746405639166,2.365752611375269,1,5,48.7964434304716,6,0,-7.166531289734049,-0.862506102873558,6.304025186860491,2.4276735335187443,10.800229981191148,12.380999634824036,1,4,0,1,399.25806316173225,5.805376453866208,0,True,-1.5807696536328883
MOL03275,epigenetic,243.99049133210303,2.9484201771588685,1,6,113.84083533544387,6,0,-6.884101177863192,-2.8673522148764916,4.0167489629867,4.238076316835076,8.888715694640124,6.717694497901634,1,4,0,0,224.83220229882744,5.987265795717198,0,True,2.17102119673849
MOL03276,other,446.93502574480476,3.0427207875154005,0,2,58.716999446468236,1,2,-6.050646158802096,-2.262313873356723,3.788332285445373,2.6262201921771533,10.083356893170262,16.026137180546716,0,5,4,1,433.0083140882925,5.3880953966507725,0,True,-5.942780287376454
MOL03277,other,502.96253571966525,3.53193653113044,2,6,59.26839828382886,10,2,-6.249502558633916,-2.5225573890534716,3.726945169580444,3.2236337345147303,15.55532180015892,21.93991591982351,1,8,2,2,537.5118242240338,7.990126515302804,1,False,-6.384594119664589
MOL03278,protease,120.0,1.7956890848727225,1,6,92.99160552454907,5,3,-6.594431511511676,-2.910206075071179,3.6842254364404967,3.2056774489103366,8.036593260571154,9.01338772660503,0,9,1,1,551.066447317727,7.09673565169826,0,True,-0.9767944660338763
MOL03279,protease,341.28501703778943,0.4401211440710129,1,2,48.759817363990514,4,3,-5.840416425166879,-2.147851716732743,3.6925647084341358,1.5180548694481972,9.436442505632423,11.590256405375225,2,4,2,0,465.48331871520435,7.147112611727109,0,True,-2.1538138997428025
MOL03280,epigenetic,386.4414210215423,2.4843629612680416,0,5,45.17299909173979,8,4,-6.605265389776523,-1.8355133402581814,4.769752049518342,3.6404294690620604,12.670154488019566,12.458115302875456,1,5,3,2,395.9436239883332,7.825331620968601,0,True,0.21203918514411058
MOL03281,other,251.56852644870904,0.10253185930261521,1,1,28.710226893262323,5,1,-6.48297358237682,-1.236554110087721,5.246419472289099,1.18176876238012,7.857379807315978,8.050000231617869,2,1,1,1,372.4513045314793,5.283887752329613,0,True,-0.1926204243018903
MOL03282,PPI,442.4309508016778,2.6854799049709035,1,4,26.331085843537004,1,2,-6.600962645835533,-1.359556037298632,5.2414066085369,2.4878252033547774,10.332518014053342,11.609773718950986,2,8,1,1,440.3205997086016,7.305321279208601,0,True,-1.2772557048976445
MOL03283,epigenetic,474.900603120858,3.446697746785886,1,6,81.32902109070446,5,3,-6.6096918293725695,-2.7288756263915657,3.880816202981004,3.2487350313852907,12.855656864512286,17.3446178163857,5,3,1,0,374.92545504037923,7.462074848734514,0,True,-4.488960951873414
MOL03284,ion_channel,388.47102234628113,1.2895925875045735,1,2,34.42565606225319,4,1,-5.565622969598545,-1.4110965291555486,4.1545264404429965,1.4487392889812276,8.993943083249356,13.382795327759116,1,5,1,1,360.2869993510952,6.498082910587361,0,True,-4.38885224450976
MOL03285,kinase,330.6108151165361,1.6344094454566263,2,7,91.79213406560017,4,1,-6.6662267143579825,-2.018166007823588,4.648060706534395,3.7793427322561257,11.161333699632332,16.32865844496504,1,1,0,2,193.87879228948344,5.512827431015211,0,True,-5.167324745332708
MOL03286,GPCR,376.40619173405867,3.8936598756638503,2,2,36.25597396400781,7,0,-6.514595799134894,-1.9017730963154644,4.61282270281943,0.7323615753236922,8.77024125592016,11.704169003428843,0,11,0,1,313.07498207515926,7.362731198586689,0,True,-2.933927747508683
MOL03287,kinase,299.91601260009935,1.0055188703054248,2,6,87.33850367825791,7,1,-6.917741640622393,-1.5881323303489914,5.329609310273401,2.1133750343089046,9.69489991448169,9.910219621297903,2,2,2,2,382.4184362263554,6.484176849779534,0,True,-0.2153197068162136
MOL03288,PPI,559.5302902989636,2.8984051711231684,2,4,59.25164764224606,2,2,-5.65303082447319,-2.4404361280665423,3.212594696406648,2.617730921984195,12.965077272841357,14.7137069912316,1,8,2,1,479.1965289271527,6.043369425284014,1,False,-1.7486297183902426
MOL03289,other,353.0116275201364,3.642366267246325,4,1,59.22783784983622,6,0,-5.919480331881711,-1.4657820291008767,4.453698302780834,2.150293390580592,10.670675367105392,11.305135031382902,1,4,0,2,463.8530676407281,5.353461229019386,0,True,-0.6344596642775091
MOL03290,PPI,355.53648948195126,2.625334310561953,2,2,37.41997060415253,8,0,-5.438839886127131,-1.3046787217982208,4.13416116432891,1.368076830161136,10.756973466873534,12.725638758012558,1,3,0,2,263.8671251889489,5.034421279015281,0,True,-1.9686652911390237
MOL03291,GPCR,273.24552309443703,3.650474669358311,3,6,84.06588652257427,5,1,-5.953327257229551,-2.6370258632234487,3.3163013940061026,3.388289850555414,10.49106526442061,10.722891634398165,1,6,0,0,378.04387099223703,7.444538976496184,0,True,-0.23182636997755424
MOL03292,protease,386.28716309032814,3.4937043125558347,0,8,94.64687632751074,5,1,-6.323749428048436,-1.692819211113969,4.630930216934467,3.9367249375517837,10.797475248465368,9.905792858142625,2,1,1,0,346.1900144120807,6.031278051412067,0,True,0.8916823903227424
MOL03293,nuclear_receptor,283.27899780683833,4.534827622521328,2,2,22.29239139977324,9,2,-5.361504088150674,-1.3266775499297512,4.034826538220923,1.0144061021240671,9.654678097535376,9.8111262188597,1,8,1,0,498.8924383909049,6.545934243498931,0,True,-0.15644812132432406
MOL03294,protease,325.6342028822858,1.811375453702352,3,5,95.55823611382509,7,4,-6.059157530666003,-2.8623973229448807,3.196760207721122,3.86422223924208,13.823145484935585,18.28748709099339,1,2,3,2,453.8402903474581,5.0040172471877025,0,True,-4.464341606057806
MOL03295,other,278.9636728026472,3.320040991660505,2,1,30.588052497243993,7,1,-6.418045364040132,-1.6007655518806847,4.8172798121594465,2.1188304854919786,9.195940070482509,9.919305163072174,2,8,0,2,366.33967519491677,6.5411376491896895,0,True,-0.7233650925896651
MOL03296,kinase,416.98717321557814,2.7039891359447177,1,7,101.70946142668117,8,0,-6.305798772355957,-1.622305012098464,4.683493760257493,3.1771358522106756,11.812897902256877,12.45420244179219,2,3,0,2,305.9527576811136,6.479102523429927,0,True,-0.6413045395353141
MOL03297,other,511.6946728089037,2.5804829634329676,0,2,51.82704955501198,6,2,-6.335764250283866,-1.6621790984880374,4.6735851517958285,2.6101504151947403,12.220057726039194,13.096136316113585,0,1,2,1,229.79365565197713,5.705689223268295,1,False,-0.8760785900743908
MOL03298,epigenetic,238.11021079489666,1.6811769400864178,3,5,71.49710941544086,6,2,-6.026657270905496,-1.9906841632328343,4.035973107672662,3.0469169104609426,10.549532379527937,12.830734858942279,1,4,2,0,406.0576455896224,6.120673854554386,0,True,-2.2812024794143415
MOL03299,other,353.0322665522856,4.747957600316534,1,2,35.762869880203105,2,5,-5.168200568106789,-2.954296666255647,2.213903901851142,0.0,11.301969630485242,12.36591592155685,0,10,5,1,554.850976318219,7.025944251503885,0,True,-1.0639462910716073
MOL03300,kinase,507.64008895246263,0.03981470270460541,0,5,74.32318622027506,3,3,-6.607116463807238,-1.895010029629371,4.712106434177867,4.148552697438703,12.342820524337744,15.676683122301945,1,3,2,1,428.2974722037769,7.179031504487549,1,False,-3.3338625979642007
MOL03301,GPCR,366.80905879409625,2.462805634004394,2,4,61.70889125874369,3,3,-5.7047218632259415,-2.2877418092080486,3.416980054017893,1.85777857992841,10.342913194054189,11.774978869530234,1,4,1,1,241.20097500395482,6.439661124644203,0,True,-1.4320656754760446
MOL03302,epigenetic,506.63273435164183,2.295428412854677,1,5,63.96907308524841,10,2,-5.788024077683092,-2.5438827145202993,3.2441413631627927,2.077573974157598,13.368897164542707,13.418074133942055,0,6,4,1,443.7630557103311,7.114764349955694,1,False,-0.04917696939934757
MOL03303,GPCR,394.4723624470894,0.32398705205319844,1,4,69.74066779552696,5,1,-6.488324704324263,-2.7125206694036397,3.7758040349206237,4.294153612842022,12.004250934327048,13.76484160581917,1,2,0,2,236.20908979025302,5.663163002913656,0,True,-1.7605906714921211
MOL03304,GPCR,362.45114569153617,2.7850802968885557,1,5,78.49874777869901,14,2,-5.513562674799798,-1.4464261697819203,4.067136505017878,2.9253613903352664,12.586144985425316,12.900398464605015,1,10,0,0,418.8954604041525,6.611820644058887,0,True,-0.31425347917969937
MOL03305,kinase,359.0465142681686,3.1326309149102687,1,3,42.21604206224476,2,1,-6.712665304658826,-0.9490924703587115,5.763572834300114,2.363043241297952,8.46111582839776,6.861080955937891,0,10,1,1,522.0218556688314,7.952950113522916,0,True,1.6000348724598696
MOL03306,epigenetic,511.8004419595261,5.192821067797136,2,6,97.73798001745484,7,3,-6.3751292442742065,-2.756655784864937,3.6184734594092696,3.851834885800344,15.734715799498389,18.574225191242597,3,10,1,1,436.1604796230836,6.0600974245018016,2,False,-2.8395093917442082
MOL03307,nuclear_receptor,527.6872407639776,3.4742527510207664,2,6,95.13860437804529,5,3,-6.025236977302781,-1.447365839076948,4.5778711382258335,3.8541919764308137,14.226794956890263,17.71185319890143,3,8,2,1,522.3326251077856,7.7980298771595775,1,False,-3.485058242011167
MOL03308,GPCR,440.93480963821827,2.378062499204081,1,9,105.85587939989541,5,1,-6.035511971179996,-2.013917782244071,4.021594188935925,3.782961815548021,12.52397414278136,13.05555769724075,1,5,0,1,394.9006890513757,8.780203459640742,0,True,-0.5315835544593916
MOL03309,other,415.2981702414597,2.802248360887147,2,5,84.51303970493034,1,0,-6.722126670324821,-2.467408108609166,4.254718561715655,3.6321493509318117,10.772045309375281,13.471394025633412,3,4,0,2,398.9022275455389,6.841014742261216,0,True,-2.6993487162581307
MOL03310,GPCR,457.2958058277217,1.9541226537735907,1,3,38.14514886472027,5,1,-5.689281601875693,-1.8726761212449146,3.816605480630778,1.458360950983703,10.184123384607226,11.99692404774002,0,2,0,2,290.90145504947617,5.459268744043327,0,True,-1.8128006631327942
MOL03311,GPCR,295.604488481939,2.040146601122273,1,2,51.784235973280936,6,0,-6.913427226687897,-0.25962768477357967,6.653799541914317,1.9628722411790214,8.90558999268565,9.66616812236202,0,3,0,1,282.4526965091255,7.105491184701035,0,True,-0.7605781296763698
MOL03312,PPI,290.6608909180193,3.735604393378731,0,6,62.70501454487788,8,2,-5.364639624459837,-1.4667884327138225,3.897851191746015,4.1380141710080505,11.322207460695068,10.928041429169713,1,5,0,0,288.52259798975604,4.95722045813002,0,True,0.394166031525355
MOL03313,protease,334.80149216047977,3.289224080135968,2,3,56.758806476738044,5,2,-5.921365205944944,-2.7833429099236016,3.138022296021343,2.9892297592108403,10.575966587397502,10.74511727535463,0,7,3,2,402.65625026238735,8.28682025395968,0,True,-0.16915068795712784
MOL03314,protease,290.6061047023605,2.719958598608983,4,7,127.67875985937758,7,1,-6.3813032683057065,-3.0820313865695694,3.299271881736137,4.317514722941623,14.026329342732973,14.957502702672086,4,3,0,1,362.9638638476495,6.508607706977036,0,True,-0.9311733599391125
MOL03315,GPCR,319.63696566535793,2.8262466335564826,2,3,68.35739610156836,5,2,-5.89154309384081,-2.287308332597951,3.6042347612428594,2.924761489445115,10.70236010082067,12.437625112870066,0,4,4,0,412.6040930408677,7.190384440913577,0,True,-1.7352650120493962
MOL03316,protease,354.82986132513366,2.960772216376585,0,6,67.60877341990003,5,2,-5.717602864634791,-1.2416105304676133,4.475992334167177,2.807770769813159,10.440394694480199,11.780158040322213,0,2,1,2,333.05681743310254,7.361838014197421,0,True,-1.3397633458420142
MOL03317,protease,244.38659788766478,0.651688238254214,0,5,65.39058418650254,2,1,-6.357883366389209,-1.9334549671948362,4.4244283991943725,3.008729193498851,6.379840155335295,8.712062403127426,2,2,2,0,221.22140739550528,6.931892581126927,0,True,-2.3322222477921315
MOL03318,GPCR,424.0982674383895,5.955917670378945,0,7,89.5029724345382,2,4,-5.903972570319087,-1.9101901606987193,3.9937824096203673,1.6334148401309856,12.79346232877555,15.819412088420886,3,15,3,2,581.048304249848,8.706602044686017,1,False,-3.0259497596453357
MOL03319,epigenetic,310.29040242554015,4.697499788786985,2,3,37.04230258661739,10,2,-6.591164164165161,-1.4959046876208206,5.09525947654434,1.3320517518889945,10.240341074437248,8.72677501093343,0,6,1,1,410.8798330153115,5.657642829717814,0,True,1.5135660635038182
MOL03320,kinase,291.47502139003745,0.7072142654713147,1,3,62.67601033508667,5,5,-6.375894337679691,-2.779295287880303,3.596599049799388,3.085683895316037,12.217107666179958,14.083824166142364,0,0,3,1,331.76838713137187,6.62404514740556,0,True,-1.866716499962406
MOL03321,GPCR,340.7699943623476,1.8226259485127065,2,7,70.99169699711607,8,2,-6.52047390784424,-1.2992107874187453,5.221263120425494,2.5856481045620248,12.629079678238536,13.823752745248866,3,6,1,2,430.28329182393196,7.258406943314656,0,True,-1.1946730670103296
MOL03322,other,364.51539707419215,4.730675201006369,2,3,43.22971013627214,5,3,-5.952500332528754,-1.4471489035749092,4.505351428953845,1.969339240412551,10.832328701250768,13.392040881753767,2,7,1,1,412.7129630008583,5.9423603608880935,0,True,-2.5597121805029985
MOL03323,PPI,269.8776223924957,1.2934590882324843,0,5,58.93557735952396,7,4,-6.665824913639818,-2.244609514358067,4.421215399281751,3.27543042974154,11.055358241342983,13.123864066690054,1,5,1,1,361.12660165403474,5.032847333054252,0,True,-2.0685058253470707
MOL03324,kinase,271.71879323930176,-0.006277373637082917,1,8,89.48593155201982,3,1,-6.617444412196605,-3.1130640584874616,3.504380353709143,5.388812084159276,11.216000571956414,15.71807355494305,1,3,1,0,312.6028825321276,6.5044408214748115,0,True,-4.502072982986636
MOL03325,nuclear_receptor,327.5461084127098,3.29634440105214,2,5,53.81720956673455,5,0,-6.191962770352832,-0.9780115573688153,5.213951212984017,1.6872937647311748,9.234432605564773,11.812941068578182,1,5,0,0,396.8188192797401,5.187632661105967,0,True,-2.5785084630134083
MOL03326,kinase,344.08767101608123,2.1009687880096624,0,6,82.0734618604479,5,0,-6.163730523989646,-1.3563500451109654,4.80738047887868,4.157573339486472,10.34055205107144,12.097926636460135,0,6,0,1,425.84694471429253,5.866359821271227,0,True,-1.7573745853886962
MOL03327,GPCR,296.7581951254644,2.983132186269767,3,9,123.69216122317474,10,3,-5.636387765303359,-3.3880659560209896,2.24832180928237,4.754897406911645,16.51035210046193,17.124946802286924,4,7,1,1,589.9122435621784,6.805258623820863,0,True,-0.6145947018249949
MOL03328,epigenetic,487.47140883889887,0.26624721243886595,0,6,59.210474904669894,2,2,-7.0045124231409455,-1.8693672602002387,5.135145162940707,2.923623320734296,10.99505877496964,11.924646248657924,1,4,1,2,398.7145646860868,6.007448215255457,0,True,-0.929587473688283
MOL03329,kinase,294.2782509771049,3.2938641562481323,1,6,64.0517131596578,4,0,-6.117373877723058,-1.366524884057825,4.750848993665233,3.799431357360727,9.385486998363284,4.9277352799982355,0,8,0,0,469.88358140247004,5.931075988956046,0,True,4.457751718365048
MOL03330,ion_channel,469.56863074983517,3.768854839884191,5,7,114.13068118839246,2,3,-6.316842785047988,-3.6267860935621643,2.6900566914858235,4.105514407789253,15.410299525498525,17.58060241389274,5,5,6,1,591.6757745032111,8.804676637302705,0,True,-2.1703028883942164
MOL03331,PPI,432.4659284054981,3.059732802912052,3,4,62.92611501422451,5,0,-6.570939094957603,-2.7981856713688247,3.772753423588778,2.481329176977934,10.998605133032063,13.30780431914731,2,5,0,0,338.56034699485554,7.156164810916666,0,True,-2.309199186115247
MOL03332,other,398.992381814922,1.1731257009211893,1,6,68.5527293010281,5,2,-6.7363657908047845,-1.8765984734238537,4.859767317380931,4.08085929051561,12.098369421930938,12.861868345960954,1,1,1,1,330.58581128509877,6.179222454411128,0,True,-0.7634989240300154
MOL03333,GPCR,270.6361061770722,1.588108616456181,3,7,73.09805931147753,4,0,-6.366421347287233,-2.0281918383660034,4.338229508921229,3.300848666015469,9.909505721711467,12.803490217826774,3,7,0,2,407.9645737003076,6.27332324573026,0,True,-2.8939844961153067
MOL03334,GPCR,488.42659939117516,2.9617217840883576,2,3,41.36592089756154,7,2,-5.698691083469187,-2.539453621534434,3.159237461934753,1.9301503735939716,12.843979955176085,13.80420289781645,0,8,1,2,389.15144635952686,6.648814497713176,0,True,-0.9602229426403657
MOL03335,ion_channel,497.4816111800861,3.4196778598847013,3,6,100.80905731687444,6,0,-6.075419477837697,-2.481874860757933,3.593544617079764,5.292543149248391,14.954270532255714,16.993376285590855,1,6,1,1,420.1878381851981,6.762170541754763,0,True,-2.039105753335141
MOL03336,kinase,339.0774769437538,-0.2999422576714519,2,6,46.749127361907405,5,3,-6.825324539027803,-1.857245811590671,4.968078727437132,2.4933845442788574,11.371914434372094,16.148193247335193,0,4,2,0,339.20381257918325,4.830107464286863,0,True,-4.776278812963099
MOL03337,kinase,372.31494997887563,2.6434926886003427,1,1,5.0,5,2,-7.065260390575862,-2.0753561032748586,4.9899042873010035,0.7776534679062058,7.911121595774499,9.842762138640309,0,1,1,0,305.44116286157555,5.463035881575099,0,True,-1.9316405428658099
MOL03338,GPCR,417.3378780803772,1.131588830208557,1,5,83.48528235503858,8,2,-6.700707794210732,-2.7800440334179006,3.9206637607928316,4.185442927141253,13.770476695253318,13.283741950025057,2,3,1,1,308.4477524028353,7.276128663431236,0,True,0.48673474522826154
MOL03339,protease,324.1199715074788,2.7280365512791134,2,4,34.39613373184784,6,2,-5.678665442936087,-1.6639137696148771,4.014751673321211,2.5609173670844703,10.345206558634557,11.358642763791137,0,2,0,2,253.5524252804537,7.280047982972151,0,True,-1.0134362051565802
MOL03340,GPCR,299.8893829377259,5.138031534015847,2,2,34.456160311404574,7,2,-5.665427712108007,-0.9758519137395015,4.689575798368506,0.3517274904851212,9.974467200898845,9.700894615469538,1,6,0,2,363.6836022652584,7.2845745637541315,1,False,0.2735725854293065
MOL03341,PPI,253.9687775684372,4.742946224409925,1,0,16.008534427889124,3,2,-5.34855863767474,-1.7918177388082315,3.556740898866509,0.3529719432245293,8.204495204457658,9.853645424865872,1,4,2,0,318.9238132922824,8.313320400337588,0,True,-1.649150220408215
MOL03342,kinase,526.3679625520981,4.453776927230954,3,5,71.99882662789851,5,3,-5.664550094335432,-1.9137004848380523,3.7508496094973798,3.9657728527782306,15.56277811675092,14.303097765486351,2,9,1,2,518.0896300561844,8.65720772531212,1,False,1.259680351264569
MOL03343,nuclear_receptor,296.30415347830376,3.102668697973578,1,5,83.59011855195583,3,1,-7.169784719644771,-1.5286511544269843,5.641133565217787,3.64339663381404,9.675139825528065,10.19386852119463,1,7,0,2,431.82158516682665,6.956622943156248,0,True,-0.5187286956665655
MOL03344,nuclear_receptor,332.65427370343895,2.5038931716870905,4,9,106.0343834803754,6,2,-6.142946598866776,-1.9358581614071355,4.207088437459641,4.222057253911281,15.164355247358348,16.05812768681067,3,5,2,1,379.8444253767952,8.00804362464907,0,True,-0.8937724394523237
MOL03345,kinase,206.44757428315867,-0.09821674474863995,3,2,24.503328983950624,7,0,-6.381748583440697,-1.8301157746595733,4.5516328087811235,3.2858593956690543,8.975398132553424,10.040786408068675,1,2,0,1,368.97210812212046,5.469041155957151,0,True,-1.0653882755152502
MOL03346,GPCR,400.37332468191676,3.030758571661351,2,7,106.98583820644743,2,1,-6.49700608345281,-2.0429835694228435,4.454022514029966,3.6442856651629945,11.723255781780257,13.802925165909969,1,4,1,1,326.9201885280096,4.999438513130171,0,True,-2.079669384129712
MOL03347,PPI,334.57330104226327,2.1129314640515022,1,6,62.893396468436045,8,4,-6.015979738171525,-3.215134217070849,2.8008455211006766,3.312137759176659,13.435953591743166,13.158616897116914,2,4,1,1,451.58122923220617,7.798281555443138,0,True,0.27733669462625166
MOL03348,protease,518.4078761858501,3.1997886135452718,4,5,98.61561555826448,3,2,-5.597496879065954,-2.0689700413113448,3.528526837754609,2.5619840765594457,13.407336755129599,16.120911556274528,0,3,4,1,348.7578906485111,5.976915687138483,1,False,-2.7135748011449294
MOL03349,kinase,405.2616921647891,1.6179439460228882,3,7,106.28298166921562,8,3,-6.4571018864783065,-2.8300715707734687,3.627030315704838,4.887795613930442,15.565200968981083,14.81472721559294,4,5,2,2,274.56601932082367,7.837862528053716,0,True,0.7504737533881425
MOL03350,ion_channel,236.41722347229222,2.803811695779664,1,5,54.30597140667636,3,1,-6.585776083040915,-1.8151372487488313,4.770638834292083,2.6325014306470114,8.123490964754389,5.665629246596433,0,6,2,1,433.2088919688534,5.4603008422245765,0,True,2.4578617181579556
MOL03351,protease,272.9978737929907,1.376379390005882,1,3,58.60076993391745,6,4,-5.541414456669136,-3.0224414707051808,2.518972985963955,2.4854787391233413,10.499882822991582,13.808311824224688,1,2,1,2,336.3479929023863,6.359210974488966,0,True,-3.3084290012331063
MOL03352,PPI,243.30148231995594,4.08060603030621,1,2,37.73619676929741,4,0,-5.957051874340419,-1.939572325815258,4.017479548525161,0.564319207457012,7.079052067987234,4.106769430272413,0,7,0,1,411.90058386729277,6.967471484695307,0,True,2.9722826377148213
MOL03353,protease,245.26866337071644,1.6354310070955949,1,5,46.935288017057175,2,3,-6.920086483660208,-1.5552194120645955,5.364867071595613,2.748275297124797,8.688402370903928,8.657714648001967,1,2,0,2,336.9790154767416,6.288466580852557,0,True,0.030687722901960868
MOL03354,GPCR,200.379305372667,4.708030316001216,0,5,64.28642224934937,5,0,-6.056844200249998,-1.0101430351334155,5.046701165116582,0.6460548538815294,6.112232725791276,6.660948345490856,0,3,0,1,156.8445519546862,5.292118640451142,0,True,-0.5487156196995802
MOL03355,epigenetic,402.31367178300115,1.746486201893543,0,7,75.20417383423766,5,3,-5.788029716405694,-2.001047808371359,3.7869819080343348,3.5431263901200305,12.353216793875363,12.256176801514624,1,7,2,2,361.75544747167584,6.685232983990615,0,True,0.0970399923607399
MOL03356,kinase,533.8215067203045,2.9842855832107,2,6,82.48030832902575,6,4,-6.179473245205385,-3.297196142726058,2.8822771024793266,4.493416777422128,16.74341674186932,16.480553336291052,0,8,1,2,378.15985061861414,6.710232356702919,1,False,0.26286340557826904
MOL03357,protease,498.9122836329781,2.894747671572723,3,9,107.5731612343132,3,3,-5.84857282872705,-2.8989816162845625,2.949591212442488,4.983508413288045,16.84498459116348,21.458902895502806,4,6,2,2,455.5166331226777,8.605576806482512,0,True,-4.613918304339325
MOL03358,protease,301.87821374796965,2.6159448565221446,1,3,33.00454541475068,2,2,-5.889531255790806,-1.4181656737440957,4.47136558204671,1.2650461384089096,7.005740695463085,10.999360967847224,0,3,2,1,345.8492693934636,6.240646597814362,0,True,-3.993620272384139
MOL03359,GPCR,242.96116596194955,3.819412161977918,2,10,123.06714828131103,3,4,-6.098538643957916,-3.049208189005689,3.049330454952227,4.92908539066615,13.850783037091217,15.346633969356494,1,10,2,1,636.5742069975489,6.6969452395895335,0,True,-1.4958509322652773
MOL03360,protease,286.75836067398336,2.100195770976305,3,8,68.64071049351179,7,3,-6.410341089397238,-2.0183436527066103,4.391997436690628,3.9191144091435635,13.284965432525926,15.324299880736,0,3,2,1,411.9943520058288,6.886255939878206,0,True,-2.0393344482100737
MOL03361,nuclear_receptor,521.1003870049262,4.085735960761049,1,2,45.96831763180725,5,1,-6.3393532226320914,-1.2106212470824067,5.128731975549685,0.9643787797243211,11.173693104396486,14.886230200800107,0,5,1,1,406.4586289133697,4.972907378476732,1,False,-3.7125370964036204
MOL03362,other,289.79741378168654,3.2282847895499387,2,2,55.229868855062676,4,3,-6.348282351067882,-1.2378737062031169,5.110408644864765,2.7552217936218155,10.245205871908597,12.320634377761786,1,7,2,2,493.4734709543511,6.521791690626168,0,True,-2.075428505853189
MOL03363,ion_channel,214.03645382524928,2.170526006065567,2,5,75.82076783774833,5,1,-5.475529339675144,-2.6188757671119705,2.8566535725631734,4.0922654574672555,10.367385794743772,10.717848231531804,1,3,2,2,306.38674535106844,7.053745730818195,0,True,-0.3504624367880318
MOL03364,protease,341.3625025297773,0.4447783133427041,0,4,67.59490338780022,8,1,-6.7069752883791685,-1.4029728159277584,5.30400247245141,3.2616070818858236,11.531032684828821,9.921099208924055,0,3,0,2,249.78152462964783,6.412534653049008,0,True,1.609933475904766
MOL03365,GPCR,268.9554180906889,1.1439410503675729,0,8,85.65778962182164,4,5,-6.4471557036444,-2.764304761334009,3.6828509423103912,3.1356849004563045,10.74094611876225,13.280734638665109,2,5,4,0,513.833471915113,6.521137475450118,0,True,-2.5397885199028583
MOL03366,kinase,288.34476426644534,5.607747038667082,2,5,49.31763941179749,7,3,-5.262973063823339,-1.656718138697823,3.6062549251255165,1.2729550407084742,11.654028190448967,12.180112717117147,2,11,1,1,508.5865432265372,6.807784605540654,1,False,-0.5260845266681802
MOL03367,PPI,404.8581373914377,3.444353632705004,2,5,103.34637314906654,13,3,-6.3281259388305555,-2.5265744681074924,3.801551470723063,4.161248249355807,15.643435448769774,14.916976029735451,2,9,1,1,429.8034487650806,5.391283211603384,0,True,0.7264594190343221
MOL03368,PPI,422.50280993915675,2.1008507746461125,4,8,114.51257423261836,8,1,-6.441814957396062,-2.495087928902378,3.946727028493684,5.2820833138526515,16.641889178480746,15.861835024372947,3,4,1,1,313.6383452130306,4.496414778110021,0,True,0.7800541541077983
MOL03369,epigenetic,234.1433991711006,3.5048927406289607,0,10,119.9932480844083,1,2,-6.040679714751989,-2.8476932926075738,3.1929864221444153,3.4031006881244346,7.986988329066114,8.661279712546971,2,5,2,1,385.38866999391456,6.921672797217689,0,True,-0.674291383480857
MOL03370,epigenetic,120.0,5.445839144764808,1,2,29.713001518161462,5,4,-5.611285008792678,-1.632845358583778,3.9784396502089,0.0,7.565900826063053,8.648279913335541,0,8,4,1,458.7925061504881,6.155992311243249,1,False,-1.0823790872724883
MOL03371,GPCR,311.93219607871475,2.698992255586346,0,3,39.85666902922995,8,2,-5.7586215023051395,-1.9445906713291228,3.8140308309760167,1.2503531677814412,8.531460634577066,9.078238074475404,3,2,0,1,274.89064058622654,7.408001533019485,0,True,-0.5467774398983387
MOL03372,PPI,211.74535221999307,2.990892352598718,2,9,91.00617458885526,5,3,-6.206055970315863,-2.205973077361221,4.000082892954643,3.6397127797880895,11.033114159543727,11.078899800162002,2,4,2,1,421.31154367828765,4.832597892321209,0,True,-0.04578564061827528
MOL03373,kinase,213.95367330163276,1.7868889327343942,2,3,47.14102883146593,6,0,-6.394173086256856,-1.7782694315620289,4.6159036546948276,2.404267494593048,8.354032754273288,9.548505959921497,5,1,0,1,308.9452557999795,7.9766905297719735,0,True,-1.19447320564821
MOL03374,nuclear_receptor,313.7111608935678,2.5316358815080293,4,5,74.12473727895814,3,3,-5.768170495809622,-2.031747955702654,3.736422540106968,3.453410478406679,11.896299573581146,13.580055319081442,2,7,2,2,538.3820932855075,7.604988394676432,0,True,-1.6837557455002958
MOL03375,protease,121.0736528341813,3.137991717576995,5,7,88.55140420821306,8,1,-5.894109518376412,-2.0048834468033387,3.8892260715730735,3.0366566530837193,11.139244163969675,11.69941632686857,2,7,0,1,453.8886216144333,6.611341748388677,0,True,-0.5601721628988958
MOL03376,kinase,436.6041566378362,2.041282804025584,2,2,48.388268684825974,5,2,-6.6835924709432035,-2.358266655662153,4.325325815281051,1.4929233521136,11.334202668718984,13.316081568897749,1,3,0,1,282.9143524169412,5.914424209741905,0,True,-1.9818789001787653
MOL03377,GPCR,269.9584711782363,4.540543643048749,4,4,64.34542967233573,6,3,-5.745452240229793,-1.658884709997809,4.086567530231983,2.3646928998698873,10.71985177364909,12.33762275270818,3,7,3,1,509.57204616828705,9.265427721452795,0,True,-1.61777097905909
MOL03378,ion_channel,334.14997908711246,3.5040522257138504,0,4,58.72909332434119,3,1,-6.171822754758356,-0.9249491165011706,5.246873638257186,2.9924878479900108,8.731014799573108,8.41512451148263,0,3,1,2,386.795702623652,7.04602181341705,0,True,0.31589028809047903
MOL03379,kinase,498.78050915720246,5.76925202208181,2,4,51.07946313865047,4,2,-5.597337151562277,-2.7533483429538874,2.8439888086083895,0.11271711046348076,13.388702490153657,16.304584981323185,1,4,0,1,287.4267360219507,4.732916482802926,1,False,-2.915882491169528
MOL03380,other,260.5603514294129,3.9280644034355503,1,4,46.370872734437214,8,2,-6.152562443387494,-1.2602918308100546,4.892270612577439,2.1857119326271737,10.177930188611196,12.343418217627079,0,6,1,2,485.7513398281237,7.211125953205031,0,True,-2.165488029015883
MOL03381,GPCR,438.58083582723907,2.3769331285959567,2,6,84.89803834276266,4,2,-6.000948140232592,-2.0203756301524565,3.9805725100801355,2.2915663975908216,11.644907282317442,11.09004525912887,2,6,2,1,293.7341111512281,4.706091431710259,0,True,0.5548620231885728
MOL03382,protease,376.5469535929499,2.267037111080807,0,9,92.1389020857969,7,3,-6.1847391366569635,-2.196934718225966,3.9878044184309975,4.276102526897658,12.40677648797014,12.975154723459994,1,9,1,2,394.43392255459503,7.76242409443168,0,True,-0.5683782354898543
MOL03383,GPCR,306.0228464105346,2.855655114801818,1,5,66.47868197037634,4,2,-6.763761046902627,-1.414974457670475,5.3487865892321524,3.418815354951967,10.667516618212202,14.722182709115224,1,6,1,0,472.7862235017428,7.637977551542093,0,True,-4.054666090903021
MOL03384,PPI,281.38908942059635,2.809164208594125,0,2,39.69218136857001,5,2,-5.956299974021192,-1.8828148621254368,4.073485111895756,1.2869141603039633,8.342362698510472,7.782351781401699,1,5,0,2,323.3214174141165,5.53590665562966,0,True,0.560010917108773
MOL03385,protease,343.99631296726676,1.1119710630140065,0,6,86.58059126379717,1,5,-6.3104580147833325,-2.2363500120622843,4.074108002721048,3.992161496232114,10.273818705085828,12.135016031721927,1,5,8,0,545.9598795025361,7.687357002976503,0,True,-1.8611973266360984
MOL03386,GPCR,369.2933756600903,3.390362397270492,2,9,119.30368082669236,3,0,-6.496779704596189,-1.6363245097823058,4.860455194813882,4.234570646205702,11.792063579911337,11.514625460296436,2,5,1,2,362.8309969007308,4.5732162046604845,0,True,0.27743811961490117
MOL03387,kinase,248.35312745541393,2.4135066204930213,0,3,42.397465985351644,4,1,-5.938867419724689,-2.1467016269577743,3.7921657927669146,2.366500322941085,7.327500639500794,4.527249057475787,0,4,0,2,233.96775930170594,6.182227347276738,0,True,2.800251582025007
MOL03388,GPCR,543.2391318320279,3.567730827924587,2,2,52.184654183657926,6,3,-5.203478400646973,-1.6950197285793127,3.5084586720676603,2.6064613684887856,13.477554086894886,12.351211576698656,1,9,2,1,463.295188506799,8.600008600676027,1,False,1.1263425101962294
MOL03389,protease,296.2187173309777,0.5996130757906153,0,2,44.903146058751915,6,1,-6.769691234496831,-1.8332216723348032,4.936469562162028,1.6954341026223525,9.397216976697235,10.979721141305012,1,5,0,1,326.552417933681,7.077764435315123,0,True,-1.5825041646077764
MOL03390,kinase,443.8818892459696,1.5176936614154946,2,3,72.20750356297874,6,1,-6.264839664791838,-1.9568256324028872,4.30801403238895,1.5110475398532477,10.79510974873995,12.503075352977929,3,0,1,1,162.44209536677496,5.844162830345795,0,True,-1.7079656042379785
MOL03391,epigenetic,425.8594401925289,0.9183912803014205,1,4,63.106099528410375,6,1,-6.256074008476937,-1.757616765821732,4.498457242655205,2.1355466978254376,11.156850861336665,10.993528880139062,1,4,1,2,348.41303234159136,6.126226700657748,0,True,0.163321981197603
MOL03392,nuclear_receptor,178.54898475163256,2.504727578801709,2,10,130.06067304565403,5,2,-5.794503107991105,-2.9312407917103735,2.863262316280731,5.161480185392815,12.311254054734924,12.038143559444093,2,5,1,0,428.21562646217575,5.402143672070734,0,True,0.2731104952908314
MOL03393,other,407.2387898762232,3.6160044135869214,1,10,88.0577072572857,2,1,-6.336192948155633,-1.6678821748093744,4.668310773346258,3.7627103317526016,11.086216830653445,15.05280677006154,1,6,1,1,389.7693101867222,6.064008417175588,0,True,-3.9665899394080952
MOL03394,ion_channel,248.17771253632128,1.6189450160078418,0,4,55.146633661418235,3,5,-6.3635170155947876,-2.1562150201933403,4.207301995401448,2.3817441979710194,8.52160582236074,5.282061005747574,0,3,4,1,448.7875571413304,7.341724235589621,0,True,3.239544816613167
MOL03395,kinase,367.4461527865359,2.4720870114391493,0,2,39.967660896201934,2,2,-5.373630369229,-1.2890622826064493,4.08456808662255,2.1188548816054955,8.947627345208721,11.1601188071243,2,4,0,0,304.24276051682347,7.067628727894926,0,True,-2.2124914619155795
MOL03396,kinase,250.99323903309434,-0.546480249586847,3,2,36.96726165062279,5,1,-6.155591749136878,-1.700631867322806,4.454959881814072,2.545803188757764,8.69285687825102,8.049027227578755,3,1,0,0,236.442439730717,7.050303588655083,0,True,0.6438296506722647
MOL03397,other,373.34465297253104,3.948172973343686,1,4,78.12679386810238,4,1,-5.950913418851723,-2.381122261480445,3.569791157371278,2.5295468303631345,9.377398586348448,11.041330477450833,0,4,1,1,308.7542195828996,6.712943649954157,0,True,-1.6639318911023846
MOL03398,PPI,301.99862729776794,1.7132692904381446,0,4,63.33741966732465,5,3,-6.158055976029536,-2.6266561398341755,3.531399836195361,2.487557043810505,10.394944388368451,11.795064046464677,0,4,0,1,335.44824859184007,6.141156445344001,0,True,-1.4001196580962265
MOL03399,GPCR,437.0738763092078,1.153442456282128,1,1,10.103599930463478,2,2,-5.857176910839541,-2.028089146620549,3.8290877642189916,1.130282817284234,9.700931013672824,11.992474121987536,1,0,1,0,390.59037519165724,5.608067390519914,0,True,-2.2915431083147126
MOL03400,GPCR,430.26460377330295,-0.6730357063124321,1,2,35.27115492669381,6,1,-6.664851907781882,-1.9475265826707089,4.717325325111173,2.0248340897401778,10.09343521065159,9.546307796125284,0,6,5,1,479.27673837250603,6.929556034372055,0,True,0.5471274145263063
MOL03401,kinase,431.68961417655885,3.318265838095969,3,3,49.27128393448959,3,0,-6.546755095025819,-2.1404123768013017,4.406342718224518,1.8620559670787207,9.489130788542367,9.193265955938713,0,9,0,2,401.6295724610796,4.51984050155235,0,True,0.2958648326036535
MOL03402,kinase,269.45692157088223,1.6513783636103863,4,3,87.44512635595555,5,2,-6.416486239483723,-2.1954229115483774,4.2210633279353456,3.0168934971236534,10.021446913926654,7.765835805340718,1,3,2,2,254.31702133939407,4.914900895737619,0,True,2.2556111085859367
MOL03403,other,486.07474804427363,4.082154163071564,0,8,90.17648901433826,2,0,-6.233559505524296,-1.1256486215706984,5.107910883953597,4.218925793763201,10.797723059467685,11.676551100589084,1,9,0,2,456.07970556468246,5.559911408083758,0,True,-0.8788280411213982
MOL03404,GPCR,266.03809964895567,3.9703599445107587,3,4,78.12906802029563,10,3,-5.6039133922673,-2.025110872023324,3.578802520243976,3.4119466948622312,13.226427640392277,14.763591969366415,3,8,2,2,564.2824915844967,8.566513397949825,0,True,-1.5371643289741375
MOL03405,kinase,344.17087441233446,4.566989227713414,2,7,69.0991515455643,9,0,-6.272545012236367,-2.320683346162997,3.9518616660733694,4.011562483792326,12.970546140618698,13.781246218889986,2,4,1,1,405.1610177548128,6.834464720220394,0,True,-0.8107000782712888
MOL03406,protease,453.18747213013353,3.397572556713995,1,4,52.19919870895884,5,0,-6.219531336195184,-1.6188147134629294,4.6007166227322545,2.8809086091357266,10.235999287506836,11.358555167979025,1,1,0,1,358.840334504342,5.115709534663334,0,True,-1.1225558804721896
MOL03407,protease,330.5596725569642,2.4193978881022304,1,5,76.99886281294027,6,3,-6.790318560912657,-2.2655923221441694,4.524726238768487,3.583051851206294,11.433981196015337,12.225703653833204,0,3,1,1,296.22069841529657,4.660441047255025,0,True,-0.7917224578178672
MOL03408,nuclear_receptor,153.4992678338502,1.3597302949971048,4,3,52.59580849515156,7,5,-5.812167103340388,-2.2654085725196538,3.5467585308207346,2.6646508973165295,10.826463052417305,10.67859177136742,3,8,1,1,336.6281422938308,6.427239108509974,0,True,0.14787128104988412
MOL03409,kinase,360.4561556371189,3.5875830857503566,1,5,72.11591020409358,4,1,-5.8465287025657595,-2.6169920339985793,3.2295366685671802,2.2666563968947258,9.379259000297784,9.78444615519507,1,5,1,2,386.5214686453942,7.024413506379116,0,True,-0.40518715489728585
MOL03410,protease,182.70841234029172,1.5161372792704448,0,3,72.78246270606498,5,3,-6.8197253452965185,-2.0690140933141867,4.750711251982332,1.2678087429825684,7.264316073120484,11.514886203079826,0,5,2,2,362.1720137745309,6.8694894183358235,0,True,-4.250570129959342
MOL03411,epigenetic,511.6853343594504,4.597244990997981,1,1,40.80520739448153,6,2,-6.265761930145749,-2.1586317427971546,4.107130187348595,0.9770686144418963,12.573898218911648,13.094886908461508,0,6,2,1,412.07798369048976,5.487975929242097,1,False,-0.5209886895498599
MOL03412,epigenetic,296.2549366507764,3.267501939217343,3,4,66.05472912133553,4,4,-6.073765141742715,-1.9429627226036543,4.13080241913906,2.511533191583364,10.119958321497855,9.867428150511522,2,4,0,2,380.4158790078925,8.182642915570925,0,True,0.2525301709863328
MOL03413,GPCR,454.8415716443427,3.036830273108615,0,3,52.84417853692815,2,1,-6.26689740752155,-1.3792687612049277,4.887628646316623,2.3257744854838927,8.913552664459438,12.352686261788328,0,1,0,2,170.5969277077095,6.912120895961804,0,True,-3.4391335973288903
MOL03414,kinase,120.0,3.8763234312079833,1,4,20.809585316833925,6,2,-6.52639929077091,-1.467200043977178,5.059199246793732,0.9482033392886386,6.75526654922747,3.9503328066227796,0,8,0,0,406.7556180571833,6.218405907118602,0,True,2.8049337426046907
MOL03415,GPCR,399.0850840650079,4.579511534760662,0,4,63.59926831372932,5,3,-5.813118792434,-1.9364059055998204,3.87671288683418,1.883633904914864,10.302679388756507,13.43981935460821,2,11,0,2,425.929413204248,8.738082809459929,0,True,-3.137139965851702
MOL03416,kinase,155.64691601762908,1.3951492910940617,1,7,137.5152332504756,5,3,-7.122134741882899,-3.6240795133781027,3.4980552285047963,5.076481715943657,9.985570483886939,10.534720855018628,1,2,3,2,286.7815174908776,5.402514323387071,0,True,-0.5491503711316899
MOL03417,kinase,430.25596325267287,6.802277031648336,1,6,52.98861920695397,1,2,-5.435875035800095,-2.025889781040629,3.409985254759466,1.9565064738034867,14.298304943169379,14.901472042229067,0,4,1,0,341.7738003589956,5.659468339784884,1,False,-0.6031670990596876
MOL03418,GPCR,463.62865818758274,3.5440559687374,2,7,91.00125582523867,3,3,-5.831006524645811,-1.693626995425173,4.137379529220638,3.757395495116763,13.018832662221348,16.775130093998346,1,4,2,2,341.8189505829947,8.300693920287747,0,True,-3.756297431776998
MOL03419,kinase,370.77591794921426,1.0324177456958648,0,7,95.8438935821789,1,4,-6.4873983232347365,-3.0006489934222675,3.486749329812469,4.932408192964757,12.64035490670301,13.847098193689536,0,4,5,0,440.9522826318833,8.359245842871832,0,True,-1.2067432869865264
MOL03420,epigenetic,236.72740443691572,1.9069336003784403,1,5,68.18265731377265,5,4,-6.359569450175551,-2.440448797645526,3.9191206525300246,2.496962624097095,9.381278598370955,9.847698435805428,1,7,4,1,578.0384138994004,7.1269154851716126,0,True,-0.4664198374344739
MOL03421,GPCR,315.67461506882285,4.070986800826467,1,5,49.432091159241835,7,1,-5.968051093145411,-1.6631651966024563,4.304885896542955,1.9677478515799258,10.903241798844519,12.463129877165429,0,7,2,2,392.38684814580927,6.354195824445945,0,True,-1.5598880783209097
MOL03422,ion_channel,203.32882103490607,2.449746535158561,1,3,31.018152052412347,4,3,-5.920076408713199,-1.1730625328568092,4.74701387585639,2.277107777780517,7.151852565613205,7.92157098238798,1,5,1,1,289.8664580840531,6.778310441078455,0,True,-0.7697184167747748
MOL03423,other,261.3112576867626,2.5821058407841373,0,1,36.2771962278158,8,4,-6.067004325748405,-2.1434402870531697,3.9235640386952353,2.013685799654318,10.443826462052037,10.080541407835986,0,7,1,0,295.0610937832819,6.710199179909612,0,True,0.3632850542160515
MOL03424,protease,465.40928299214244,2.2820778103496395,2,2,55.56928925810573,8,1,-5.894106765816336,-2.8453600755723123,3.048746690244024,1.7490574631587121,12.30268982229056,15.84200676386134,2,6,0,1,431.07756941873265,4.704504482815768,0,True,-3.53931694157078
MOL03425,kinase,251.28505347951125,1.311531628269196,0,7,86.77272316529167,4,2,-6.417087541105674,-2.4627115779769517,3.954375963128722,2.456735970090367,8.580675708556518,7.44248912503671,3,1,0,2,450.71067413445587,4.389766466343586,0,True,1.1381865835198077
MOL03426,GPCR,283.37174086069507,4.616181931229882,5,9,137.63439898995472,9,3,-6.406036342304251,-2.424733015969231,3.98130332633502,5.425586159105108,18.269426721038094,22.033115766172912,3,3,1,1,449.2282134492193,8.301332491140041,0,True,-3.763689045134818
MOL03427,other,380.1093642933985,1.7078103252180026,1,4,32.20166858510949,3,3,-6.831321115279835,-1.861878337874583,4.969442777405252,1.1895360258318868,10.201463623454758,12.086017344390362,3,4,2,1,339.4781463597449,6.714040826245918,0,True,-1.8845537209356031
MOL03428,PPI,406.22651608227005,2.458405058331018,3,2,47.621504064851706,4,2,-5.796668390717387,-2.4506356387851413,3.3460327519322455,3.887910772516423,11.71247137541383,13.250969028173882,4,4,2,2,519.4427305940047,5.940450796191828,0,True,-1.5384976527600518
MOL03429,protease,514.2098810043879,2.523592082370313,1,9,116.84626144645927,3,3,-6.840878350167736,-2.630140425647869,4.210737924519867,5.731292525081155,16.3000524850615,14.787545475553957,2,2,3,2,431.0132583440911,8.44574477249644,1,False,1.5125070095075426
MOL03430,kinase,222.45396692831392,2.806419701129363,1,14,168.72710203639113,4,4,-6.264116012842135,-3.3882252680469955,2.8758907447951394,5.1167870316190704,13.136408169103657,15.281028806689154,3,11,2,2,559.2333092516037,7.137775208411892,1,False,-2.144620637585497
MOL03431,kinase,458.21084711509195,1.0482323751407305,2,4,100.43290661286015,2,2,-6.261123637260458,-1.63296882087906,4.628154816381398,4.576013344823811,12.755363780200199,16.96737449632267,1,1,1,1,272.1602646028817,6.774401650251939,0,True,-4.212010716122471
MOL03432,kinase,378.6390222171681,3.594816117439632,1,3,42.38309434822256,8,6,-5.8827322511518565,-2.431926084805351,3.4508061663465055,0.28502005987029366,12.773021523204838,15.860232750579181,1,5,3,1,498.3620469453963,6.65843660170202,0,True,-3.0872112273743433
MOL03433,kinase,319.6889862539301,2.3006751998346733,2,6,61.81555050850471,5,3,-6.316655627488646,-1.8372499300340932,4.479405697454553,4.229235306668781,12.270447373723602,14.207826559549234,1,6,1,1,402.7675712786032,6.969862828786941,0,True,-1.9373791858256322
MOL03434,protease,250.4276623105798,3.803222242171353,0,7,63.87899299335002,6,1,-7.210838062890435,-1.372600661181253,5.838237401709182,2.202608968588351,8.333808036073828,9.70766370021517,1,8,1,1,420.8649407147073,5.503313603566922,0,True,-1.3738556641413417
MOL03435,epigenetic,362.9912208965831,-0.18053727377448459,0,9,105.1862356764376,5,4,-7.256860634117737,-2.8939756711496116,4.362884962968125,4.763594356403393,12.825386863546957,11.209537803904633,0,3,2,1,408.7483618690709,7.626476398983799,0,True,1.6158490596423238
MOL03436,nuclear_receptor,481.302531339881,2.32087214393531,2,3,45.416920639579956,12,2,-5.9720616806837805,-1.791068464895468,4.1809932157883125,2.4101435285858335,14.104006457267891,16.739200177802736,0,4,2,1,375.8458923376775,6.288890846027665,0,True,-2.6351937205348452
MOL03437,kinase,406.74406408946993,2.44474790129016,3,2,75.79308857069961,7,1,-6.654896211085813,-1.525688994341174,5.129207216744639,2.728633434898584,12.01650059587704,10.288192107459794,2,7,0,1,438.03617635936195,4.244445313272109,0,True,1.7283084884172464
MOL03438,kinase,221.66903001950516,0.6243051814819247,0,6,78.58145603137565,4,1,-7.085156885711194,-2.1018218186757,4.983335067035494,4.178389214508947,9.254825015890388,10.49308953792508,2,4,1,0,447.7356719539614,5.847030287612357,0,True,-1.238264522034692
MOL03439,protease,363.09843419545643,1.3049754144177734,0,7,89.60450069976098,5,3,-6.119089182867793,-2.789076457908023,3.3300127249597695,3.164688556635904,10.754211838682618,13.957684580322734,0,2,2,0,400.35328028143016,6.134159661539793,0,True,-3.203472741640116
MOL03440,epigenetic,390.0429839772919,3.796298904419901,0,3,53.04704867026464,3,4,-5.934786867390126,-1.4514057578880208,4.483381109502105,0.8550129719931487,9.946018087571437,13.275230682435652,0,8,3,1,510.01747565140363,7.8614572599556976,0,True,-3.329212594864215
MOL03441,kinase,267.73950289217817,1.564994401612627,1,6,90.48338760888784,11,0,-6.857692507737531,-1.6309784497850202,5.2267140579525115,2.4890092967753352,9.934070271004847,9.392435485040473,0,1,1,0,353.32087503135,6.3794899346608664,0,True,0.5416347859643746
MOL03442,GPCR,247.0805178536496,4.937626599939793,1,5,46.10036830994679,7,0,-5.739041798937111,-1.8934473452051201,3.8455944537319913,2.5811302047176774,9.004738818994944,8.345982122922955,1,4,0,1,382.47928279834275,6.8287775865572025,0,True,0.6587566960719897
MOL03443,protease,447.7125088816148,2.2108629416939176,0,4,53.96239355370755,5,1,-6.214649891967504,-1.491570061619075,4.7230798303484285,3.3412728449872513,10.513349833868773,14.122163890780019,1,8,1,0,479.336933124853,6.120858738495068,0,True,-3.608814056911246
MOL03444,kinase,374.13314655538267,2.3326488940517365,1,7,89.15136418570191,7,0,-6.782858870524059,-2.106208827094892,4.6766500434291665,3.937981323143694,11.888037980069619,13.83022865792329,3,3,0,1,509.4818531164943,6.8566480736850055,0,True,-1.9421906778536702
MOL03445,kinase,191.6318768324006,5.887613558983267,1,9,112.71330216955461,8,1,-5.821786716953808,-1.2030744839529657,4.618712233000842,2.5544330074837696,10.529022101181116,11.174957479893028,1,10,2,1,552.5564311418117,8.744775552903874,1,False,-0.6459353787119113
MOL03446,kinase,408.9256690861081,2.3272258840681794,4,1,43.97616152597162,5,3,-5.98280963401835,-1.8070645473457578,4.175745086672593,2.983770335237486,10.65083977068564,13.938679250137454,2,7,3,1,565.9143400800916,9.62484128911546,0,True,-3.287839479451815
MOL03447,GPCR,452.92990166006683,3.7591673908833663,3,9,104.32398062280637,10,1,-6.918198228000319,-1.9856141329943355,4.932584095005984,4.585773120891853,16.335516324274277,18.63272929254495,4,7,1,2,463.1593503977899,6.155297134615898,0,True,-2.2972129682706743
MOL03448,protease,186.62598910392435,-0.43359812025238975,2,4,85.87233743027795,2,0,-6.443469800180412,-2.27971496154026,4.163754838640152,3.806067612750355,7.693119571961743,7.489145532256143,2,3,0,2,288.9968545745504,7.636523818790213,0,True,0.20397403970560024
MOL03449,epigenetic,275.1259166691519,1.5084790129765377,1,8,88.36985813233343,3,2,-6.359868393301016,-2.619042048120987,3.740826345180029,3.9603266667831196,10.287105989237627,11.776585371835148,1,3,3,0,447.82261539660203,6.256294162845477,0,True,-1.489479382597521
MOL03450,nuclear_receptor,194.76414358617626,3.1061171697291314,2,9,125.41073812594774,7,1,-6.349706151158383,-2.3179312098159155,4.0317749413424675,4.663360170801453,11.88250699060544,15.70335134117316,2,8,0,1,414.6934136889859,7.517312633299174,0,True,-3.82084435056772
MOL03451,protease,224.1638883358713,5.236671623486039,2,5,82.8831058260533,3,2,-5.9035173238973755,-2.379588767482029,3.5239285564153464,1.340234979448168,8.991363330610852,8.97467534914307,1,9,1,1,393.3807692562602,6.452164293651948,1,False,0.01668798146778272
MOL03452,GPCR,214.5520241450462,1.4775094912437605,1,5,91.68196991151135,3,1,-5.964270237635764,-2.36760918012612,3.5966610575096443,3.0245663310481263,7.584775815298046,9.271470787607392,0,3,2,0,238.11023241529045,6.224423463508584,0,True,-1.686694972309346
MOL03453,GPCR,329.2711607414616,1.1544230745994692,3,5,74.36406410798355,5,3,-6.066669192458283,-2.0129601086285667,4.053709083829716,3.3917589223935196,12.090177348541529,13.489937188070765,2,4,3,0,541.6445227915381,7.5847037658369585,0,True,-1.3997598395292368
MOL03454,protease,348.5796514055396,3.857109566969453,2,6,97.03860565449143,5,3,-6.947633259790588,-1.6696230496913294,5.278010210099259,3.395240260260874,12.115047522115656,12.79955241882392,2,8,1,2,356.0229371440213,7.458223119816353,0,True,-0.6845048967082636
MOL03455,GPCR,400.2520255684516,2.7695983900326486,3,7,94.02056578136161,5,0,-5.483148109289415,-1.581050930598821,3.902097178690594,4.133070606428966,12.43425605193868,15.538481545355975,3,2,1,2,325.7438631225249,8.215860832806687,0,True,-3.104225493417294
MOL03456,kinase,364.7866528008962,3.1750447455719373,0,6,61.075606248830375,4,2,-5.818499040980473,-2.208485724844758,3.6100133161357153,1.0613613912661184,9.137965286712264,10.366094138551889,1,5,1,0,287.93289756019124,5.165322383861957,0,True,-1.2281288518396245
MOL03457,kinase,394.13387572612123,3.171515186264406,0,6,61.194895899510314,10,2,-5.896466849296078,-2.2797686439779783,3.6166982053181,2.4687369539286026,12.026568581313345,12.901510407950415,1,10,2,1,508.89714472169766,8.333330262812833,0,True,-0.8749418266370697
MOL03458,other,383.27722314488955,3.0374277666177734,2,8,104.8723685793419,4,1,-6.295107206596182,-2.372260300460471,3.9228469061357107,3.7668830083043985,12.394949714229025,12.619629039643588,1,5,2,1,521.6955621177894,5.9071831088166045,0,True,-0.22467932541456292
MOL03459,epigenetic,450.3794076483633,2.117659187091604,0,3,56.1782036156081,4,2,-6.1463919258555055,-1.3521921902501313,4.794199735605375,2.6140560178685073,10.966698752190698,15.562632644056219,0,4,1,2,294.8860193895086,4.310506145805814,0,True,-4.595933891865521
MOL03460,nuclear_receptor,138.6156585267436,2.883327555331937,0,1,31.76919862759271,6,4,-5.6089012129723965,-2.706886186450114,2.9020150265222826,1.0870255914074185,7.929838406685412,12.193950576100509,1,6,0,1,420.27576830291827,7.510154327128797,0,True,-4.264112169415097
MOL03461,protease,289.7791124689765,1.124316745328105,1,7,79.69473508703412,6,1,-6.217743769872053,-1.891697425765863,4.32604634410619,3.708248419048578,10.513747704398675,15.322982049718277,1,5,1,2,269.217907350298,5.716413596137387,0,True,-4.809234345319602
MOL03462,other,490.1771659423849,5.132829962747035,1,6,76.55270694730866,9,2,-6.058927436449092,-1.955767352614562,4.1031600838345295,2.388741296660081,13.40341826512959,15.950049412712932,1,9,1,1,452.22953904704565,5.204359394219298,1,False,-2.5466311475833425
MOL03463,kinase,362.7958427174779,2.2845478576345615,0,6,46.159058115199926,3,1,-6.740682512063695,-1.496192463144524,5.244490048919171,2.290382701723787,9.139301529066197,8.367222862811603,1,4,0,1,320.18310719881157,7.071527099955766,0,True,0.7720786662545933
MOL03464,kinase,306.04708369652957,3.49348890473531,2,5,76.47159055123487,5,1,-6.23424299099516,-2.3373748007674493,3.8968681902277105,4.133024217331906,10.533219637050586,8.85422575768066,3,5,1,1,436.77972082391767,6.237170089521173,0,True,1.6789938793699264
MOL03465,kinase,392.98442403561864,-0.24431314983046581,0,4,28.838369845974658,4,4,-6.344402880217282,-2.55965527765918,3.784747602558102,1.188200809999897,10.181661655369439,12.391071235559,1,5,1,0,412.156318985703,6.818484145623171,0,True,-2.2094095801895612
MOL03466,kinase,536.6211619935112,-0.0006246392171140869,2,6,81.77798544789795,2,3,-6.441812243818452,-2.575735172922353,3.866077070896099,3.0253860169907343,12.500080798192897,14.573666806932476,1,0,2,2,390.4604252084613,7.784689369891957,1,False,-2.0735860087395785
MOL03467,ion_channel,324.3387920485229,1.66313349964592,1,5,63.05151009527184,9,0,-6.5403612130680955,-2.08483668089968,4.455524532168416,3.197000951068839,10.782569307162852,11.283544095648432,4,6,1,0,375.1678097861946,6.815719085292382,0,True,-0.5009747884855802
MOL03468,ion_channel,375.49762315892764,3.0387199529339224,0,4,75.2466341177411,4,0,-5.866944884429838,-1.70931856496377,4.157626319466068,2.6269247328624004,8.684231918805901,11.50548003143607,0,2,0,1,273.1448975451398,7.152897864900213,0,True,-2.821248112630169
MOL03469,nuclear_receptor,294.55154661685606,2.240858224907752,1,10,86.53580860739623,6,1,-6.659946018665037,-2.410821380798696,4.249124637866341,3.2546996954098657,10.278134903293648,11.463875004930209,2,14,0,1,464.3961048783498,7.329265742276557,0,True,-1.1857401016365614
MOL03470,ion_channel,344.1533667916038,2.2616163214766236,0,6,47.31560602412779,6,5,-6.52177400043563,-2.0974636982558303,4.4243103021798,3.2523978893863523,11.507659777753906,15.491787047823589,1,8,3,2,466.8626729658773,7.615344800898926,0,True,-3.984127270069683
MOL03471,GPCR,279.96580771069637,2.3077131296061544,1,3,8.144765215274347,2,2,-6.0305770903566875,-0.806470872973923,5.224106217382765,0.9426357950627592,7.462699145739063,10.510357745408925,2,6,3,1,447.80371200215916,9.543069161285842,0,True,-3.0476585996698615
MOL03472,kinase,473.28926516492857,2.6223009660732313,1,5,64.18925951025378,10,4,-6.67913620934745,-2.5070535026209004,4.17208270672655,2.613115475477767,13.480161964027396,13.10903917935924,0,9,3,1,550.8351541316282,7.9204880358609016,0,True,0.37112278466815596
MOL03473,nuclear_receptor,408.50774379092866,1.9937658176665203,1,6,86.26723877446405,9,0,-5.5785698363189695,-2.5417284581508226,3.036841378168147,2.1919121413809686,12.68068207299583,11.52420158146966,4,4,0,2,377.81511945111924,7.1705494275522765,0,True,1.156480491526171
MOL03474,other,162.46230074413552,4.514359949692157,0,6,66.22861344208292,4,1,-6.975294888580478,-2.2062502896325613,4.769044598947917,2.222731094511496,6.242031978634296,5.484411580156029,2,5,0,2,328.9531780417671,5.219686080135845,0,True,0.7576203984782675
MOL03475,GPCR,327.5808116758715,3.485796935224536,1,7,104.17348179493536,4,3,-6.0458889746371485,-2.5866084568921295,3.459280517745019,3.3943400924588443,10.2571550859682,11.37729925016749,1,2,1,1,236.00611282618917,6.303783849400412,0,True,-1.1201441641992886
MOL03476,GPCR,269.7695878118678,2.74877571788937,1,4,61.36271169462219,6,2,-6.263113676941256,-2.21058892314381,4.052524753797446,2.4628919788882606,9.59040501821769,11.586258974644139,1,6,1,2,377.8454032256893,7.316948496149538,0,True,-1.9958539564264495
MOL03477,nuclear_receptor,607.0035637862811,2.107789285474961,2,3,65.87730411311055,7,3,-6.127874912662178,-2.350622096546094,3.777252816116084,2.9854712277514572,15.340348989772156,18.65271728610967,0,6,1,2,458.05916015651013,7.931166160690836,1,False,-3.312368296337514
MOL03478,protease,281.41689374481274,1.5687783324244287,3,4,87.9151898213359,1,2,-5.998153414397975,-2.2575924738070596,3.7405609405909153,2.2554683786185543,9.643060223790311,12.328907677884406,3,4,0,1,467.2674141134506,7.690702031330617,0,True,-2.6858474540940946
MOL03479,other,392.96339194916607,4.608590498372338,3,5,113.21737723969224,6,2,-6.275096277402193,-2.5942713766174372,3.680824900784756,3.8123187019069844,13.164381980109095,15.836280326717828,1,7,1,1,451.5409425054281,7.416691311055824,0,True,-2.6718983466087334
MOL03480,kinase,204.80139201307793,2.8388307379236175,3,6,82.63912105767609,2,3,-5.736961552566007,-2.6130042475965887,3.1239573049694185,4.091303742004959,11.636309564623874,10.903638702346367,3,11,3,1,564.6056932674388,8.289632494598365,0,True,0.7326708622775069
MOL03481,nuclear_receptor,323.2545947570397,2.9487873004932754,0,4,67.58523538221934,6,1,-6.133267363171618,-2.1291260139580364,4.004141349213581,3.5862769011338935,10.58383123546852,12.025414626977327,2,3,1,2,311.6525399354902,7.273067177396224,0,True,-1.4415833915088072
MOL03482,PPI,543.357033636872,2.7251078598785137,1,9,136.79030784970925,3,0,-6.3133120979666515,-2.9241955680341296,3.389116529932522,5.275894095642906,14.721336581087762,16.501775573421682,1,3,0,1,223.52573796198666,3.481924147546199,1,False,-1.7804389923339201
MOL03483,protease,246.98335316943633,0.34812148067154247,3,4,69.76304575453312,2,1,-6.155544440937914,-2.694495209190973,3.461049231746941,2.551493449815987,8.26071414451379,9.353238685276935,1,7,3,1,377.76852414186254,5.653109491306527,0,True,-1.0925245407631454
MOL03484,protease,315.6471082864655,2.6143000614189877,3,2,49.24793896277935,0,1,-6.351267211371169,-1.2206930145525683,5.1305741968186,1.1992684354131269,7.738451201817367,8.670478600834217,2,6,0,0,419.3910373121514,6.893283564270122,0,True,-0.9320273990168504
MOL03485,nuclear_receptor,314.30422899688296,3.074852133882969,0,5,69.64746252640464,5,2,-6.86626415525221,-2.0756306400480096,4.790633515204201,3.556080083179804,9.688691021669943,10.904186112239188,1,5,1,1,416.1124223421186,7.563951660291594,0,True,-1.2154950905692452
MOL03486,kinase,498.8210771148963,0.7903267360719544,2,2,45.721611668695786,6,1,-6.7120134328764065,-1.1757650967583644,5.536248336118042,1.6052046396608457,12.21956309911798,15.805977051565895,2,5,0,2,382.2594021078852,6.518866349655685,0,True,-3.5864139524479146
MOL03487,protease,174.3126884951319,2.170303237999402,0,6,68.14251268780546,6,0,-6.377108491406355,-2.786905980930809,3.5902025104755464,3.9981090344649917,8.438329800644876,4.382189823262706,1,5,0,0,392.7698123268809,5.696301955731142,0,True,4.05613997738217
MOL03488,protease,361.06832075179625,2.2540432175820335,3,2,64.77032162358402,6,2,-6.507470767475115,-2.554607022239739,3.9528637452353763,0.7809708489709148,9.11534349401484,11.243239456032207,3,4,1,2,367.12032519245525,4.83419072534412,0,True,-2.127895962017366
MOL03489,kinase,394.98897683091104,2.451976110555308,3,2,53.99561860497569,3,3,-5.950211458066471,-1.687589200304104,4.262622257762367,2.7089034164986363,10.441215445065323,11.5254199684186,0,2,1,2,259.65173934825975,7.877480402847839,0,True,-1.0842045233532769
MOL03490,nuclear_receptor,286.5924667613924,2.701830249163587,3,6,72.90264945524834,3,3,-6.100029983492545,-1.8604631013243853,4.23956688216816,2.5385570632249483,10.297482447759332,11.420377598326564,2,7,0,2,387.42787721165723,8.523687735273539,0,True,-1.1228951505672313
MOL03491,epigenetic,288.9832074666091,1.4361128096504852,3,7,99.79816764286461,9,3,-6.5331322099834885,-1.7988022476814052,4.734329962302083,2.872886824117007,12.471115379017114,10.840742489090267,2,2,2,1,391.19856218281416,8.107751502570622,0,True,1.6303728899268464
MOL03492,protease,349.5421774783279,4.801731339243233,2,4,37.38635651900899,6,3,-6.517647228196894,-1.388309420721319,5.129337807475575,1.2038443294976335,11.04170565167146,15.105409455877096,0,7,4,2,673.4308668343778,5.882010245683649,0,True,-4.063703804205636
MOL03493,other,339.8237554887168,2.804219526194529,2,3,53.925313353895085,5,4,-5.802137561368125,-1.8058390949219778,3.996298466446148,2.088189335576205,11.154061890665027,14.640437466745857,1,6,1,1,438.3855255822525,6.624274150520849,0,True,-3.48637557608083
MOL03494,GPCR,336.6083607539789,3.8648241553852873,0,8,87.51884361428601,7,2,-6.416904073933413,-1.4293808922539981,4.987523181679415,3.6176314326472747,10.329889587058874,14.224341662597139,2,4,3,0,496.80419298449584,7.5353974396692145,0,True,-3.894452075538265
MOL03495,protease,333.2104238758863,4.645106181597319,3,3,73.50263361569692,7,4,-5.487291106461879,-2.5910172808661978,2.8962738255956815,2.6979494043202608,13.040781331384286,17.196572913562935,0,8,2,1,440.48262086520447,8.023747754078027,0,True,-4.155791582178649
MOL03496,GPCR,453.1957110054738,-0.4036167616784869,1,1,56.19846261550674,7,3,-6.206021479860945,-2.5229520972009225,3.683069382660023,2.805934570799332,12.415847971382204,16.450634646122225,2,3,3,0,543.6993039258471,6.907392698382303,0,True,-4.034786674740021
MOL03497,nuclear_receptor,390.8523949135945,2.6485192782679547,5,7,104.36448118897408,6,2,-6.67255891209851,-2.653660586086438,4.0188983260120725,3.985913778442711,15.525211609497198,17.06944036188392,4,3,1,2,309.14312371400814,6.848614710120595,0,True,-1.5442287523867222
MOL03498,ion_channel,470.6926041070414,1.446639651603257,2,5,82.13565549373776,5,1,-6.098026584730537,-1.9627071776760872,4.13531940705445,3.676674843874075,12.129123983346952,13.327426797911986,1,4,1,1,291.90077266952517,5.1609773482751224,0,True,-1.198302814565034
MOL03499,GPCR,424.1256054486619,1.9094287150743976,0,5,63.81785375597812,5,0,-7.337104893557623,-2.3982007267130285,4.938904166844594,2.5440215180437575,10.145904527514238,10.63228131248777,0,2,0,2,382.41604714276895,5.2682979675630754,0,True,-0.48637678497353143
